command,command_key,base_command,category,description,examples,source_line,source_page,canonical_source,source_files,status,duplicate_type,duplicate_of,quality_flags,confidence
basename,basename,basename,File Management,Nazwa pliku ze ścieżki,basename /etc/hosts,3445,56,runtime/knowledge/source/linux_master_library_v1.pdf,LINUX COMMAND,duplicate_existing,canonical+command_index,basename,,high
cat,cat,cat,File Management,Wyświetla zawartość pliku 56,cat /etc/hosts | cat,3450,56,runtime/knowledge/source/linux_master_library_v1.pdf,LINUX COMMAND | RHCSA_Command_Library.pdf,duplicate_existing,canonical+command_index,cat,,high
cat -A file.txt,cat -A file.txt,cat,File Management,Sekcja Komend,cat -A file.txt,3459,57,runtime/knowledge/source/linux_master_library_v1.pdf,RHCSA_Command_Library.pdf,duplicate_existing,canonical+command_index,cat -A file.txt,weak_description,high
cat -n file,cat -n file,cat,File Management,number lines. SAFE,cat -n file,3464,57,runtime/knowledge/source/linux_master_library_v1.pdf,komendy,candidate,,,,high
cat -n file.txt,cat -n file.txt,cat,File Management,Sekcja Komend,cat -n file.txt,3469,57,runtime/knowledge/source/linux_master_library_v1.pdf,RHCSA_Command_Library.pdf,duplicate_existing,canonical+command_index,cat -n file.txt,weak_description,high
cat /etc/anacrontab,cat /etc/anacrontab,cat,File Management,Sekcja Komend,cat /etc/anacrontab,3474,57,runtime/knowledge/source/linux_master_library_v1.pdf,RHCSA_Command_Library.pdf,duplicate_existing,canonical+command_index,cat /etc/anacrontab,weak_description,high
cat /etc/bashrc,cat /etc/bashrc,cat,File Management,Sekcja Komend,cat /etc/bashrc,3479,57,runtime/knowledge/source/linux_master_library_v1.pdf,RHCSA_Command_Library.pdf,duplicate_existing,canonical+command_index,cat /etc/bashrc,weak_description,high
cat /etc/cron.allow,cat /etc/cron.allow,cat,File Management,Sekcja Komend,cat /etc/cron.allow,3484,57,runtime/knowledge/source/linux_master_library_v1.pdf,RHCSA_Command_Library.pdf,duplicate_existing,canonical+command_index,cat /etc/cron.allow,weak_description,high
cat /etc/cron.deny,cat /etc/cron.deny,cat,File Management,Sekcja Komend,cat /etc/cron.deny,3489,57,runtime/knowledge/source/linux_master_library_v1.pdf,RHCSA_Command_Library.pdf,duplicate_existing,canonical+command_index,cat /etc/cron.deny,weak_description,high
cat /etc/crontab,cat /etc/crontab,cat,File Management,system crontab. SAFE 57,cat /etc/crontab,3494,57,runtime/knowledge/source/linux_master_library_v1.pdf,RHCSA_Command_Library.pdf | komendy,duplicate_existing,canonical+command_index,cat /etc/crontab,,high
cat /etc/exports,cat /etc/exports,cat,File Management,Sekcja Komend,cat /etc/exports,3504,58,runtime/knowledge/source/linux_master_library_v1.pdf,RHCSA_Command_Library.pdf,duplicate_existing,canonical+command_index,cat /etc/exports,weak_description,high
cat /etc/fstab,cat /etc/fstab,cat,File Management,Trwae montowanie Samba w fstab systemctl restart Zrestartuj usugi Samba,cat /etc/fstab,3509,58,runtime/knowledge/source/linux_master_library_v1.pdf,RHCSA_Command_Library.pdf,duplicate_existing,canonical+command_index,cat /etc/fstab,,high
cat /etc/os-release,cat /etc/os-release,cat,File Management,canonical OS ID. SAFE,cat /etc/os-release,3514,58,runtime/knowledge/source/linux_master_library_v1.pdf,RHCSA_Command_Library.pdf | komendy,duplicate_existing,canonical+command_index,cat /etc/os-release,,high
cat /etc/profile,cat /etc/profile,cat,File Management,Sekcja Komend,cat /etc/profile,3519,58,runtime/knowledge/source/linux_master_library_v1.pdf,RHCSA_Command_Library.pdf,duplicate_existing,canonical+command_index,cat /etc/profile,weak_description,high
cat /etc/systemd/sys,cat /etc/systemd/sys,cat,File Management,Sekcja Komend,cat /etc/systemd/sys,3524,58,runtime/knowledge/source/linux_master_library_v1.pdf,RHCSA_Command_Library.pdf,duplicate_existing,canonical+command_index,cat /etc/systemd/sys,weak_description,high
cat /proc/[pid]/oom_score # wyższy = bardziej prawdopodobne zabicie,cat /proc/[pid]/oom_score # wyższy = bardziej prawdopodobne zabicie,cat,File Management,Sprawdzenie OOM score procesu,cat /proc/[pid]/oom_score # wyższy = bardziej prawdopodobne zabicie,3529,58,runtime/knowledge/source/linux_master_library_v1.pdf,linux_engineering_book.md | linux_engineering_book.pdf,candidate,,,,high
cat /proc/[pid]/oom_score_adj # -1000 do 1000 (ręczna korekta),cat /proc/[pid]/oom_score_adj # -1000 do 1000 (ręczna korekta),cat,File Management,Sprawdzenie OOM score procesu,cat /proc/[pid]/oom_score_adj # -1000 do 1000 (ręczna korekta),3534,58,runtime/knowledge/source/linux_master_library_v1.pdf,linux_engineering_book.md | linux_engineering_book.pdf,candidate,,,,high
cat /proc/cmdline,cat /proc/cmdline,cat,File Management,Sekcja Komend 58,cat /proc/cmdline,3539,58,runtime/knowledge/source/linux_master_library_v1.pdf,RHCSA_Command_Library.pdf,duplicate_existing,canonical+command_index,cat /proc/cmdline,,high
cat /proc/cpuinfo,cat /proc/cpuinfo,cat,File Management,Sekcja Komend,cat /proc/cpuinfo,3549,59,runtime/knowledge/source/linux_master_library_v1.pdf,RHCSA_Command_Library.pdf,duplicate_existing,canonical+command_index,cat /proc/cpuinfo,weak_description,high
cat /proc/mdstat,cat /proc/mdstat,cat,File Management,Komentarz Komentarz w skrypcie function myfunc() { Definicja funkcji,cat /proc/mdstat,3554,59,runtime/knowledge/source/linux_master_library_v1.pdf,RHCSA_Command_Library.pdf,duplicate_existing,canonical+command_index,cat /proc/mdstat,,high
cat /proc/mdstat #,cat /proc/mdstat #,cat,File Management,18.1 RAID (mdadm),cat /proc/mdstat #,3559,59,runtime/knowledge/source/linux_master_library_v1.pdf,linux_engineering_book.md | linux_engineering_book.pdf,candidate,,,,high
cat /proc/meminfo,cat /proc/meminfo,cat,File Management,Informacje o pamięci,cat /proc/meminfo,3564,59,runtime/knowledge/source/linux_master_library_v1.pdf,RHCSA_Command_Library.pdf | linux_engineering_book.md | linux_engineering_book.pdf,duplicate_existing,canonical+command_index,cat /proc/meminfo,,high
cat /proc/meminfo | grep,cat /proc/meminfo | grep,cat,File Management,5.2 Strony Pamięci,cat /proc/meminfo | grep,3569,59,runtime/knowledge/source/linux_master_library_v1.pdf,linux_engineering_book.md,candidate,,,,high
cat /proc/mounts,cat /proc/mounts,cat,File Management,Sekcja Komend,cat /proc/mounts,3574,59,runtime/knowledge/source/linux_master_library_v1.pdf,RHCSA_Command_Library.pdf,duplicate_existing,canonical+command_index,cat /proc/mounts,weak_description,high
cat /proc/net/tcp,cat /proc/net/tcp,cat,File Management,Command — klawisz : Tryb komend # Szukaj sowa pod kursorem (do tyu),cat /proc/net/tcp,3579,59,runtime/knowledge/source/linux_master_library_v1.pdf,RHCSA_Command_Library.pdf,duplicate_existing,canonical+command_index,cat /proc/net/tcp,,high
cat /proc/net/udp,cat /proc/net/udp,cat,File Management,Command — klawisz : Tryb komend # Szukaj sowa pod kursorem (do tyu) 59,cat /proc/net/udp,3584,59,runtime/knowledge/source/linux_master_library_v1.pdf,RHCSA_Command_Library.pdf,duplicate_existing,canonical+command_index,cat /proc/net/udp,,high
cat /proc/sys/kernel,cat /proc/sys/kernel,cat,File Management,Sekcja Komend,cat /proc/sys/kernel,3594,60,runtime/knowledge/source/linux_master_library_v1.pdf,RHCSA_Command_Library.pdf,duplicate_existing,canonical+command_index,cat /proc/sys/kernel,weak_description,high
cat /proc/version,cat /proc/version,cat,File Management,Sekcja Komend,cat /proc/version,3599,60,runtime/knowledge/source/linux_master_library_v1.pdf,RHCSA_Command_Library.pdf,duplicate_existing,canonical+command_index,cat /proc/version,weak_description,high
cat /sys/block/sda/queue/scheduler,cat /sys/block/sda/queue/scheduler,cat,File Management,14.4 Tuning Systemowy,cat /sys/block/sda/queue/scheduler,3604,60,runtime/knowledge/source/linux_master_library_v1.pdf,linux_engineering_book.md | linux_engineering_book.pdf,candidate,,,,high
cat /sys/devices/system/cpu/cpu0/cpufreq/scaling_governor,cat /sys/devices/system/cpu/cpu0/cpufreq/scaling_governor,cat,File Management,14.4 Tuning Systemowy,cat /sys/devices/system/cpu/cpu0/cpufreq/scaling_governor,3609,60,runtime/knowledge/source/linux_master_library_v1.pdf,linux_engineering_book.md | linux_engineering_book.pdf,candidate,,,,high
cat /sys/fs/cgroup/m,cat /sys/fs/cgroup/m,cat,File Management,Komentarz Komentarz w skrypcie function myfunc() { Definicja funkcji,cat /sys/fs/cgroup/m,3614,60,runtime/knowledge/source/linux_master_library_v1.pdf,RHCSA_Command_Library.pdf,duplicate_existing,canonical+command_index,cat /sys/fs/cgroup/m,,high
cat /sys/fs/cgroup/mygroup/memory.pressure,cat /sys/fs/cgroup/mygroup/memory.pressure,cat,File Management,25.2 Cgroups v2 — Zaawansowane,cat /sys/fs/cgroup/mygroup/memory.pressure,3619,60,runtime/knowledge/source/linux_master_library_v1.pdf,linux_engineering_book.md | linux_engineering_book.pdf,candidate,,,,high
cat /sys/kernel/mm/transparent_hugepage/enabled,cat /sys/kernel/mm/transparent_hugepage/enabled,cat,File Management,Transparent Huge Pages,cat /sys/kernel/mm/transparent_hugepage/enabled,3624,60,runtime/knowledge/source/linux_master_library_v1.pdf,linux_engineering_book.md | linux_engineering_book.pdf,candidate,,,,high
cat /var/log/audit/a,cat /var/log/audit/a,cat,File Management,Sekcja Komend 60,cat /var/log/audit/a,3629,60,runtime/knowledge/source/linux_master_library_v1.pdf,RHCSA_Command_Library.pdf,duplicate_existing,canonical+command_index,cat /var/log/audit/a,,high
cat /var/log/cron,cat /var/log/cron,cat,File Management,Sekcja Komend,cat /var/log/cron,3639,61,runtime/knowledge/source/linux_master_library_v1.pdf,RHCSA_Command_Library.pdf,duplicate_existing,canonical+command_index,cat /var/log/cron,weak_description,high
cat /var/log/maillog,cat /var/log/maillog,cat,File Management,Sekcja Komend,cat /var/log/maillog,3644,61,runtime/knowledge/source/linux_master_library_v1.pdf,RHCSA_Command_Library.pdf,duplicate_existing,canonical+command_index,cat /var/log/maillog,weak_description,high
cat /var/log/secure,cat /var/log/secure,cat,File Management,Sekcja Komend,cat /var/log/secure,3649,61,runtime/knowledge/source/linux_master_library_v1.pdf,RHCSA_Command_Library.pdf,duplicate_existing,canonical+command_index,cat /var/log/secure,weak_description,high
cat /var/spool/cron/,cat /var/spool/cron/,cat,File Management,Sekcja Komend,cat /var/spool/cron/,3654,61,runtime/knowledge/source/linux_master_library_v1.pdf,RHCSA_Command_Library.pdf,duplicate_existing,canonical+command_index,cat /var/spool/cron/,weak_description,high
cat <<EOF > config.txt,cat <<EOF > config.txt,cat,File Management,10.5 Zaawansowany Bash,cat <<EOF > config.txt,3659,61,runtime/knowledge/source/linux_master_library_v1.pdf,linux_engineering_book.md | linux_engineering_book.pdf,candidate,,,,high
cat file.txt,cat file.txt,cat,File Management,Sekcja Komend,cat file.txt,3664,61,runtime/knowledge/source/linux_master_library_v1.pdf,RHCSA_Command_Library.pdf,duplicate_existing,canonical+command_index,cat file.txt,weak_description,high
cat file1 file2,cat file1 file2,cat,File Management,Sekcja Komend,cat file1 file2,3669,61,runtime/knowledge/source/linux_master_library_v1.pdf,RHCSA_Command_Library.pdf,duplicate_existing,canonical+command_index,cat file1 file2,weak_description,high
cat trace,cat trace,cat,File Management,15.2 Diagnostyka Jądra 61,cat trace,3674,61,runtime/knowledge/source/linux_master_library_v1.pdf,linux_engineering_book.md | linux_engineering_book.pdf,candidate,,,,high
cat urls.txt,cat urls.txt,cat,File Management,parallel -j 10 wget,cat urls.txt,3684,62,runtime/knowledge/source/linux_master_library_v1.pdf,linux_engineering_book.pdf,candidate,,,,high
cat urls.txt | parallel -j 10 wget,cat urls.txt | parallel -j 10 wget,cat,File Management,28.1 Bash — Zaawansowane Techniki,cat urls.txt | parallel -j 10 wget,3689,62,runtime/knowledge/source/linux_master_library_v1.pdf,linux_engineering_book.md,candidate,,,,high
cat ~/.bash_logout,cat ~/.bash_logout,cat,File Management,Sekcja Komend,cat ~/.bash_logout,3694,62,runtime/knowledge/source/linux_master_library_v1.pdf,RHCSA_Command_Library.pdf,duplicate_existing,canonical+command_index,cat ~/.bash_logout,weak_description,high
cat ~/.bash_profile,cat ~/.bash_profile,cat,File Management,Sekcja Komend,cat ~/.bash_profile,3699,62,runtime/knowledge/source/linux_master_library_v1.pdf,RHCSA_Command_Library.pdf,duplicate_existing,canonical+command_index,cat ~/.bash_profile,weak_description,high
cat ~/.bashrc,cat ~/.bashrc,cat,File Management,Sekcja Komend,cat ~/.bashrc,3704,62,runtime/knowledge/source/linux_master_library_v1.pdf,RHCSA_Command_Library.pdf,duplicate_existing,canonical+command_index,cat ~/.bashrc,weak_description,high
cd,cd,cd,File Management,safer than in automation.,cd /var/www | cd,3709,62,runtime/knowledge/source/linux_master_library_v1.pdf,LINUX COMMAND | komendy,duplicate_existing,command_index,cd,,high
"cd $(dirname ""$0"")","cd $(dirname ""$0"")",cd,File Management,without symlink check.,"cd $(dirname ""$0"")",3715,62,runtime/knowledge/source/linux_master_library_v1.pdf,komendy,candidate,,,,high
"cd $(dirname ""$0"") without symlink'","cd $(dirname ""$0"") without symlink'",cd,File Management,Dangerous Mistakes 62,"cd $(dirname ""$0"")` without symlink",3720,62,runtime/knowledge/source/linux_master_library_v1.pdf,komendy,unresolved,,,likely_contamination_or_comment,low
cd -,cd -,cd,File Management,previous directory. SAFE,cd -,3730,63,runtime/knowledge/source/linux_master_library_v1.pdf,RHCSA_Command_Library.pdf | komendy,duplicate_existing,canonical+command_index,cd -,,high
cd ../..,cd ../..,cd,File Management,Sekcja Komend,cd ../..,3735,63,runtime/knowledge/source/linux_master_library_v1.pdf,RHCSA_Command_Library.pdf,candidate,,,weak_description,medium
cd /,cd /,cd,File Management,Sekcja Komend,cd /,3740,63,runtime/knowledge/source/linux_master_library_v1.pdf,RHCSA_Command_Library.pdf,duplicate_existing,canonical+command_index,cd /,weak_description,high
cd /path/to/dir,cd /path/to/dir,cd,File Management,Sekcja Komend,cd /path/to/dir,3745,63,runtime/knowledge/source/linux_master_library_v1.pdf,RHCSA_Command_Library.pdf,duplicate_existing,canonical+command_index,cd /path/to/dir,weak_description,high
cd /sys/kernel/debug/tracing,cd /sys/kernel/debug/tracing,cd,File Management,15.2 Diagnostyka Jądra,cd /sys/kernel/debug/tracing,3750,63,runtime/knowledge/source/linux_master_library_v1.pdf,linux_engineering_book.md | linux_engineering_book.pdf,candidate,,,,high
cd linux-6.8,cd linux-6.8,cd,File Management,16.1 Pobieranie i Konfiguracja,cd linux-6.8,3755,63,runtime/knowledge/source/linux_master_library_v1.pdf,linux_engineering_book.md | linux_engineering_book.pdf,candidate,,,,high
cd ~,cd ~,cd,File Management,Sekcja Komend,cd ~,3760,63,runtime/knowledge/source/linux_master_library_v1.pdf,RHCSA_Command_Library.pdf,duplicate_existing,canonical+command_index,cd ~,weak_description,high
cksum,cksum,cksum,File Management,Suma kontrolna CRC 63,cksum file.txt,3765,63,runtime/knowledge/source/linux_master_library_v1.pdf,LINUX COMMAND,candidate,,,,high
cmp,cmp,cmp,File Management,Porównuje bajt po bajcie,cmp file1 file2,3775,64,runtime/knowledge/source/linux_master_library_v1.pdf,LINUX COMMAND,candidate,,,,high
cmp file1 file2,cmp file1 file2,cmp,File Management,byte comparison. SAFE,cmp file1 file2,3780,64,runtime/knowledge/source/linux_master_library_v1.pdf,komendy,candidate,,,,high
cp,cp,cp,File Management,Kopiuje plik,cp file1 file2,3785,64,runtime/knowledge/source/linux_master_library_v1.pdf,LINUX COMMAND,duplicate_existing,command_index,cp,,high
cp --backup src dst,cp --backup src dst,cp,File Management,Sekcja Komend,cp --backup src dst,3790,64,runtime/knowledge/source/linux_master_library_v1.pdf,RHCSA_Command_Library.pdf,duplicate_existing,canonical+command_index,cp --backup src dst,weak_description,high
cp --backup=numbered,cp --backup=numbered,cp,File Management,for critical overwrites.,cp --backup=numbered,3795,64,runtime/knowledge/source/linux_master_library_v1.pdf,komendy,candidate,,,,high
cp --backup=numbered for critical overwrites.',cp --backup=numbered for critical overwrites.',cp,File Management,Production-Safe Patterns,cp --backup=numbered` for critical overwrites.,3800,64,runtime/knowledge/source/linux_master_library_v1.pdf,komendy,candidate,,,,high
cp -a,cp -a,cp,File Management,Archiwizuje (rekurencyjnie + atrybuty),cp -a /home /backup,3805,64,runtime/knowledge/source/linux_master_library_v1.pdf,LINUX COMMAND,candidate,,,,high
cp -a / /mnt/backup,cp -a / /mnt/backup,cp,File Management,without exclusions. 64,cp -a / /mnt/backup,3810,64,runtime/knowledge/source/linux_master_library_v1.pdf,komendy,candidate,,,,high
cp -a / /mnt/backup without exclusions.',cp -a / /mnt/backup without exclusions.',cp,File Management,Dangerous Mistakes,cp -a / /mnt/backup` without exclusions.,3820,65,runtime/knowledge/source/linux_master_library_v1.pdf,komendy,candidate,,,weak_description,medium
cp -a src/ dest/,cp -a src/ dest/,cp,File Management,"archive mode (preserves xattrs, links). CAUTION (overwrites)",cp -a src/ dest/,3825,65,runtime/knowledge/source/linux_master_library_v1.pdf,komendy,candidate,,,,high
cp -a src/ dst/,cp -a src/ dst/,cp,File Management,Sekcja Komend,cp -a src/ dst/,3830,65,runtime/knowledge/source/linux_master_library_v1.pdf,RHCSA_Command_Library.pdf,duplicate_existing,canonical+command_index,cp -a src/ dst/,weak_description,high
cp -i src dst,cp -i src dst,cp,File Management,Sekcja Komend,cp -i src dst,3835,65,runtime/knowledge/source/linux_master_library_v1.pdf,RHCSA_Command_Library.pdf,duplicate_existing,canonical+command_index,cp -i src dst,weak_description,high
cp -p,cp -p,cp,File Management,Zachowuje atrybuty,cp -p file1 file2,3840,65,runtime/knowledge/source/linux_master_library_v1.pdf,LINUX COMMAND,candidate,,,,high
cp -p src dst,cp -p src dst,cp,File Management,Sekcja Komend,cp -p src dst,3845,65,runtime/knowledge/source/linux_master_library_v1.pdf,RHCSA_Command_Library.pdf,duplicate_existing,canonical+command_index,cp -p src dst,weak_description,high
cp -r,cp -r,cp,File Management,Kopiuje katalog rekurencyjnie,cp -r /etc /backup,3850,65,runtime/knowledge/source/linux_master_library_v1.pdf,LINUX COMMAND,candidate,,,,high
cp -r src/ dst/,cp -r src/ dst/,cp,File Management,Sekcja Komend 65,cp -r src/ dst/,3855,65,runtime/knowledge/source/linux_master_library_v1.pdf,RHCSA_Command_Library.pdf,duplicate_existing,canonical+command_index,cp -r src/ dst/,,high
cp -u src dst,cp -u src dst,cp,File Management,Sekcja Komend,cp -u src dst,3865,66,runtime/knowledge/source/linux_master_library_v1.pdf,RHCSA_Command_Library.pdf,duplicate_existing,canonical+command_index,cp -u src dst,weak_description,high
cp -v src dst,cp -v src dst,cp,File Management,Sekcja Komend,cp -v src dst,3870,66,runtime/knowledge/source/linux_master_library_v1.pdf,RHCSA_Command_Library.pdf,duplicate_existing,canonical+command_index,cp -v src dst,weak_description,high
cp /boot/config-$(uname -r) .config,cp /boot/config-$(uname -r) .config,cp,File Management,Kopiowanie aktualnej konfiguracji,cp /boot/config-$(uname -r) .config,3875,66,runtime/knowledge/source/linux_master_library_v1.pdf,linux_engineering_book.md | linux_engineering_book.pdf,candidate,,,,high
cp source dest,cp source dest,cp,File Management,Sekcja Komend,cp source dest,3880,66,runtime/knowledge/source/linux_master_library_v1.pdf,RHCSA_Command_Library.pdf,duplicate_existing,canonical+command_index,cp source dest,weak_description,high
csplit,csplit,csplit,File Management,Dzieli plik wg wzorca,csplit file '/pattern/',3885,66,runtime/knowledge/source/linux_master_library_v1.pdf,LINUX COMMAND,candidate,,,,high
df,df,df,File Management,Wolne miejsce na filesystemach,df -h,3890,66,runtime/knowledge/source/linux_master_library_v1.pdf,LINUX COMMAND,duplicate_existing,command_index,df,,high
df -h,df -h,df,File Management,disk full check. SAFE,df -h,3895,66,runtime/knowledge/source/linux_master_library_v1.pdf,RHCSA_Command_Library.pdf | komendy,candidate,,,,high
df -hT,df -hT,df,File Management,disk usage by filesystem type. SAFE 66,df -hT,3900,66,runtime/knowledge/source/linux_master_library_v1.pdf,RHCSA_Command_Library.pdf | komendy,candidate,,,,high
df -hT # zamontowane,df -hT # zamontowane,df,File Management,11.4 Zarządzanie Dyskami,df -hT # zamontowane,3910,67,runtime/knowledge/source/linux_master_library_v1.pdf,linux_engineering_book.md | linux_engineering_book.pdf,candidate,,,,high
df -i,df -i,df,File Management,Wolne inody,df -i,3915,67,runtime/knowledge/source/linux_master_library_v1.pdf,LINUX COMMAND,candidate,,,,high
diff,diff,diff,File Management,Verification step: expected vs actual state before declaring success.,diff file1 file2 | diff,3920,67,runtime/knowledge/source/linux_master_library_v1.pdf,LINUX COMMAND | komendy,duplicate_existing,command_index,diff,,high
diff -Naur,diff -Naur,diff,File Management,Generuje patch,diff -Naur old/ new/ > fix.patch,3926,67,runtime/knowledge/source/linux_master_library_v1.pdf,LINUX COMMAND,candidate,,,,high
diff -qr dir1 dir2,diff -qr dir1 dir2,diff,File Management,recursive quick diff. SAFE,diff -qr dir1 dir2,3931,67,runtime/knowledge/source/linux_master_library_v1.pdf,komendy,candidate,,,,high
diff -u,diff -u,diff,File Management,Unified diff,diff -u file1 file2,3936,67,runtime/knowledge/source/linux_master_library_v1.pdf,LINUX COMMAND,candidate,,,,high
diff -u file1 file2,diff -u file1 file2,diff,File Management,unified diff. SAFE,diff -u file1 file2,3941,67,runtime/knowledge/source/linux_master_library_v1.pdf,komendy,candidate,,,,high
diff <(ls -la dir1) <(ls -la dir2),diff <(ls -la dir1) <(ls -la dir2),diff,File Management,Dodatek A: Przydatne Jednowierszowce 67,diff <(ls -la dir1) <(ls -la dir2),3946,67,runtime/knowledge/source/linux_master_library_v1.pdf,linux_engineering_book.md | linux_engineering_book.pdf,candidate,,,,high
diff <(ls dir1) <(ls dir2),diff <(ls dir1) <(ls dir2),diff,File Management,10.5 Zaawansowany Bash,diff <(ls dir1) <(ls dir2),3956,68,runtime/knowledge/source/linux_master_library_v1.pdf,linux_engineering_book.md | linux_engineering_book.pdf,candidate,,,,high
dirname,dirname,dirname,File Management,Katalog ze ścieżki,dirname /etc/hosts,3961,68,runtime/knowledge/source/linux_master_library_v1.pdf,LINUX COMMAND,duplicate_existing,canonical+command_index,dirname,,high
dirs,dirs,dirs,File Management,Pokazuje stos katalogów,dirs -v | dirs,3966,68,runtime/knowledge/source/linux_master_library_v1.pdf,LINUX COMMAND | RHCSA_Command_Library.pdf,duplicate_existing,canonical+command_index,dirs,,high
du,du,du,File Management,Użycie dysku przez pliki/katalogi,du -sh /var/log,3972,68,runtime/knowledge/source/linux_master_library_v1.pdf,LINUX COMMAND,candidate,,,,high
du -ah,du -ah,du,File Management,Szczegółowo wszystkie pliki,du -ah /home \,3977,68,runtime/knowledge/source/linux_master_library_v1.pdf,LINUX COMMAND,candidate,,,,high
du -h --max-depth=1 /var,du -h --max-depth=1 /var,du,File Management,per-subdirectory size. SAFE,du -h --max-depth=1 /var,3982,68,runtime/knowledge/source/linux_master_library_v1.pdf,komendy,candidate,,,,high
du -sh /*,du -sh /*,du,File Management,sort -h tail -20,,3987,68,runtime/knowledge/source/linux_master_library_v1.pdf,linux_engineering_book.pdf,candidate,,,,high
du -sh /* | sort -h | tail -20,du -sh /* | sort -h | tail -20,du,File Management,Dodatek B: Komendy Ratunkowe 68,du -sh /* | sort -h | tail -20,3992,68,runtime/knowledge/source/linux_master_library_v1.pdf,linux_engineering_book.md,candidate,,,,high
du -sh /var/* # zużycie dysku,du -sh /var/* # zużycie dysku,du,File Management,11.4 Zarządzanie Dyskami,du -sh /var/* # zużycie dysku,4002,69,runtime/knowledge/source/linux_master_library_v1.pdf,linux_engineering_book.md | linux_engineering_book.pdf,candidate,,,,high
du -sh /var/log,du -sh /var/log,du,File Management,directory total size. SAFE,du -sh /var/log,4007,69,runtime/knowledge/source/linux_master_library_v1.pdf,komendy,candidate,,,,high
fallocate -l 10G disk.img,fallocate -l 10G disk.img,fallocate,File Management,fast allocation. SAFE,fallocate -l 10G disk.img,4012,69,runtime/knowledge/source/linux_master_library_v1.pdf,komendy,candidate,,,,high
fallocate -l 4G /swapfile,fallocate -l 4G /swapfile,fallocate,File Management,Tworzenie swap,fallocate -l 4G /swapfile,4017,69,runtime/knowledge/source/linux_master_library_v1.pdf,linux_engineering_book.md | linux_engineering_book.pdf,candidate,,,,high
file,file,file,File Management,Komentarz Komentarz w skrypcie function myfunc() { Definicja funkcji,file /bin/bash | file,4022,69,runtime/knowledge/source/linux_master_library_v1.pdf,LINUX COMMAND | RHCSA_Command_Library.pdf,unresolved,canonical+command_index,file,probable_pdf_merge_artifact,low
"file '/start/,/end/p'","file '/start/,/end/p'",file,File Management,Sekcja Komend,"file '/start/,/end/p'",4028,69,runtime/knowledge/source/linux_master_library_v1.pdf,RHCSA_Command_Library.pdf,unresolved,,,weak_description | probable_pdf_merge_artifact,low
file -b /bin/ls,file -b /bin/ls,file,File Management,,file type without filename. SAFE | file -b /bin/ls,4033,69,runtime/knowledge/source/linux_master_library_v1.pdf,komendy,unresolved,,,probable_pdf_merge_artifact,low
file -out file.enc,file -out file.enc,file,File Management,Komentarz Komentarz w skrypcie function myfunc() { Definicja funkcji 69,file -out file.enc,4038,69,runtime/knowledge/source/linux_master_library_v1.pdf,RHCSA_Command_Library.pdf,unresolved,,,probable_pdf_merge_artifact,low
file /etc/passwd,file /etc/passwd,file,File Management,Sekcja Komend,file /etc/passwd,4048,70,runtime/knowledge/source/linux_master_library_v1.pdf,RHCSA_Command_Library.pdf,unresolved,,,weak_description | probable_pdf_merge_artifact,low
file 2>/dev/null,file 2>/dev/null,file,File Management,Sekcja Komend,file 2>/dev/null,4053,70,runtime/knowledge/source/linux_master_library_v1.pdf,RHCSA_Command_Library.pdf,unresolved,,,weak_description | probable_pdf_merge_artifact,low
file chronyd,file chronyd,file,File Management,Komentarz Komentarz w skrypcie function myfunc() { Definicja funkcji,file chronyd,4058,70,runtime/knowledge/source/linux_master_library_v1.pdf,RHCSA_Command_Library.pdf,unresolved,,,probable_pdf_merge_artifact,low
file file,file file,file,File Management,Sekcja Komend,file file,4063,70,runtime/knowledge/source/linux_master_library_v1.pdf,RHCSA_Command_Library.pdf,unresolved,,,weak_description | probable_pdf_merge_artifact,low
file grup,file grup,file,File Management,Sekcja Komend,file grup,4068,70,runtime/knowledge/source/linux_master_library_v1.pdf,RHCSA_Command_Library.pdf,unresolved,,,weak_description | probable_pdf_merge_artifact,low
file kadej linii,file kadej linii,file,File Management,Sekcja Komend,file kadej linii,4073,70,runtime/knowledge/source/linux_master_library_v1.pdf,RHCSA_Command_Library.pdf,unresolved,,,weak_description | probable_pdf_merge_artifact,low
file regularnego,file regularnego,file,File Management,Sekcja Komend,file regularnego,4078,70,runtime/knowledge/source/linux_master_library_v1.pdf,RHCSA_Command_Library.pdf,unresolved,,,weak_description | probable_pdf_merge_artifact,low
file symboliczne u:user:rwx file,file symboliczne u:user:rwx file,file,File Management,Sekcja Komend 70,file symboliczne u:user:rwx file,4083,70,runtime/knowledge/source/linux_master_library_v1.pdf,RHCSA_Command_Library.pdf,unresolved,,,probable_pdf_merge_artifact,low
find,find,find,File Management,Wyszukiwanie plików,"find / -name ""*.conf""",4093,71,runtime/knowledge/source/linux_master_library_v1.pdf,LINUX COMMAND,duplicate_existing,command_index,find,,high
find -exec,find -exec,find,File Management,Wykonuje komendę na wynikach,"find . -name ""*.tmp"" -exec rm {} \;",4098,71,runtime/knowledge/source/linux_master_library_v1.pdf,LINUX COMMAND,candidate,,,,high
find -mtime,find -mtime,find,File Management,Modyfikacja w ciągu N dni,find /var/log -mtime +7,4103,71,runtime/knowledge/source/linux_master_library_v1.pdf,LINUX COMMAND,candidate,,,,high
find -size,find -size,find,File Management,Filtruje rozmiar,find / -size +100M,4108,71,runtime/knowledge/source/linux_master_library_v1.pdf,LINUX COMMAND,candidate,,,,high
find -type,find -type,find,File Management,Filtruje typ (f/d/l),find /tmp -type f,4113,71,runtime/knowledge/source/linux_master_library_v1.pdf,LINUX COMMAND,candidate,,,,high
find . -atime -1,find . -atime -1,find,File Management,Sekcja Komend,find . -atime -1,4118,71,runtime/knowledge/source/linux_master_library_v1.pdf,RHCSA_Command_Library.pdf,duplicate_existing,canonical+command_index,find . -atime -1,weak_description,high
find . -ctime -1,find . -ctime -1,find,File Management,Sekcja Komend,find . -ctime -1,4123,71,runtime/knowledge/source/linux_master_library_v1.pdf,RHCSA_Command_Library.pdf,duplicate_existing,canonical+command_index,find . -ctime -1,weak_description,high
find . -gid,find . -gid,find,File Management,Sekcja Komend 71,find . -gid 1000,4128,71,runtime/knowledge/source/linux_master_library_v1.pdf,RHCSA_Command_Library.pdf,duplicate_existing,canonical+command_index,find . -gid,,high
find . -group,find . -group,find,File Management,Sekcja Komend,find . -group,4138,72,runtime/knowledge/source/linux_master_library_v1.pdf,RHCSA_Command_Library.pdf,duplicate_existing,canonical+command_index,find . -group,weak_description,high
find . -iname,find . -iname,find,File Management,Sekcja Komend,find . -iname,4143,72,runtime/knowledge/source/linux_master_library_v1.pdf,RHCSA_Command_Library.pdf,duplicate_existing,canonical+command_index,find . -iname,weak_description,high
find . -mmin -60,find . -mmin -60,find,File Management,Sekcja Komend,find . -mmin -60,4148,72,runtime/knowledge/source/linux_master_library_v1.pdf,RHCSA_Command_Library.pdf,duplicate_existing,canonical+command_index,find . -mmin -60,weak_description,high
find . -mtime +30,find . -mtime +30,find,File Management,Sekcja Komend,find . -mtime +30,4153,72,runtime/knowledge/source/linux_master_library_v1.pdf,RHCSA_Command_Library.pdf,duplicate_existing,canonical+command_index,find . -mtime +30,weak_description,high
find . -mtime -7,find . -mtime -7,find,File Management,Sekcja Komend,find . -mtime -7,4158,72,runtime/knowledge/source/linux_master_library_v1.pdf,RHCSA_Command_Library.pdf,duplicate_existing,canonical+command_index,find . -mtime -7,weak_description,high
"find . -name ""*.jpg""","find . -name ""*.jpg""",find,File Management,parallel convert {} -resize 800x600 resized/{},"find . -name ""*.jpg""",4163,72,runtime/knowledge/source/linux_master_library_v1.pdf,linux_engineering_book.pdf,candidate,,,,high
"find . -name ""*.jpg"" | parallel convert {} -resize 800x600 resized/{}","find . -name ""*.jpg"" | parallel convert {} -resize 800x600 resized/{}",find,File Management,28.1 Bash — Zaawansowane Techniki,"find . -name ""*.jpg"" | parallel convert {} -resize 800x600 resized/{}",4168,72,runtime/knowledge/source/linux_master_library_v1.pdf,linux_engineering_book.md,candidate,,,,high
"find . -name ""*.log""","find . -name ""*.log""",find,File Management,xargs rm 72,"find . -name ""*.log""",4173,72,runtime/knowledge/source/linux_master_library_v1.pdf,linux_engineering_book.pdf,candidate,,,,high
"find . -name ""*.log"" | xargs rm","find . -name ""*.log"" | xargs rm",find,File Management,10.4 Przetwarzanie Tekstu,"find . -name ""*.log"" | xargs rm",4183,73,runtime/knowledge/source/linux_master_library_v1.pdf,linux_engineering_book.md,candidate,,,,high
"find . -name ""*.txt""","find . -name ""*.txt""",find,File Management,xargs -I {} cp {} /backup/,"find . -name ""*.txt""",4188,73,runtime/knowledge/source/linux_master_library_v1.pdf,linux_engineering_book.pdf,candidate,,,,high
"find . -name ""*.txt"" | xargs -I {} cp {} /backup/","find . -name ""*.txt"" | xargs -I {} cp {} /backup/",find,File Management,10.4 Przetwarzanie Tekstu,"find . -name ""*.txt"" | xargs -I {} cp {} /backup/",4193,73,runtime/knowledge/source/linux_master_library_v1.pdf,linux_engineering_book.md,candidate,,,,high
find . -name '*.log',find . -name '*.log',find,File Management,Sekcja Komend,find . -name '*.log',4198,73,runtime/knowledge/source/linux_master_library_v1.pdf,RHCSA_Command_Library.pdf,duplicate_existing,canonical+command_index,find . -name '*.log',weak_description,high
find . -newer,find . -newer,find,File Management,Sekcja Komend,find . -newer,4203,73,runtime/knowledge/source/linux_master_library_v1.pdf,RHCSA_Command_Library.pdf,duplicate_existing,canonical+command_index,find . -newer,weak_description,high
find . -nouser,find . -nouser,find,File Management,Sekcja Komend,find . -nouser,4208,73,runtime/knowledge/source/linux_master_library_v1.pdf,RHCSA_Command_Library.pdf,duplicate_existing,canonical+command_index,find . -nouser,weak_description,high
find . -perm -1000,find . -perm -1000,find,File Management,Sekcja Komend,find . -perm -1000,4213,73,runtime/knowledge/source/linux_master_library_v1.pdf,RHCSA_Command_Library.pdf,duplicate_existing,canonical+command_index,find . -perm -1000,weak_description,high
find . -perm -2000,find . -perm -2000,find,File Management,Sekcja Komend 73,find . -perm -2000,4218,73,runtime/knowledge/source/linux_master_library_v1.pdf,RHCSA_Command_Library.pdf,duplicate_existing,canonical+command_index,find . -perm -2000,,high
find . -perm -4000,find . -perm -4000,find,File Management,Szukaj konfiguracji w /etc,find . -perm -4000,4228,74,runtime/knowledge/source/linux_master_library_v1.pdf,RHCSA_Command_Library.pdf,duplicate_existing,canonical+command_index,find . -perm -4000,,high
find . -perm -644,find . -perm -644,find,File Management,Sekcja Komend,find . -perm -644,4233,74,runtime/knowledge/source/linux_master_library_v1.pdf,RHCSA_Command_Library.pdf,duplicate_existing,canonical+command_index,find . -perm -644,weak_description,high
find . -perm /644,find . -perm /644,find,File Management,Sekcja Komend,find . -perm /644,4238,74,runtime/knowledge/source/linux_master_library_v1.pdf,RHCSA_Command_Library.pdf,duplicate_existing,canonical+command_index,find . -perm /644,weak_description,high
find . -perm,find . -perm,find,File Management,Sekcja Komend,find . -perm 644,4243,74,runtime/knowledge/source/linux_master_library_v1.pdf,RHCSA_Command_Library.pdf,duplicate_existing,canonical+command_index,find . -perm,weak_description,high
find . -size +100M,find . -size +100M,find,File Management,Sekcja Komend,find . -size +100M,4248,74,runtime/knowledge/source/linux_master_library_v1.pdf,RHCSA_Command_Library.pdf,duplicate_existing,canonical+command_index,find . -size +100M,weak_description,high
find . -size +1G,find . -size +1G,find,File Management,Sekcja Komend,find . -size +1G,4253,74,runtime/knowledge/source/linux_master_library_v1.pdf,RHCSA_Command_Library.pdf,duplicate_existing,canonical+command_index,find . -size +1G,weak_description,high
find . -size -10k,find . -size -10k,find,File Management,Sekcja Komend,find . -size -10k,4258,74,runtime/knowledge/source/linux_master_library_v1.pdf,RHCSA_Command_Library.pdf,duplicate_existing,canonical+command_index,find . -size -10k,weak_description,high
find . -size 512c,find . -size 512c,find,File Management,Sekcja Komend 74,find . -size 512c,4263,74,runtime/knowledge/source/linux_master_library_v1.pdf,RHCSA_Command_Library.pdf,duplicate_existing,canonical+command_index,find . -size 512c,,high
find . -type f -exec chmod 644 {} +,find . -type f -exec chmod 644 {} +,find,File Management,Prefer over .,find . -type f -exec chmod 644 {} +,4273,75,runtime/knowledge/source/linux_master_library_v1.pdf,komendy,candidate,,,,high
find . -type f -exec md5sum {} \;,find . -type f -exec md5sum {} \;,find,File Management,sort uniq -w32 -dD,,4278,75,runtime/knowledge/source/linux_master_library_v1.pdf,linux_engineering_book.pdf,candidate,,,,high
find . -type f -exec md5sum {} \; | sort | uniq -w32 -dD,find . -type f -exec md5sum {} \; | sort | uniq -w32 -dD,find,File Management,Dodatek A: Przydatne Jednowierszowce,find . -type f -exec md5sum {} \; | sort | uniq -w32 -dD,4283,75,runtime/knowledge/source/linux_master_library_v1.pdf,linux_engineering_book.md,candidate,,,,high
find . -uid,find . -uid,find,File Management,Sekcja Komend,find . -uid 1000,4288,75,runtime/knowledge/source/linux_master_library_v1.pdf,RHCSA_Command_Library.pdf,duplicate_existing,canonical+command_index,find . -uid,weak_description,high
find . -user,find . -user,find,File Management,Sekcja Komend,find . -user,4293,75,runtime/knowledge/source/linux_master_library_v1.pdf,RHCSA_Command_Library.pdf,duplicate_existing,canonical+command_index,find . -user,weak_description,high
find / -name,find / -name,find,File Management,Sekcja Komend,find / -name,4298,75,runtime/knowledge/source/linux_master_library_v1.pdf,RHCSA_Command_Library.pdf,duplicate_existing,canonical+command_index,find / -name,weak_description,high
find / -type b,find / -type b,find,File Management,Sekcja Komend,find / -type b,4303,75,runtime/knowledge/source/linux_master_library_v1.pdf,RHCSA_Command_Library.pdf,duplicate_existing,canonical+command_index,find / -type b,weak_description,high
find / -type c,find / -type c,find,File Management,Sekcja Komend 75,find / -type c,4308,75,runtime/knowledge/source/linux_master_library_v1.pdf,RHCSA_Command_Library.pdf,duplicate_existing,canonical+command_index,find / -type c,,high
find / -type d -name,find / -type d -name,find,File Management,Sekcja Komend,find / -type d -name,4318,76,runtime/knowledge/source/linux_master_library_v1.pdf,RHCSA_Command_Library.pdf,duplicate_existing,canonical+command_index,find / -type d -name,weak_description,high
find / -type f -mmin -60 2>/dev/null,find / -type f -mmin -60 2>/dev/null,find,File Management,Znajdź pliki modyfikowane w ostatniej godzinie,find / -type f -mmin -60 2>/dev/null,4323,76,runtime/knowledge/source/linux_master_library_v1.pdf,linux_engineering_book.md | linux_engineering_book.pdf,candidate,,,,high
find / -type f -name,find / -type f -name,find,File Management,Sekcja Komend,find / -type f -name,4328,76,runtime/knowledge/source/linux_master_library_v1.pdf,RHCSA_Command_Library.pdf,duplicate_existing,canonical+command_index,find / -type f -name,weak_description,high
find / -type f -size +100M -exec ls -lh {} \; 2>/dev/null,find / -type f -size +100M -exec ls -lh {} \; 2>/dev/null,find,File Management,Dodatek A: Przydatne Jednowierszowce,find / -type f -size +100M -exec ls -lh {} \; 2>/dev/null,4333,76,runtime/knowledge/source/linux_master_library_v1.pdf,linux_engineering_book.md | linux_engineering_book.pdf,candidate,,,,high
find / -type f -size +100M 2>/dev/null,find / -type f -size +100M 2>/dev/null,find,File Management,Dodatek B: Komendy Ratunkowe,find / -type f -size +100M 2>/dev/null,4338,76,runtime/knowledge/source/linux_master_library_v1.pdf,linux_engineering_book.md | linux_engineering_book.pdf,candidate,,,,high
find / -type l,find / -type l,find,File Management,Sekcja Komend,find / -type l,4343,76,runtime/knowledge/source/linux_master_library_v1.pdf,RHCSA_Command_Library.pdf,duplicate_existing,canonical+command_index,find / -type l,weak_description,high
findmnt,findmnt,findmnt,File Management,mounted filesystems as tree. SAFE,findmnt,4348,76,runtime/knowledge/source/linux_master_library_v1.pdf,LINUX COMMAND | RHCSA_Command_Library.pdf | komendy,duplicate_existing,canonical+command_index,findmnt,,high
findmnt --fstab,findmnt --fstab,findmnt,File Management,Sekcja Komend 76,findmnt --fstab,4353,76,runtime/knowledge/source/linux_master_library_v1.pdf,RHCSA_Command_Library.pdf,candidate,,,,high
findmnt --kernel,findmnt --kernel,findmnt,File Management,Kernel mountinfo,findmnt --kernel,4363,77,runtime/knowledge/source/linux_master_library_v1.pdf,LINUX COMMAND,candidate,,,,high
findmnt --poll,findmnt --poll,findmnt,File Management,Monitor mounts,findmnt --poll,4368,77,runtime/knowledge/source/linux_master_library_v1.pdf,LINUX COMMAND,candidate,,,,high
findmnt --target,findmnt --target,findmnt,File Management,Find mount for path,findmnt --target /var,4373,77,runtime/knowledge/source/linux_master_library_v1.pdf,LINUX COMMAND,candidate,,,,high
findmnt -t xfs,findmnt -t xfs,findmnt,File Management,Sekcja Komend,findmnt -t xfs,4378,77,runtime/knowledge/source/linux_master_library_v1.pdf,RHCSA_Command_Library.pdf,candidate,,,weak_description,medium
findmnt /mnt,findmnt /mnt,findmnt,File Management,verify mount options. SAFE,findmnt /mnt,4383,77,runtime/knowledge/source/linux_master_library_v1.pdf,RHCSA_Command_Library.pdf | komendy,candidate,,,,high
head,head,head,File Management,Pierwsze N linii,head -n 20 file.log,4388,77,runtime/knowledge/source/linux_master_library_v1.pdf,LINUX COMMAND,duplicate_existing,command_index,head,,high
head -c 100 file.txt,head -c 100 file.txt,head,File Management,Sekcja Komend,head -c 100 file.txt,4393,77,runtime/knowledge/source/linux_master_library_v1.pdf,RHCSA_Command_Library.pdf,candidate,,,weak_description,medium
head -n 20 file,head -n 20 file,head,File Management,first lines. SAFE 77,head -n 20 file,4398,77,runtime/knowledge/source/linux_master_library_v1.pdf,komendy,candidate,,,,high
head -n 20 file.txt,head -n 20 file.txt,head,File Management,Sekcja Komend,head -n 20 file.txt,4408,78,runtime/knowledge/source/linux_master_library_v1.pdf,RHCSA_Command_Library.pdf,candidate,,,weak_description,medium
head file.txt,head file.txt,head,File Management,Sekcja Komend,head file.txt,4413,78,runtime/knowledge/source/linux_master_library_v1.pdf,RHCSA_Command_Library.pdf,candidate,,,weak_description,medium
install,install,install,File Management,Kopiuje z uprawnieniami,install -m 755 script.sh /usr/local/bin/,4418,78,runtime/knowledge/source/linux_master_library_v1.pdf,LINUX COMMAND,duplicate_existing,command_index,install,,high
less,less,less,File Management,Przeglądarka stronicowa,less /var/log/secure,4423,78,runtime/knowledge/source/linux_master_library_v1.pdf,LINUX COMMAND,candidate,,,,high
less +/pattern file,less +/pattern file,less,File Management,Sekcja Komend,less +/pattern file,4428,78,runtime/knowledge/source/linux_master_library_v1.pdf,RHCSA_Command_Library.pdf,candidate,,,weak_description,medium
less +F file,less +F file,less,File Management,follow mode. SAFE,less +F file,4433,78,runtime/knowledge/source/linux_master_library_v1.pdf,komendy,candidate,,,,high
less +G file.txt,less +G file.txt,less,File Management,Sekcja Komend,less +G file.txt,4438,78,runtime/knowledge/source/linux_master_library_v1.pdf,RHCSA_Command_Library.pdf,candidate,,,weak_description,medium
less file.txt,less file.txt,less,File Management,Sekcja Komend 78,less file.txt,4443,78,runtime/knowledge/source/linux_master_library_v1.pdf,RHCSA_Command_Library.pdf,candidate,,,,high
ln,ln,ln,File Management,Tworzy twardy link,ln file1 file2,4453,79,runtime/knowledge/source/linux_master_library_v1.pdf,LINUX COMMAND,candidate,,,,high
ln -s,ln -s,ln,File Management,Tworzy symboliczny link,ln -s /etc/hosts /tmp/hosts,4458,79,runtime/knowledge/source/linux_master_library_v1.pdf,LINUX COMMAND,candidate,,,,high
ln -s target linkname,ln -s target linkname,ln,File Management,symbolic link. SAFE,ln -s target linkname,4463,79,runtime/knowledge/source/linux_master_library_v1.pdf,komendy,candidate,,,,high
ln target linkname,ln target linkname,ln,File Management,hard link. SAFE,ln target linkname,4468,79,runtime/knowledge/source/linux_master_library_v1.pdf,komendy,candidate,,,,high
locate,locate,locate,File Management,Szybkie wyszukiwanie (baza danych),locate httpd.conf,4473,79,runtime/knowledge/source/linux_master_library_v1.pdf,LINUX COMMAND,candidate,,,,high
losetup -fP disk.img,losetup -fP disk.img,losetup,File Management,attach loop with partition scan. CAUTION,losetup -fP disk.img,4478,79,runtime/knowledge/source/linux_master_library_v1.pdf,komendy,candidate,,,,high
ls,ls,ls,File Management,Wyświetla zawartość katalogu,ls -la /etc | ls,4483,79,runtime/knowledge/source/linux_master_library_v1.pdf,LINUX COMMAND | RHCSA_Command_Library.pdf,duplicate_existing,canonical+command_index,ls,,high
ls *(.) # tylko pliki,ls *(.) # tylko pliki,ls,File Management,28.2 Zsh — Unikalne Funkcje 79,ls *(.) # tylko pliki,4489,79,runtime/knowledge/source/linux_master_library_v1.pdf,linux_engineering_book.md | linux_engineering_book.pdf,candidate,,,,high
ls *(.L+1M) # pliki > 1MB,ls *(.L+1M) # pliki > 1MB,ls,File Management,28.2 Zsh — Unikalne Funkcje,ls *(.L+1M) # pliki > 1MB,4499,80,runtime/knowledge/source/linux_master_library_v1.pdf,linux_engineering_book.md | linux_engineering_book.pdf,candidate,,,,high
ls *(.m-7) # pliki modyfikowane w ostatnich 7 dniach,ls *(.m-7) # pliki modyfikowane w ostatnich 7 dniach,ls,File Management,28.2 Zsh — Unikalne Funkcje,ls *(.m-7) # pliki modyfikowane w ostatnich 7 dniach,4504,80,runtime/knowledge/source/linux_master_library_v1.pdf,linux_engineering_book.md | linux_engineering_book.pdf,candidate,,,,high
ls *(/) # tylko katalogi,ls *(/) # tylko katalogi,ls,File Management,28.2 Zsh — Unikalne Funkcje,ls *(/) # tylko katalogi,4509,80,runtime/knowledge/source/linux_master_library_v1.pdf,linux_engineering_book.md | linux_engineering_book.pdf,candidate,,,,high
ls **/*.txt # recursive glob,ls **/*.txt # recursive glob,ls,File Management,28.2 Zsh — Unikalne Funkcje,ls **/*.txt # recursive glob,4514,80,runtime/knowledge/source/linux_master_library_v1.pdf,linux_engineering_book.md | linux_engineering_book.pdf,candidate,,,,high
ls --color=auto,ls --color=auto,ls,File Management,Sekcja Komend,ls --color=auto,4519,80,runtime/knowledge/source/linux_master_library_v1.pdf,RHCSA_Command_Library.pdf,duplicate_existing,canonical+command_index,ls --color=auto,weak_description,high
ls -R,ls -R,ls,File Management,Rekurencyjnie listuje pliki,ls -R /var/log | ls -R,4524,80,runtime/knowledge/source/linux_master_library_v1.pdf,LINUX COMMAND | RHCSA_Command_Library.pdf,duplicate_existing,canonical+command_index,ls -R,,high
ls -Z,ls -Z,ls,File Management,Pokazuje konteksty,ls -Z /var/www,4530,80,runtime/knowledge/source/linux_master_library_v1.pdf,LINUX COMMAND,candidate,,,,high
ls -Z /var/www/html # pokaż konteksty plików,ls -Z /var/www/html # pokaż konteksty plików,ls,File Management,9.3 SELinux 80,ls -Z /var/www/html # pokaż konteksty plików,4535,80,runtime/knowledge/source/linux_master_library_v1.pdf,linux_engineering_book.md | linux_engineering_book.pdf,candidate,,,,high
ls -Z dir/,ls -Z dir/,ls,File Management,Sekcja Komend,ls -Z dir/,4545,81,runtime/knowledge/source/linux_master_library_v1.pdf,RHCSA_Command_Library.pdf,duplicate_existing,canonical+command_index,ls -Z dir/,weak_description,high
ls -Z file,ls -Z file,ls,File Management,Sekcja Komend,ls -Z file,4550,81,runtime/knowledge/source/linux_master_library_v1.pdf,RHCSA_Command_Library.pdf,duplicate_existing,canonical+command_index,ls -Z file,weak_description,high
ls -d */,ls -d */,ls,File Management,Sekcja Komend,ls -d */,4555,81,runtime/knowledge/source/linux_master_library_v1.pdf,RHCSA_Command_Library.pdf,duplicate_existing,canonical+command_index,ls -d */,weak_description,high
ls -dZ dir/,ls -dZ dir/,ls,File Management,Sekcja Komend,ls -dZ dir/,4560,81,runtime/knowledge/source/linux_master_library_v1.pdf,RHCSA_Command_Library.pdf,duplicate_existing,canonical+command_index,ls -dZ dir/,weak_description,high
ls -i,ls -i,ls,File Management,Pokazuje numery i-węzłów (inodów),ls -i /etc/passwd | ls -i,4565,81,runtime/knowledge/source/linux_master_library_v1.pdf,LINUX COMMAND | RHCSA_Command_Library.pdf,duplicate_existing,canonical+command_index,ls -i,,high
ls -l,ls -l,ls,File Management,Sekcja Komend,ls -l,4571,81,runtime/knowledge/source/linux_master_library_v1.pdf,RHCSA_Command_Library.pdf,duplicate_existing,canonical+command_index,ls -l,weak_description,high
ls -lS,ls -lS,ls,File Management,Sekcja Komend,ls -lS,4576,81,runtime/knowledge/source/linux_master_library_v1.pdf,RHCSA_Command_Library.pdf,duplicate_existing,canonical+command_index,ls -lS,weak_description,high
ls -la,ls -la,ls,File Management,Sekcja Komend 81,ls -la,4581,81,runtime/knowledge/source/linux_master_library_v1.pdf,RHCSA_Command_Library.pdf,duplicate_existing,canonical+command_index,ls -la,,high
ls -la /proc/[pid]/ns/,ls -la /proc/[pid]/ns/,ls,File Management,Listowanie namespaces,ls -la /proc/[pid]/ns/,4591,82,runtime/knowledge/source/linux_master_library_v1.pdf,linux_engineering_book.md | linux_engineering_book.pdf,candidate,,,,high
ls -ld,ls -ld,ls,File Management,"Informacje o katalogu, nie o jego zawartości",ls -ld /home,4596,82,runtime/knowledge/source/linux_master_library_v1.pdf,LINUX COMMAND,candidate,,,,high
ls -lh,ls -lh,ls,File Management,Sekcja Komend,ls -lh,4601,82,runtime/knowledge/source/linux_master_library_v1.pdf,RHCSA_Command_Library.pdf,duplicate_existing,canonical+command_index,ls -lh,weak_description,high
ls -lt,ls -lt,ls,File Management,Sekcja Komend,ls -lt,4606,82,runtime/knowledge/source/linux_master_library_v1.pdf,RHCSA_Command_Library.pdf,duplicate_existing,canonical+command_index,ls -lt,weak_description,high
ls -ltr,ls -ltr,ls,File Management,"Sortuje po czasie, odwrócony porządek",ls -ltr /tmp,4611,82,runtime/knowledge/source/linux_master_library_v1.pdf,LINUX COMMAND,candidate,,,,high
ls /boot/,ls /boot/,ls,File Management,Sekcja Komend,ls /boot/,4616,82,runtime/knowledge/source/linux_master_library_v1.pdf,RHCSA_Command_Library.pdf,duplicate_existing,canonical+command_index,ls /boot/,weak_description,high
ls /boot/grub2/,ls /boot/grub2/,ls,File Management,Sekcja Komend,ls /boot/grub2/,4621,82,runtime/knowledge/source/linux_master_library_v1.pdf,RHCSA_Command_Library.pdf,duplicate_existing,canonical+command_index,ls /boot/grub2/,weak_description,high
ls /etc/cron.d/,ls /etc/cron.d/,ls,File Management,cron snippets. SAFE 82,ls /etc/cron.d/,4626,82,runtime/knowledge/source/linux_master_library_v1.pdf,RHCSA_Command_Library.pdf | komendy,duplicate_existing,canonical+command_index,ls /etc/cron.d/,,high
ls /etc/cron.daily/,ls /etc/cron.daily/,ls,File Management,Sekcja Komend,ls /etc/cron.daily/,4636,83,runtime/knowledge/source/linux_master_library_v1.pdf,RHCSA_Command_Library.pdf,duplicate_existing,canonical+command_index,ls /etc/cron.daily/,weak_description,high
ls /etc/cron.hourly/,ls /etc/cron.hourly/,ls,File Management,Sekcja Komend,ls /etc/cron.hourly/,4641,83,runtime/knowledge/source/linux_master_library_v1.pdf,RHCSA_Command_Library.pdf,duplicate_existing,canonical+command_index,ls /etc/cron.hourly/,weak_description,high
ls /etc/cron.weekly/,ls /etc/cron.weekly/,ls,File Management,Sekcja Komend,ls /etc/cron.weekly/,4646,83,runtime/knowledge/source/linux_master_library_v1.pdf,RHCSA_Command_Library.pdf,duplicate_existing,canonical+command_index,ls /etc/cron.weekly/,weak_description,high
ls /etc/profile.d/,ls /etc/profile.d/,ls,File Management,Sekcja Komend,ls /etc/profile.d/,4651,83,runtime/knowledge/source/linux_master_library_v1.pdf,RHCSA_Command_Library.pdf,duplicate_existing,canonical+command_index,ls /etc/profile.d/,weak_description,high
ls /sys/fs/cgroup/,ls /sys/fs/cgroup/,ls,File Management,Komentarz Komentarz w skrypcie function myfunc() { Definicja funkcji,ls /sys/fs/cgroup/,4656,83,runtime/knowledge/source/linux_master_library_v1.pdf,RHCSA_Command_Library.pdf,duplicate_existing,canonical+command_index,ls /sys/fs/cgroup/,,high
md5sum,md5sum,md5sum,File Management,Sumy MD5,md5sum file.iso,4661,83,runtime/knowledge/source/linux_master_library_v1.pdf,LINUX COMMAND,candidate,,,,high
md5sum file,md5sum file,md5sum,File Management,Komentarz Komentarz w skrypcie function myfunc() { Definicja funkcji,md5sum file,4666,83,runtime/knowledge/source/linux_master_library_v1.pdf,RHCSA_Command_Library.pdf,candidate,,,,high
md5sum file >,md5sum file >,md5sum,File Management,Komentarz Komentarz w skrypcie function myfunc() { Definicja funkcji 83,md5sum file >,4671,83,runtime/knowledge/source/linux_master_library_v1.pdf,RHCSA_Command_Library.pdf,candidate,,,,high
mkdir,mkdir,mkdir,File Management,Tworzy katalog,mkdir /backup,4681,84,runtime/knowledge/source/linux_master_library_v1.pdf,LINUX COMMAND,duplicate_existing,command_index,mkdir,,high
mkdir -p,mkdir -p,mkdir,File Management,Tworzy katalogi nadrzędne,mkdir -p /a/b/c,4686,84,runtime/knowledge/source/linux_master_library_v1.pdf,LINUX COMMAND,candidate,,,,high
mkdir -p /a/b/c,mkdir -p /a/b/c,mkdir,File Management,recursive creation. SAFE,mkdir -p /a/b/c,4691,84,runtime/knowledge/source/linux_master_library_v1.pdf,komendy,candidate,,,,high
mkdir -p /var/log/journal,mkdir -p /var/log/journal,mkdir,File Management,enable persistent journal. SAFE,mkdir -p /var/log/journal,4696,84,runtime/knowledge/source/linux_master_library_v1.pdf,komendy,candidate,,,,high
mkdir /sys/fs/cgroup/mygroup,mkdir /sys/fs/cgroup/mygroup,mkdir,File Management,4.6 Cgroups (Control Groups),mkdir /sys/fs/cgroup/mygroup,4701,84,runtime/knowledge/source/linux_master_library_v1.pdf,linux_engineering_book.md | linux_engineering_book.pdf,candidate,,,,high
mktemp,mktemp,mktemp,File Management,Tworzy tymczasowy plik/katalog,mktemp -d /tmp/XXXXXX,4706,84,runtime/knowledge/source/linux_master_library_v1.pdf,LINUX COMMAND,duplicate_existing,canonical+command_index,mktemp,,high
mktemp -t backup.XXXXXX,mktemp -t backup.XXXXXX,mktemp,File Management,secure temp file. SAFE,mktemp -t backup.XXXXXX,4711,84,runtime/knowledge/source/linux_master_library_v1.pdf,komendy,candidate,,,,high
more,more,more,File Management,Prostsza przeglądarka 84,more file.txt,4716,84,runtime/knowledge/source/linux_master_library_v1.pdf,LINUX COMMAND,candidate,,,,high
more file.txt,more file.txt,more,File Management,Sekcja Komend,more file.txt,4726,85,runtime/knowledge/source/linux_master_library_v1.pdf,RHCSA_Command_Library.pdf,candidate,,,weak_description,medium
mount,mount,mount,File Management,Montuje filesystem,mount /dev/sda1 /mnt | mount,4731,85,runtime/knowledge/source/linux_master_library_v1.pdf,LINUX COMMAND | RHCSA_Command_Library.pdf,duplicate_existing,command_index,mount,,high
mount --bind,mount --bind,mount,File Management,Bind mount,mount --bind /var/www /home/user/www,4737,85,runtime/knowledge/source/linux_master_library_v1.pdf,LINUX COMMAND,candidate,,,,high
mount --bind /dev /mnt/dev,mount --bind /dev /mnt/dev,mount,File Management,19.2 Disaster Recovery,mount --bind /dev /mnt/dev,4742,85,runtime/knowledge/source/linux_master_library_v1.pdf,linux_engineering_book.md | linux_engineering_book.pdf,candidate,,,,high
mount --bind /dev /mnt/sysimage/dev,mount --bind /dev /mnt/sysimage/dev,mount,File Management,bind mount devices. SAFE,mount --bind /dev /mnt/sysimage/dev,4747,85,runtime/knowledge/source/linux_master_library_v1.pdf,komendy,candidate,,,,high
mount --bind /proc /mnt/proc,mount --bind /proc /mnt/proc,mount,File Management,19.2 Disaster Recovery,mount --bind /proc /mnt/proc,4752,85,runtime/knowledge/source/linux_master_library_v1.pdf,linux_engineering_book.md | linux_engineering_book.pdf,candidate,,,,high
mount --bind /proc /mnt/sysimage/proc,mount --bind /proc /mnt/sysimage/proc,mount,File Management,bind mount proc. SAFE,mount --bind /proc /mnt/sysimage/proc,4757,85,runtime/knowledge/source/linux_master_library_v1.pdf,komendy,candidate,,,,high
mount --bind /source /destination,mount --bind /source /destination,mount,File Management,6.3 Montowanie i fstab 85,mount --bind /source /destination,4762,85,runtime/knowledge/source/linux_master_library_v1.pdf,linux_engineering_book.md | linux_engineering_book.pdf,candidate,,,,high
mount --bind /sys /mnt/sys,mount --bind /sys /mnt/sys,mount,File Management,19.2 Disaster Recovery,mount --bind /sys /mnt/sys,4772,86,runtime/knowledge/source/linux_master_library_v1.pdf,linux_engineering_book.md | linux_engineering_book.pdf,candidate,,,,high
mount --bind /sys /mnt/sysimage/sys,mount --bind /sys /mnt/sysimage/sys,mount,File Management,bind mount sys. SAFE,mount --bind /sys /mnt/sysimage/sys,4777,86,runtime/knowledge/source/linux_master_library_v1.pdf,komendy,candidate,,,,high
mount --make-private,mount --make-private,mount,File Management,Private mount,mount --make-private /mnt,4782,86,runtime/knowledge/source/linux_master_library_v1.pdf,LINUX COMMAND,candidate,,,,high
mount --make-shared,mount --make-shared,mount,File Management,Shared mount,mount --make-shared /mnt,4787,86,runtime/knowledge/source/linux_master_library_v1.pdf,LINUX COMMAND,candidate,,,,high
mount --make-slave,mount --make-slave,mount,File Management,Slave mount,mount --make-slave /mnt,4792,86,runtime/knowledge/source/linux_master_library_v1.pdf,LINUX COMMAND,candidate,,,,high
mount --make-unbindable,mount --make-unbindable,mount,File Management,Unbindable,mount --make-unbindable /mnt,4797,86,runtime/knowledge/source/linux_master_library_v1.pdf,LINUX COMMAND,candidate,,,,high
mount --move,mount --move,mount,File Management,Move mount,mount --move /old /new,4802,86,runtime/knowledge/source/linux_master_library_v1.pdf,LINUX COMMAND,candidate,,,,high
mount --rbind,mount --rbind,mount,File Management,Recursive bind 86,mount --rbind /dev /mnt/chroot/dev,4807,86,runtime/knowledge/source/linux_master_library_v1.pdf,LINUX COMMAND,candidate,,,,high
mount -a,mount -a,mount,File Management,Montuje wszystko z fstab,mount -a,4817,87,runtime/knowledge/source/linux_master_library_v1.pdf,LINUX COMMAND | RHCSA_Command_Library.pdf,duplicate_existing,canonical+command_index,mount -a,,high
mount -o,mount -o,mount,File Management,Sekcja Komend,mount -o,4822,87,runtime/knowledge/source/linux_master_library_v1.pdf,RHCSA_Command_Library.pdf,duplicate_existing,canonical+command_index,mount -o,weak_description,high
mount -o loop image.iso /mnt/iso,mount -o loop image.iso /mnt/iso,mount,File Management,6.3 Montowanie i fstab,mount -o loop image.iso /mnt/iso,4827,87,runtime/knowledge/source/linux_master_library_v1.pdf,linux_engineering_book.md | linux_engineering_book.pdf,candidate,,,,high
"mount -o remount,ro","mount -o remount,ro",mount,File Management,Sekcja Komend,"mount -o remount,ro",4832,87,runtime/knowledge/source/linux_master_library_v1.pdf,RHCSA_Command_Library.pdf,duplicate_existing,canonical+command_index,"mount -o remount,ro",weak_description,high
"mount -o remount,rw","mount -o remount,rw",mount,File Management,Przymontowuje do zapisu,"mount -o remount,rw / | mount -o remount,rw",4837,87,runtime/knowledge/source/linux_master_library_v1.pdf,LINUX COMMAND | RHCSA_Command_Library.pdf,duplicate_existing,canonical+command_index,"mount -o remount,rw",,high
"mount -o remount,rw /","mount -o remount,rw /",mount,File Management,"Po uruchomieniu powłoki awaryjnej, przemontowanie głównego systemu plików w tryb zapisu/odczytu linux_engineering_book.pdf","mount -o remount,rw /",4843,87,runtime/knowledge/source/linux_master_library_v1.pdf,encyklopedia_inzynierii_linux.html | encyklopedia_inzynierii_linux.pdf | komendy | linux_engineering_book.m,candidate,,,,high
"mount -o remount,rw,nosuid,nodev,noexec /tmp","mount -o remount,rw,nosuid,nodev,noexec /tmp",mount,File Management,restrict /tmp. CAUTION,"mount -o remount,rw,nosuid,nodev,noexec /tmp",4849,87,runtime/knowledge/source/linux_master_library_v1.pdf,komendy,candidate,,,,high
mount -o ro,mount -o ro,mount,File Management,Sekcja Komend 87,mount -o ro,4854,87,runtime/knowledge/source/linux_master_library_v1.pdf,RHCSA_Command_Library.pdf,duplicate_existing,canonical+command_index,mount -o ro,,high
"mount -o ro,soft","mount -o ro,soft",mount,File Management,Sekcja Komend,"mount -o ro,soft",4864,88,runtime/knowledge/source/linux_master_library_v1.pdf,RHCSA_Command_Library.pdf,duplicate_existing,canonical+command_index,"mount -o ro,soft",weak_description,high
"mount -o rw,noexec","mount -o rw,noexec",mount,File Management,Sekcja Komend,"mount -o rw,noexec",4869,88,runtime/knowledge/source/linux_master_library_v1.pdf,RHCSA_Command_Library.pdf,duplicate_existing,canonical+command_index,"mount -o rw,noexec",weak_description,high
mount -t cifs,mount -t cifs,mount,File Management,Komentarz Komentarz w skrypcie function myfunc() { Definicja funkcji,mount -t cifs,4874,88,runtime/knowledge/source/linux_master_library_v1.pdf,RHCSA_Command_Library.pdf,duplicate_existing,canonical+command_index,mount -t cifs,,high
mount -t ext4,mount -t ext4,mount,File Management,Sekcja Komend,mount -t ext4,4879,88,runtime/knowledge/source/linux_master_library_v1.pdf,RHCSA_Command_Library.pdf,duplicate_existing,canonical+command_index,mount -t ext4,weak_description,high
mount -t nfs,mount -t nfs,mount,File Management,Sekcja Komend,mount -t nfs,4884,88,runtime/knowledge/source/linux_master_library_v1.pdf,RHCSA_Command_Library.pdf,duplicate_existing,canonical+command_index,mount -t nfs,weak_description,high
mount -t nfs server:/share /mnt/nfs,mount -t nfs server:/share /mnt/nfs,mount,File Management,6.3 Montowanie i fstab,mount -t nfs server:/share /mnt/nfs,4889,88,runtime/knowledge/source/linux_master_library_v1.pdf,linux_engineering_book.md | linux_engineering_book.pdf,candidate,,,,high
mount -t nfs server:/srv/nfs /mnt/nfs,mount -t nfs server:/srv/nfs /mnt/nfs,mount,File Management,18.3 NFS,mount -t nfs server:/srv/nfs /mnt/nfs,4894,88,runtime/knowledge/source/linux_master_library_v1.pdf,linux_engineering_book.md | linux_engineering_book.pdf,candidate,,,,high
mount -t nfs4,mount -t nfs4,mount,File Management,Sekcja Komend 88,mount -t nfs4,4899,88,runtime/knowledge/source/linux_master_library_v1.pdf,RHCSA_Command_Library.pdf,duplicate_existing,canonical+command_index,mount -t nfs4,,high
mount -t xfs,mount -t xfs,mount,File Management,Sekcja Komend,mount -t xfs,4909,89,runtime/knowledge/source/linux_master_library_v1.pdf,RHCSA_Command_Library.pdf,duplicate_existing,canonical+command_index,mount -t xfs,weak_description,high
mount /dev/sda1 /mnt,mount /dev/sda1 /mnt,mount,File Management,,mount filesystem. CAUTION | mount /dev/sda1 /mnt,4914,89,runtime/knowledge/source/linux_master_library_v1.pdf,komendy,candidate,,,,high
mount /dev/sda1 /mnt/boot,mount /dev/sda1 /mnt/boot,mount,File Management,19.2 Disaster Recovery,mount /dev/sda1 /mnt/boot,4919,89,runtime/knowledge/source/linux_master_library_v1.pdf,linux_engineering_book.md | linux_engineering_book.pdf,candidate,,,,high
mount /dev/sda2 /mnt,mount /dev/sda2 /mnt,mount,File Management,19.2 Disaster Recovery,mount /dev/sda2 /mnt,4924,89,runtime/knowledge/source/linux_master_library_v1.pdf,linux_engineering_book.md | linux_engineering_book.pdf,candidate,,,,high
mount /dev/sdb1 /mnt,mount /dev/sdb1 /mnt,mount,File Management,Sekcja Komend,mount /dev/sdb1 /mnt,4929,89,runtime/knowledge/source/linux_master_library_v1.pdf,RHCSA_Command_Library.pdf,duplicate_existing,canonical+command_index,mount /dev/sdb1 /mnt,weak_description,high
mount /dev/sdb1 /mnt/data,mount /dev/sdb1 /mnt/data,mount,File Management,6.3 Montowanie i fstab,mount /dev/sdb1 /mnt/data,4934,89,runtime/knowledge/source/linux_master_library_v1.pdf,linux_engineering_book.md | linux_engineering_book.pdf,candidate,,,,high
mv,mv,mv,File Management,Prefer to for atomic renames on same filesystem.,mv old.txt new.txt | mv,4939,89,runtime/knowledge/source/linux_master_library_v1.pdf,LINUX COMMAND | komendy,candidate,,,,high
mv -i old new,mv -i old new,mv,File Management,interactive move. CAUTION 89,mv -i old new,4945,89,runtime/knowledge/source/linux_master_library_v1.pdf,komendy,candidate,,,,high
mv -i src dst,mv -i src dst,mv,File Management,Sekcja Komend,mv -i src dst,4955,90,runtime/knowledge/source/linux_master_library_v1.pdf,RHCSA_Command_Library.pdf,candidate,,,weak_description,medium
mv -n src dst,mv -n src dst,mv,File Management,Sekcja Komend,mv -n src dst,4960,90,runtime/knowledge/source/linux_master_library_v1.pdf,RHCSA_Command_Library.pdf,candidate,,,weak_description,medium
mv -u src dst,mv -u src dst,mv,File Management,Sekcja Komend,mv -u src dst,4965,90,runtime/knowledge/source/linux_master_library_v1.pdf,RHCSA_Command_Library.pdf,candidate,,,weak_description,medium
mv -v src dst,mv -v src dst,mv,File Management,Sekcja Komend,mv -v src dst,4970,90,runtime/knowledge/source/linux_master_library_v1.pdf,RHCSA_Command_Library.pdf,candidate,,,weak_description,medium
mv source dest,mv source dest,mv,File Management,Sekcja Komend,mv source dest,4975,90,runtime/knowledge/source/linux_master_library_v1.pdf,RHCSA_Command_Library.pdf,candidate,,,weak_description,medium
nl,nl,nl,File Management,Numeruje linie,nl /etc/passwd,4980,90,runtime/knowledge/source/linux_master_library_v1.pdf,LINUX COMMAND,candidate,,,,high
nl file,nl file,nl,File Management,logical line numbers. SAFE,nl file,4985,90,runtime/knowledge/source/linux_master_library_v1.pdf,komendy,candidate,,,,high
popd,popd,popd,File Management,Przywraca katalog ze stosu 90,popd,4990,90,runtime/knowledge/source/linux_master_library_v1.pdf,LINUX COMMAND | RHCSA_Command_Library.pdf,duplicate_existing,canonical+command_index,popd,,high
pushd,pushd,pushd,File Management,Zapamiętuje katalog na stosie,pushd /usr/local,5000,91,runtime/knowledge/source/linux_master_library_v1.pdf,LINUX COMMAND,candidate,,,,high
pushd /path,pushd /path,pushd,File Management,head -20 Pierwsze 20 plików z /etc,pushd /path,5005,91,runtime/knowledge/source/linux_master_library_v1.pdf,RHCSA_Command_Library.pdf,candidate,,,,high
pushd /var/log; popd,pushd /var/log; popd,pushd,File Management,directory stack. SAFE,pushd /var/log; popd,5010,91,runtime/knowledge/source/linux_master_library_v1.pdf,komendy,candidate,,,,high
pwd,pwd,pwd,File Management,Aktualna ścieżka,pwd,5015,91,runtime/knowledge/source/linux_master_library_v1.pdf,LINUX COMMAND | RHCSA_Command_Library.pdf,duplicate_existing,canonical+command_index,pwd,,high
pwd -P,pwd -P,pwd,File Management,"physical path, resolves symlinks. SAFE",pwd -P,5020,91,runtime/knowledge/source/linux_master_library_v1.pdf,komendy,candidate,,,,high
readlink,readlink,readlink,File Management,Pokazuje cel linku symbolicznego,readlink -f /tmp/hosts,5025,91,runtime/knowledge/source/linux_master_library_v1.pdf,LINUX COMMAND,candidate,,,,high
realpath,realpath,realpath,File Management,Validate all file paths with and prefix checks.,realpath ../file | realpath,5030,91,runtime/knowledge/source/linux_master_library_v1.pdf,LINUX COMMAND | komendy,candidate,,,,high
rm,rm,rm,File Management,Uruchomienie kontenera z pełnymi uprawnieniami roota hosta i dostępem do surowego systemu 91,rm file.txt | rm,5036,91,runtime/knowledge/source/linux_master_library_v1.pdf,LINUX COMMAND | encyklopedia_inzynierii_linux.pdf,duplicate_existing,command_index,rm,,high
rm -f /tmp/lockfile,rm -f /tmp/lockfile,rm,File Management,10.3 Funkcje,rm -f /tmp/lockfile,5047,92,runtime/knowledge/source/linux_master_library_v1.pdf,linux_engineering_book.md | linux_engineering_book.pdf,candidate,,,,high
rm -f file.txt,rm -f file.txt,rm,File Management,Sekcja Komend,rm -f file.txt,5052,92,runtime/knowledge/source/linux_master_library_v1.pdf,RHCSA_Command_Library.pdf,duplicate_existing,canonical+command_index,rm -f file.txt,weak_description,high
rm -i file,rm -i file,rm,File Management,Sekcja Komend,rm -i file,5057,92,runtime/knowledge/source/linux_master_library_v1.pdf,RHCSA_Command_Library.pdf,duplicate_existing,canonical+command_index,rm -i file,weak_description,high
rm -r dir/,rm -r dir/,rm,File Management,Sekcja Komend,rm -r dir/,5062,92,runtime/knowledge/source/linux_master_library_v1.pdf,RHCSA_Command_Library.pdf,duplicate_existing,canonical+command_index,rm -r dir/,weak_description,high
rm -rf,rm -rf,rm,File Management,Usuwa rekurencyjnie i na siłę,rm -rf /tmp/olddata,5067,92,runtime/knowledge/source/linux_master_library_v1.pdf,LINUX COMMAND,candidate,,,,high
"rm -rf ""$VAR/""","rm -rf ""$VAR/""",rm,File Management,"if $VAR unset, deletes root. DANGEROUS","rm -rf ""$VAR/""",5072,92,runtime/knowledge/source/linux_master_library_v1.pdf,komendy,candidate,,,,high
rm -rf $VAR/,rm -rf $VAR/,rm,File Management,or when unset.,rm -rf $VAR/,5077,92,runtime/knowledge/source/linux_master_library_v1.pdf,komendy,candidate,,,,high
rm -rf /,rm -rf /,rm,File Management,package — prevents . 92,rm -rf /,5082,92,runtime/knowledge/source/linux_master_library_v1.pdf,komendy,candidate,,,,high
rm -rf / or rm -rf $VAR/ when $VAR unset.',rm -rf / or rm -rf $VAR/ when $VAR unset.',rm,File Management,Dangerous Mistakes,rm -rf /` or `rm -rf $VAR/` when `$VAR` unset.,5092,93,runtime/knowledge/source/linux_master_library_v1.pdf,komendy,unresolved,,,likely_contamination_or_comment | weak_description,low
rm -rf /var/log/journal,rm -rf /var/log/journal,rm,File Management,bypassing vacuum logic.,rm -rf /var/log/journal,5097,93,runtime/knowledge/source/linux_master_library_v1.pdf,komendy,candidate,,,,high
rm -rf /var/log/journal bypassing vacuum logic.',rm -rf /var/log/journal bypassing vacuum logic.',rm,File Management,Dangerous Mistakes,rm -rf /var/log/journal` bypassing vacuum logic.,5102,93,runtime/knowledge/source/linux_master_library_v1.pdf,komendy,unresolved,,,likely_contamination_or_comment | weak_description,low
rm -rf /var/log/old_metrics_data/,rm -rf /var/log/old_metrics_data/,rm,File Management,• Przykład produkcyjny:,rm -rf /var/log/old_metrics_data/,5107,93,runtime/knowledge/source/linux_master_library_v1.pdf,encyklopedia_inzynierii_linux.html,candidate,,,,high
rm -rf dir/,rm -rf dir/,rm,File Management,recursive force remove. DANGEROUS,rm -rf dir/,5112,93,runtime/knowledge/source/linux_master_library_v1.pdf,RHCSA_Command_Library.pdf | komendy,duplicate_existing,canonical+command_index,rm -rf dir/,,high
rm -v file,rm -v file,rm,File Management,Sekcja Komend,rm -v file,5117,93,runtime/knowledge/source/linux_master_library_v1.pdf,RHCSA_Command_Library.pdf,duplicate_existing,canonical+command_index,rm -v file,weak_description,high
rm file.txt,rm file.txt,rm,File Management,Sekcja Komend,rm file.txt,5122,93,runtime/knowledge/source/linux_master_library_v1.pdf,RHCSA_Command_Library.pdf,duplicate_existing,canonical+command_index,rm file.txt,weak_description,high
sudo rm -rf /,sudo rm -rf /,rm,File Management,. 93,sudo rm -rf /,5127,93,runtime/knowledge/source/linux_master_library_v1.pdf,komendy,candidate,,,,high
sudo rm -rf /.',sudo rm -rf /.',rm,File Management,Dangerous Mistakes sudo rm -rf /`.,,5137,94,runtime/knowledge/source/linux_master_library_v1.pdf,komendy,candidate,,,,high
rmdir,rmdir,rmdir,File Management,Usuwa pusty katalog,rmdir olddir,5142,94,runtime/knowledge/source/linux_master_library_v1.pdf,LINUX COMMAND,candidate,,,,high
sha256sum,sha256sum,sha256sum,File Management,Sumy SHA256,sha256sum file.iso,5147,94,runtime/knowledge/source/linux_master_library_v1.pdf,LINUX COMMAND,candidate,,,,high
sha256sum -c,sha256sum -c,sha256sum,File Management,Komentarz Komentarz w skrypcie function myfunc() { Definicja funkcji,sha256sum -c,5152,94,runtime/knowledge/source/linux_master_library_v1.pdf,RHCSA_Command_Library.pdf,candidate,,,,high
sha256sum -c checksums.txt,sha256sum -c checksums.txt,sha256sum,File Management,verify file integrity. SAFE,sha256sum -c checksums.txt,5157,94,runtime/knowledge/source/linux_master_library_v1.pdf,komendy,candidate,,,,high
sha256sum file,sha256sum file,sha256sum,File Management,bc Arytmetyka z bc,sha256sum file,5162,94,runtime/knowledge/source/linux_master_library_v1.pdf,RHCSA_Command_Library.pdf,candidate,,,,high
split,split,split,File Management,Dzieli plik na części,split -b 1M largefile,5167,94,runtime/knowledge/source/linux_master_library_v1.pdf,LINUX COMMAND,candidate,,,,high
stat,stat,stat,File Management,Szczegółowe metadane pliku 94,stat /etc/passwd,5172,94,runtime/knowledge/source/linux_master_library_v1.pdf,LINUX COMMAND,candidate,,,,high
stat /etc/passwd,stat /etc/passwd,stat,File Management,"inode, access times, blocks. SAFE",stat /etc/passwd,5182,95,runtime/knowledge/source/linux_master_library_v1.pdf,komendy,candidate,,,,high
tac,tac,tac,File Management,Odwraca kolejność linii,tac /var/log/messages,5187,95,runtime/knowledge/source/linux_master_library_v1.pdf,LINUX COMMAND,candidate,,,,high
tac file,tac file,tac,File Management,reverse lines. SAFE,tac file,5192,95,runtime/knowledge/source/linux_master_library_v1.pdf,komendy,candidate,,,,high
tac file.txt,tac file.txt,tac,File Management,Sekcja Komend,tac file.txt,5197,95,runtime/knowledge/source/linux_master_library_v1.pdf,RHCSA_Command_Library.pdf,candidate,,,weak_description,medium
tail,tail,tail,File Management,Ostatnie N linii,tail -f /var/log/messages,5202,95,runtime/knowledge/source/linux_master_library_v1.pdf,LINUX COMMAND,candidate,,,,high
tail -F file.txt led plik (nawet gdy zostanie column -t file.txt,tail -F file.txt led plik (nawet gdy zostanie column -t file.txt,tail,File Management,Sekcja Komend,tail -F file.txt led plik (nawet gdy zostanie column -t file.txt,5207,95,runtime/knowledge/source/linux_master_library_v1.pdf,RHCSA_Command_Library.pdf,candidate,,,weak_description,medium
tail -c 200 file.txt,tail -c 200 file.txt,tail,File Management,Sekcja Komend,tail -c 200 file.txt,5212,95,runtime/knowledge/source/linux_master_library_v1.pdf,RHCSA_Command_Library.pdf,candidate,,,weak_description,medium
tail -f /var/log/messages,tail -f /var/log/messages,tail,File Management,follow messages (RHEL). SAFE 95,tail -f /var/log/messages,5217,95,runtime/knowledge/source/linux_master_library_v1.pdf,komendy,candidate,,,,high
tail -f /var/log/syslog,tail -f /var/log/syslog,tail,File Management,follow syslog (Debian). SAFE,tail -f /var/log/syslog,5227,96,runtime/knowledge/source/linux_master_library_v1.pdf,komendy,candidate,,,,high
tail -f file.txt led plik na bieco (logi) unexpand file.txt,tail -f file.txt led plik na bieco (logi) unexpand file.txt,tail,File Management,Sekcja Komend,tail -f file.txt led plik na bieco (logi) unexpand file.txt,5232,96,runtime/knowledge/source/linux_master_library_v1.pdf,RHCSA_Command_Library.pdf,candidate,,,weak_description,medium
tail -f ledzenie logów bezpieczestwa sar -d,tail -f ledzenie logów bezpieczestwa sar -d,tail,File Management,Sekcja Komend,tail -f ledzenie logów bezpieczestwa sar -d 1 5,5237,96,runtime/knowledge/source/linux_master_library_v1.pdf,RHCSA_Command_Library.pdf,candidate,,,weak_description,medium
tail -f ledzenie logów systemowych sar -r,tail -f ledzenie logów systemowych sar -r,tail,File Management,Sekcja Komend,tail -f ledzenie logów systemowych sar -r 1 5,5242,96,runtime/knowledge/source/linux_master_library_v1.pdf,RHCSA_Command_Library.pdf,candidate,,,weak_description,medium
tail -n +5 file.txt,tail -n +5 file.txt,tail,File Management,Sekcja Komend,tail -n +5 file.txt,5247,96,runtime/knowledge/source/linux_master_library_v1.pdf,RHCSA_Command_Library.pdf,candidate,,,weak_description,medium
tail -n 20 file,tail -n 20 file,tail,File Management,last lines. SAFE,tail -n 20 file,5252,96,runtime/knowledge/source/linux_master_library_v1.pdf,komendy,candidate,,,,high
tail -n 20 file.txt,tail -n 20 file.txt,tail,File Management,Sekcja Komend,tail -n 20 file.txt,5257,96,runtime/knowledge/source/linux_master_library_v1.pdf,RHCSA_Command_Library.pdf,candidate,,,weak_description,medium
tail file.txt,tail file.txt,tail,File Management,Sekcja Komend 96,tail file.txt,5262,96,runtime/knowledge/source/linux_master_library_v1.pdf,RHCSA_Command_Library.pdf,candidate,,,,high
touch,touch,touch,File Management,Tworzy pusty plik lub aktualizuje czas,touch newfile.txt,5272,97,runtime/knowledge/source/linux_master_library_v1.pdf,LINUX COMMAND,duplicate_existing,command_index,touch,,high
touch -d,touch -d,touch,File Management,Sekcja Komend,touch -d,5277,97,runtime/knowledge/source/linux_master_library_v1.pdf,RHCSA_Command_Library.pdf,duplicate_existing,canonical+command_index,touch -d,weak_description,high
touch -t,touch -t,touch,File Management,Sekcja Komend,touch -t,5282,97,runtime/knowledge/source/linux_master_library_v1.pdf,RHCSA_Command_Library.pdf,duplicate_existing,canonical+command_index,touch -t,weak_description,high
touch file,touch file,touch,File Management,create or update mtime. SAFE,touch file,5287,97,runtime/knowledge/source/linux_master_library_v1.pdf,komendy,unresolved,,,probable_pdf_merge_artifact,low
touch file.txt,touch file.txt,touch,File Management,Sekcja Komend,touch file.txt,5292,97,runtime/knowledge/source/linux_master_library_v1.pdf,RHCSA_Command_Library.pdf,unresolved,canonical+command_index,touch file.txt,weak_description | probable_pdf_merge_artifact,low
touch kernel logic,touch kernel logic,touch,File Management,20. DODATKOWE NARZĘDZIA SYSTEMOWE (Rozszerzenie),touch kernel logic,5297,97,runtime/knowledge/source/linux_master_library_v1.pdf,LINUX COMMAND,unresolved,,,likely_contamination_or_comment | probable_pdf_merge_artifact,low
touch planner systems,touch planner systems,touch,File Management,20. DODATKOWE NARZĘDZIA SYSTEMOWE (Rozszerzenie),touch planner systems,5302,97,runtime/knowledge/source/linux_master_library_v1.pdf,LINUX COMMAND,unresolved,,,likely_contamination_or_comment | probable_pdf_merge_artifact,low
tree -dL 2 /etc,tree -dL 2 /etc,tree,File Management,"directory tree, depth-limited. SAFE 97",tree -dL 2 /etc,5307,97,runtime/knowledge/source/linux_master_library_v1.pdf,komendy,candidate,,,,high
type,type,type,File Management,Określa typ komendy,type cd,5317,98,runtime/knowledge/source/linux_master_library_v1.pdf,LINUX COMMAND,candidate,,,,high
type -a ls,type -a ls,type,File Management,command resolution. SAFE,type -a ls,5322,98,runtime/knowledge/source/linux_master_library_v1.pdf,komendy,candidate,,,,high
type httpd_t;,type httpd_t;,type,File Management,24.1 SELinux — Tworzenie Polityk,type httpd_t;,5327,98,runtime/knowledge/source/linux_master_library_v1.pdf,linux_engineering_book.md | linux_engineering_book.pdf,candidate,,,,high
type user_home_t;,type user_home_t;,type,File Management,24.1 SELinux — Tworzenie Polityk,type user_home_t;,5332,98,runtime/knowledge/source/linux_master_library_v1.pdf,linux_engineering_book.md | linux_engineering_book.pdf,candidate,,,,high
umount,umount,umount,File Management,Odmontowuje,umount /mnt,5337,98,runtime/knowledge/source/linux_master_library_v1.pdf,LINUX COMMAND,candidate,,,,high
umount -f /mnt,umount -f /mnt,umount,File Management,Sekcja Komend,umount -f /mnt,5342,98,runtime/knowledge/source/linux_master_library_v1.pdf,RHCSA_Command_Library.pdf,candidate,,,weak_description,medium
umount -l,umount -l,umount,File Management,Lazy unmount,umount -l /mnt,5347,98,runtime/knowledge/source/linux_master_library_v1.pdf,LINUX COMMAND,candidate,,,,high
umount -l /mnt,umount -l /mnt,umount,File Management,lazy unmount. CAUTION 98,umount -l /mnt,5352,98,runtime/knowledge/source/linux_master_library_v1.pdf,RHCSA_Command_Library.pdf | komendy,candidate,,,,high
umount /dev/sdb1,umount /dev/sdb1,umount,File Management,Sekcja Komend,umount /dev/sdb1,5362,99,runtime/knowledge/source/linux_master_library_v1.pdf,RHCSA_Command_Library.pdf,candidate,,,weak_description,medium
umount /mnt,umount /mnt,umount,File Management,unmount. CAUTION (fails if busy),umount /mnt,5367,99,runtime/knowledge/source/linux_master_library_v1.pdf,RHCSA_Command_Library.pdf | komendy,candidate,,,,high
updatedb,updatedb,updatedb,File Management,Aktualizuje bazę locate,updatedb,5372,99,runtime/knowledge/source/linux_master_library_v1.pdf,LINUX COMMAND,duplicate_existing,canonical+command_index,updatedb,,high
whereis,whereis,whereis,File Management,Lokalizuje binaria i manuale,whereis sshd,5377,99,runtime/knowledge/source/linux_master_library_v1.pdf,LINUX COMMAND,candidate,,,,high
whereis -b ls,whereis -b ls,whereis,File Management,binary location. SAFE,whereis -b ls,5382,99,runtime/knowledge/source/linux_master_library_v1.pdf,komendy,candidate,,,,high
which,which,which,File Management,Lokalizuje plik wykonywalny,which python3 | which,5387,99,runtime/knowledge/source/linux_master_library_v1.pdf,LINUX COMMAND | komendy,candidate,,,,high
which python3,which python3,which,File Management,path in $PATH. SAFE,which python3,5393,99,runtime/knowledge/source/linux_master_library_v1.pdf,komendy,candidate,,,,high
chage,chage,chage,Users & Permissions,Zarządzanie datą wygaśnięcia 99,chage -l john,5399,99,runtime/knowledge/source/linux_master_library_v1.pdf,LINUX COMMAND,candidate,,,,high
chage -E,chage -E,chage,Users & Permissions,Data wygaśnięcia konta,chage -E 2025-12-31 john,5409,100,runtime/knowledge/source/linux_master_library_v1.pdf,LINUX COMMAND,candidate,,,,high
chage -M,chage -M,chage,Users & Permissions,Maksymalny wiek hasła,chage -M 90 john,5414,100,runtime/knowledge/source/linux_master_library_v1.pdf,LINUX COMMAND,candidate,,,,high
chage -M 90 -m 7 -W 14 alice,chage -M 90 -m 7 -W 14 alice,chage,Users & Permissions,password aging. CAUTION,chage -M 90 -m 7 -W 14 alice,5419,100,runtime/knowledge/source/linux_master_library_v1.pdf,komendy,candidate,,,,high
chage -M 90 user1 # max 90 dni ważności hasła,chage -M 90 user1 # max 90 dni ważności hasła,chage,Users & Permissions,/etc/modprobe.d/bonding.conf,chage -M 90 user1 # max 90 dni ważności hasła,5424,100,runtime/knowledge/source/linux_master_library_v1.pdf,linux_engineering_book.md | linux_engineering_book.pdf,candidate,,,,high
chage -l user,chage -l user,chage,Users & Permissions,Sekcja Komend,chage -l user,5429,100,runtime/knowledge/source/linux_master_library_v1.pdf,RHCSA_Command_Library.pdf,candidate,,,weak_description,medium
chage -l user1 # informacje o haśle,chage -l user1 # informacje o haśle,chage,Users & Permissions,/etc/modprobe.d/bonding.conf,chage -l user1 # informacje o haśle,5434,100,runtime/knowledge/source/linux_master_library_v1.pdf,linux_engineering_book.md | linux_engineering_book.pdf,candidate,,,,high
chattr,chattr,chattr,Users & Permissions,Zmienia atrybuty rozszerzone,chattr +i file.txt,5439,100,runtime/knowledge/source/linux_master_library_v1.pdf,LINUX COMMAND,candidate,,,,high
chattr +a file,chattr +a file,chattr,Users & Permissions,append-only. CAUTION 100,chattr +a file,5444,100,runtime/knowledge/source/linux_master_library_v1.pdf,komendy,candidate,,,,high
chattr +a file # append-only,chattr +a file # append-only,chattr,Users & Permissions,Atrybuty plików (ext4),chattr +a file # append-only,5454,101,runtime/knowledge/source/linux_master_library_v1.pdf,linux_engineering_book.md | linux_engineering_book.pdf,candidate,,,,high
chattr +i,chattr +i,chattr,Users & Permissions,on critical configs.,chattr +i,5459,101,runtime/knowledge/source/linux_master_library_v1.pdf,komendy,candidate,,,,high
chattr +i /etc/resolv.conf,chattr +i /etc/resolv.conf,chattr,Users & Permissions,prevent DNS tampering. CAUTION,chattr +i /etc/resolv.conf,5464,101,runtime/knowledge/source/linux_master_library_v1.pdf,komendy,candidate,,,,high
chattr +i file,chattr +i file,chattr,Users & Permissions,immutable. CAUTION (root cannot modify without removal),chattr +i file,5469,101,runtime/knowledge/source/linux_master_library_v1.pdf,komendy,candidate,,,,high
chattr +i file # immutable — nie można zmienić/usunąć,chattr +i file # immutable — nie można zmienić/usunąć,chattr,Users & Permissions,Atrybuty plików (ext4),chattr +i file # immutable — nie można zmienić/usunąć,5474,101,runtime/knowledge/source/linux_master_library_v1.pdf,linux_engineering_book.md | linux_engineering_book.pdf,candidate,,,,high
chfn,chfn,chfn,Users & Permissions,Zmiana danych GECOS,"chfn -f ""John",5479,101,runtime/knowledge/source/linux_master_library_v1.pdf,LINUX COMMAND,candidate,,,,high
chgrp,chgrp,chgrp,Users & Permissions,Zmienia grupę,chgrp developers file.txt,5484,101,runtime/knowledge/source/linux_master_library_v1.pdf,LINUX COMMAND,candidate,,,,high
chgrp group file,chgrp group file,chgrp,Users & Permissions,change group only. CAUTION 101,chgrp group file,5489,101,runtime/knowledge/source/linux_master_library_v1.pdf,komendy,candidate,,,,high
chmod,chmod,chmod,Users & Permissions,Zmienia uprawnienia,chmod 755 script.sh | chmod,5499,102,runtime/knowledge/source/linux_master_library_v1.pdf,LINUX COMMAND | RHCSA_Command_Library.pdf,duplicate_existing,canonical+command_index,chmod,,high
chmod +t /tmp,chmod +t /tmp,chmod,Users & Permissions,sticky bit. SAFE,chmod +t /tmp,5505,102,runtime/knowledge/source/linux_master_library_v1.pdf,komendy,candidate,,,,high
chmod +t dir,chmod +t dir,chmod,Users & Permissions,Sekcja Komend,chmod +t dir,5510,102,runtime/knowledge/source/linux_master_library_v1.pdf,RHCSA_Command_Library.pdf,duplicate_existing,canonical+command_index,chmod +t dir,weak_description,high
chmod +t directory #,chmod +t directory #,chmod,Users & Permissions,Uprawnienia plików,chmod +t directory #,5515,102,runtime/knowledge/source/linux_master_library_v1.pdf,linux_engineering_book.md | linux_engineering_book.pdf,candidate,,,,high
chmod +x,chmod +x,chmod,Users & Permissions,Nadaje prawo wykonania,chmod +x script.sh,5520,102,runtime/knowledge/source/linux_master_library_v1.pdf,LINUX COMMAND,candidate,,,,high
chmod +x script.sh,chmod +x script.sh,chmod,Users & Permissions,Komentarz Komentarz w skrypcie function myfunc() { Definicja funkcji,chmod +x script.sh,5525,102,runtime/knowledge/source/linux_master_library_v1.pdf,RHCSA_Command_Library.pdf,duplicate_existing,canonical+command_index,chmod +x script.sh,,high
chmod -R,chmod -R,chmod,Users & Permissions,Rekurencyjnie,chmod -R 755 /var/www | chmod -R,5530,102,runtime/knowledge/source/linux_master_library_v1.pdf,LINUX COMMAND | komendy,candidate,,,,high
chmod -R 750 directory # rekursywnie,chmod -R 750 directory # rekursywnie,chmod,Users & Permissions,Uprawnienia plików 102,chmod -R 750 directory # rekursywnie,5536,102,runtime/knowledge/source/linux_master_library_v1.pdf,linux_engineering_book.md | linux_engineering_book.pdf,candidate,,,,high
chmod -R 755 dir/,chmod -R 755 dir/,chmod,Users & Permissions,Sekcja Komend,chmod -R 755 dir/,5546,103,runtime/knowledge/source/linux_master_library_v1.pdf,RHCSA_Command_Library.pdf,duplicate_existing,canonical+command_index,chmod -R 755 dir/,weak_description,high
chmod 1755 dir,chmod 1755 dir,chmod,Users & Permissions,Sekcja Komend,chmod 1755 dir,5551,103,runtime/knowledge/source/linux_master_library_v1.pdf,RHCSA_Command_Library.pdf,duplicate_existing,canonical+command_index,chmod 1755 dir,weak_description,high
chmod 2755 dir,chmod 2755 dir,chmod,Users & Permissions,Sekcja Komend,chmod 2755 dir,5556,103,runtime/knowledge/source/linux_master_library_v1.pdf,RHCSA_Command_Library.pdf,duplicate_existing,canonical+command_index,chmod 2755 dir,weak_description,high
chmod 4755 file,chmod 4755 file,chmod,Users & Permissions,Sekcja Komend,chmod 4755 file,5561,103,runtime/knowledge/source/linux_master_library_v1.pdf,RHCSA_Command_Library.pdf,duplicate_existing,canonical+command_index,chmod 4755 file,weak_description,high
chmod 600 /swapfile,chmod 600 /swapfile,chmod,Users & Permissions,Tworzenie swap,chmod 600 /swapfile,5566,103,runtime/knowledge/source/linux_master_library_v1.pdf,linux_engineering_book.md | linux_engineering_book.pdf,candidate,,,,high
chmod 600 file,chmod 600 file,chmod,Users & Permissions,Sekcja Komend,chmod 600 file,5571,103,runtime/knowledge/source/linux_master_library_v1.pdf,RHCSA_Command_Library.pdf,duplicate_existing,canonical+command_index,chmod 600 file,weak_description,high
chmod 644 file,chmod 644 file,chmod,Users & Permissions,Sekcja Komend,chmod 644 file,5576,103,runtime/knowledge/source/linux_master_library_v1.pdf,RHCSA_Command_Library.pdf,duplicate_existing,canonical+command_index,chmod 644 file,weak_description,high
chmod 700 /home/*,chmod 700 /home/*,chmod,Users & Permissions,enforce private home dirs. CAUTION 103,chmod 700 /home/*,5581,103,runtime/knowledge/source/linux_master_library_v1.pdf,komendy,candidate,,,,high
chmod 750 dir,chmod 750 dir,chmod,Users & Permissions,rwxr-x—. CAUTION,chmod 750 dir,5591,104,runtime/knowledge/source/linux_master_library_v1.pdf,komendy,candidate,,,,high
chmod 755 file,chmod 755 file,chmod,Users & Permissions,Sekcja Komend,chmod 755 file,5596,104,runtime/knowledge/source/linux_master_library_v1.pdf,RHCSA_Command_Library.pdf,duplicate_existing,canonical+command_index,chmod 755 file,weak_description,high
chmod 755 file # rwxr-xr-x,chmod 755 file # rwxr-xr-x,chmod,Users & Permissions,Uprawnienia plików,chmod 755 file # rwxr-xr-x,5601,104,runtime/knowledge/source/linux_master_library_v1.pdf,linux_engineering_book.md | linux_engineering_book.pdf,candidate,,,,high
chmod,chmod,chmod,Users & Permissions,anywhere in production.,chmod 777,5606,104,runtime/knowledge/source/linux_master_library_v1.pdf,komendy,duplicate_existing,canonical+command_index+candidate_internal,chmod,,high
chmod 777 /etc,chmod 777 /etc,chmod,Users & Permissions,or .,chmod 777 /etc,5611,104,runtime/knowledge/source/linux_master_library_v1.pdf,komendy,candidate,,,,high
chmod 777 /etc or chown -R user:user /.',chmod 777 /etc or chown -R user:user /.',chmod,Users & Permissions,Dangerous Mistakes,chmod 777 /etc` or `chown -R user:user /`.,5616,104,runtime/knowledge/source/linux_master_library_v1.pdf,komendy,candidate,,,weak_description,medium
chmod 777 file,chmod 777 file,chmod,Users & Permissions,Sekcja Komend,chmod 777 file,5621,104,runtime/knowledge/source/linux_master_library_v1.pdf,RHCSA_Command_Library.pdf,duplicate_existing,canonical+command_index,chmod 777 file,weak_description,high
chmod a+r file,chmod a+r file,chmod,Users & Permissions,Sekcja Komend 104,chmod a+r file,5626,104,runtime/knowledge/source/linux_master_library_v1.pdf,RHCSA_Command_Library.pdf,duplicate_existing,canonical+command_index,chmod a+r file,,high
chmod g+s,chmod g+s,chmod,Users & Permissions,Setgid bit,chmod g+s /shared,5636,105,runtime/knowledge/source/linux_master_library_v1.pdf,LINUX COMMAND,candidate,,,,high
chmod g+s /shared,chmod g+s /shared,chmod,Users & Permissions,setgid on directory. CAUTION,chmod g+s /shared,5641,105,runtime/knowledge/source/linux_master_library_v1.pdf,komendy,candidate,,,,high
chmod g+s dir,chmod g+s dir,chmod,Users & Permissions,Sekcja Komend,chmod g+s dir,5646,105,runtime/knowledge/source/linux_master_library_v1.pdf,RHCSA_Command_Library.pdf,duplicate_existing,canonical+command_index,chmod g+s dir,weak_description,high
chmod g+s directory #,chmod g+s directory #,chmod,Users & Permissions,Uprawnienia plików,chmod g+s directory #,5651,105,runtime/knowledge/source/linux_master_library_v1.pdf,linux_engineering_book.md | linux_engineering_book.pdf,candidate,,,,high
chmod g-w,chmod g-w,chmod,Users & Permissions,Odbiera write dla grupy,chmod g-w file.txt,5656,105,runtime/knowledge/source/linux_master_library_v1.pdf,LINUX COMMAND,candidate,,,,high
chmod g-w file,chmod g-w file,chmod,Users & Permissions,Sekcja Komend,chmod g-w file,5661,105,runtime/knowledge/source/linux_master_library_v1.pdf,RHCSA_Command_Library.pdf,duplicate_existing,canonical+command_index,chmod g-w file,weak_description,high
chmod g-w file # usuń write dla grupy,chmod g-w file # usuń write dla grupy,chmod,Users & Permissions,Uprawnienia plików,chmod g-w file # usuń write dla grupy,5666,105,runtime/knowledge/source/linux_master_library_v1.pdf,linux_engineering_book.md | linux_engineering_book.pdf,candidate,,,,high
chmod o+t,chmod o+t,chmod,Users & Permissions,Sticky bit 105,chmod o+t /tmp,5671,105,runtime/knowledge/source/linux_master_library_v1.pdf,LINUX COMMAND,candidate,,,,high
chmod o-r file,chmod o-r file,chmod,Users & Permissions,Sekcja Komend,chmod o-r file,5681,106,runtime/knowledge/source/linux_master_library_v1.pdf,RHCSA_Command_Library.pdf,duplicate_existing,canonical+command_index,chmod o-r file,weak_description,high
chmod o= file # usuń wszystko dla others,chmod o= file # usuń wszystko dla others,chmod,Users & Permissions,Uprawnienia plików,chmod o= file # usuń wszystko dla others,5686,106,runtime/knowledge/source/linux_master_library_v1.pdf,linux_engineering_book.md | linux_engineering_book.pdf,candidate,,,,high
chmod o=r,chmod o=r,chmod,Users & Permissions,Ustawia read dla innych,chmod o=r file.txt,5691,106,runtime/knowledge/source/linux_master_library_v1.pdf,LINUX COMMAND,candidate,,,,high
chmod u+s,chmod u+s,chmod,Users & Permissions,Setuid bit,chmod u+s /usr/bin/passwd,5696,106,runtime/knowledge/source/linux_master_library_v1.pdf,LINUX COMMAND,candidate,,,,high
chmod u+s /bin/ping,chmod u+s /bin/ping,chmod,Users & Permissions,setuid. DANGEROUS,chmod u+s /bin/ping,5701,106,runtime/knowledge/source/linux_master_library_v1.pdf,komendy,candidate,,,,high
chmod u+s file,chmod u+s file,chmod,Users & Permissions,Kopiuj ACL midzy katalogami,chmod u+s file,5706,106,runtime/knowledge/source/linux_master_library_v1.pdf,RHCSA_Command_Library.pdf,duplicate_existing,canonical+command_index,chmod u+s file,,high
chmod u+s file #,chmod u+s file #,chmod,Users & Permissions,Uprawnienia plików,chmod u+s file #,5711,106,runtime/knowledge/source/linux_master_library_v1.pdf,linux_engineering_book.md | linux_engineering_book.pdf,candidate,,,,high
chmod u+x,chmod u+x,chmod,Users & Permissions,Dodaje execute dla właściciela 106,chmod u+x script.sh,5716,106,runtime/knowledge/source/linux_master_library_v1.pdf,LINUX COMMAND,candidate,,,,high
chmod u+x file,chmod u+x file,chmod,Users & Permissions,add owner execute. SAFE,chmod u+x file,5726,107,runtime/knowledge/source/linux_master_library_v1.pdf,RHCSA_Command_Library.pdf | komendy,duplicate_existing,canonical+command_index,chmod u+x file,,high
chmod u+x file # dodaj execute dla właściciela,chmod u+x file # dodaj execute dla właściciela,chmod,Users & Permissions,Uprawnienia plików,chmod u+x file # dodaj execute dla właściciela,5731,107,runtime/knowledge/source/linux_master_library_v1.pdf,linux_engineering_book.md | linux_engineering_book.pdf,candidate,,,,high
"chmod u=rwx,g=rx,o=r","chmod u=rwx,g=rx,o=r",chmod,Users & Permissions,Sekcja Komend,"chmod u=rwx,g=rx,o=r",5736,107,runtime/knowledge/source/linux_master_library_v1.pdf,RHCSA_Command_Library.pdf,duplicate_existing,canonical+command_index,"chmod u=rwx,g=rx,o=r",weak_description,high
chown,chown,chown,Users & Permissions,Zmienia właściciela,chown john file.txt,5741,107,runtime/knowledge/source/linux_master_library_v1.pdf,LINUX COMMAND,duplicate_existing,canonical+command_index,chown,,high
chown -R,chown -R,chown,Users & Permissions,Rekurencyjnie,chown -R apache:apache /var/www,5746,107,runtime/knowledge/source/linux_master_library_v1.pdf,LINUX COMMAND,candidate,,,,high
chown -R user:group,chown -R user:group,chown,Users & Permissions,Sekcja Komend,chown -R user:group,5751,107,runtime/knowledge/source/linux_master_library_v1.pdf,RHCSA_Command_Library.pdf,duplicate_existing,canonical+command_index,chown -R user:group,weak_description,high
chown -R user:user /,chown -R user:user /,chown,Users & Permissions,or .,chown -R user:user /,5756,107,runtime/knowledge/source/linux_master_library_v1.pdf,komendy,candidate,,,,high
chown :group file,chown :group file,chown,Users & Permissions,Sekcja Komend 107,chown :group file,5761,107,runtime/knowledge/source/linux_master_library_v1.pdf,RHCSA_Command_Library.pdf,duplicate_existing,canonical+command_index,chown :group file,,high
chown user file,chown user file,chown,Users & Permissions,Sekcja Komend,chown user file,5771,108,runtime/knowledge/source/linux_master_library_v1.pdf,RHCSA_Command_Library.pdf,duplicate_existing,canonical+command_index,chown user file,weak_description,high
chown user:group,chown user:group,chown,Users & Permissions,Właściciel i grupa,chown john:developers file.txt | chown user:group,5776,108,runtime/knowledge/source/linux_master_library_v1.pdf,LINUX COMMAND | RHCSA_Command_Library.pdf,duplicate_existing,canonical+command_index,chown user:group,,high
chown user:group file,chown user:group file,chown,Users & Permissions,change owner and group. CAUTION,chown user:group file,5782,108,runtime/knowledge/source/linux_master_library_v1.pdf,komendy,candidate,,,,high
chpasswd,chpasswd,chpasswd,Users & Permissions,"Masowa zmiana haseł echo ""john:pass123"" \",,5787,108,runtime/knowledge/source/linux_master_library_v1.pdf,LINUX COMMAND,candidate,,,,high
chsh,chsh,chsh,Users & Permissions,Zmiana powłoki,chsh -s /bin/zsh john,5792,108,runtime/knowledge/source/linux_master_library_v1.pdf,LINUX COMMAND,candidate,,,,high
faillock,faillock,faillock,Users & Permissions,Blokada po nieudanych logowaniach,faillock --user john,5797,108,runtime/knowledge/source/linux_master_library_v1.pdf,LINUX COMMAND,candidate,,,,high
faillock --reset,faillock --reset,faillock,Users & Permissions,Resetuje licznik,faillock --user john --reset,5802,108,runtime/knowledge/source/linux_master_library_v1.pdf,LINUX COMMAND,candidate,,,,high
faillock --user alice,faillock --user alice,faillock,Users & Permissions,check lockout status. SAFE 108,faillock --user alice,5807,108,runtime/knowledge/source/linux_master_library_v1.pdf,komendy,candidate,,,,high
faillock --user alice --reset,faillock --user alice --reset,faillock,Users & Permissions,reset lockout. CAUTION,faillock --user alice --reset,5817,109,runtime/knowledge/source/linux_master_library_v1.pdf,komendy,candidate,,,,high
getfacl,getfacl,getfacl,Users & Permissions,Wyświetla ACL,getfacl file.txt,5822,109,runtime/knowledge/source/linux_master_library_v1.pdf,LINUX COMMAND,candidate,,,,high
getfacl file,getfacl file,getfacl,Users & Permissions,display ACL. SAFE,getfacl file,5827,109,runtime/knowledge/source/linux_master_library_v1.pdf,komendy,candidate,,,,high
getfacl file # pokaż,getfacl file # pokaż,getfacl,Users & Permissions,ACL (Access Control Lists),getfacl file # pokaż,5832,109,runtime/knowledge/source/linux_master_library_v1.pdf,linux_engineering_book.md | linux_engineering_book.pdf,candidate,,,,high
getfattr,getfattr,getfattr,Users & Permissions,Rozszerzone atrybuty (xattr),getfattr -d file.txt,5837,109,runtime/knowledge/source/linux_master_library_v1.pdf,LINUX COMMAND,candidate,,,,high
getfattr -n,getfattr -n,getfattr,Users & Permissions,Get specific xattr,getfattr -n user.comment file,5842,109,runtime/knowledge/source/linux_master_library_v1.pdf,LINUX COMMAND,candidate,,,,high
gpasswd,gpasswd,gpasswd,Users & Permissions,Hasło grupy/administratorzy,gpasswd -a john wheel,5847,109,runtime/knowledge/source/linux_master_library_v1.pdf,LINUX COMMAND,candidate,,,,high
gpasswd -a user,gpasswd -a user,gpasswd,Users & Permissions,Sekcja Komend 109,gpasswd -a user,5852,109,runtime/knowledge/source/linux_master_library_v1.pdf,RHCSA_Command_Library.pdf,candidate,,,,high
gpasswd -d user,gpasswd -d user,gpasswd,Users & Permissions,Sekcja Komend,gpasswd -d user,5862,110,runtime/knowledge/source/linux_master_library_v1.pdf,RHCSA_Command_Library.pdf,candidate,,,weak_description,medium
groupadd,groupadd,groupadd,Users & Permissions,Tworzy grupę,groupadd developers,5867,110,runtime/knowledge/source/linux_master_library_v1.pdf,LINUX COMMAND,candidate,,,,high
groupadd -g,groupadd -g,groupadd,Users & Permissions,Sekcja Komend,groupadd -g 1500,5872,110,runtime/knowledge/source/linux_master_library_v1.pdf,RHCSA_Command_Library.pdf,candidate,,,weak_description,medium
groupadd -r sysgroup,groupadd -r sysgroup,groupadd,Users & Permissions,Sekcja Komend,groupadd -r sysgroup,5877,110,runtime/knowledge/source/linux_master_library_v1.pdf,RHCSA_Command_Library.pdf,candidate,,,weak_description,medium
groupadd groupname,groupadd groupname,groupadd,Users & Permissions,Sekcja Komend,groupadd groupname,5882,110,runtime/knowledge/source/linux_master_library_v1.pdf,RHCSA_Command_Library.pdf,candidate,,,weak_description,medium
groupdel,groupdel,groupdel,Users & Permissions,Usuwa grupę,groupdel developers,5887,110,runtime/knowledge/source/linux_master_library_v1.pdf,LINUX COMMAND,candidate,,,,high
groupdel groupname,groupdel groupname,groupdel,Users & Permissions,Sekcja Komend,groupdel groupname,5892,110,runtime/knowledge/source/linux_master_library_v1.pdf,RHCSA_Command_Library.pdf,candidate,,,weak_description,medium
groupmod,groupmod,groupmod,Users & Permissions,Modyfikuje grupę 110,groupmod -n newname oldname,5897,110,runtime/knowledge/source/linux_master_library_v1.pdf,LINUX COMMAND,candidate,,,,high
groupmod -g,groupmod -g,groupmod,Users & Permissions,Sekcja Komend,groupmod -g 1600,5907,111,runtime/knowledge/source/linux_master_library_v1.pdf,RHCSA_Command_Library.pdf,candidate,,,weak_description,medium
groupmod -n newname,groupmod -n newname,groupmod,Users & Permissions,Sekcja Komend,groupmod -n newname,5912,111,runtime/knowledge/source/linux_master_library_v1.pdf,RHCSA_Command_Library.pdf,candidate,,,weak_description,medium
groups,groups,groups,Users & Permissions,Grupy użytkownika,groups john,5917,111,runtime/knowledge/source/linux_master_library_v1.pdf,LINUX COMMAND,candidate,,,,high
grpck,grpck,grpck,Users & Permissions,verify group file integrity. SAFE,grpck,5922,111,runtime/knowledge/source/linux_master_library_v1.pdf,LINUX COMMAND | komendy,duplicate_existing,canonical+command_index,grpck,,high
id,id,id,Users & Permissions,Informacje o tożsamości,id john | id -u john,5927,111,runtime/knowledge/source/linux_master_library_v1.pdf,LINUX COMMAND,duplicate_existing,canonical+command_index,id,,high
id -Z,id -Z,id,Users & Permissions,Kontekst użytkownika,id -Z,5933,111,runtime/knowledge/source/linux_master_library_v1.pdf,LINUX COMMAND | RHCSA_Command_Library.pdf,candidate,,,,high
last,last,last,Users & Permissions,recent logins. SAFE,last | last -x,5938,111,runtime/knowledge/source/linux_master_library_v1.pdf,LINUX COMMAND | komendy,duplicate_existing,canonical+command_index,last,,high
lastb,lastb,lastb,Users & Permissions,failed login attempts. SAFE 111,lastb,5944,111,runtime/knowledge/source/linux_master_library_v1.pdf,LINUX COMMAND | komendy,duplicate_existing,canonical+command_index,lastb,,high
lastlog,lastlog,lastlog,Users & Permissions,last login all users. SAFE,lastlog | lastlog -u john,5954,112,runtime/knowledge/source/linux_master_library_v1.pdf,LINUX COMMAND | komendy,duplicate_existing,canonical+command_index,lastlog,,high
lsattr,lsattr,lsattr,Users & Permissions,Wyświetla atrybuty,lsattr file.txt,5960,112,runtime/knowledge/source/linux_master_library_v1.pdf,LINUX COMMAND,candidate,,,,high
lsattr file,lsattr file,lsattr,Users & Permissions,list attributes. SAFE,lsattr file,5965,112,runtime/knowledge/source/linux_master_library_v1.pdf,komendy,candidate,,,,high
lsattr file # pokaż atrybuty,lsattr file # pokaż atrybuty,lsattr,Users & Permissions,Atrybuty plików (ext4),lsattr file # pokaż atrybuty,5970,112,runtime/knowledge/source/linux_master_library_v1.pdf,linux_engineering_book.md | linux_engineering_book.pdf,candidate,,,,high
newgrp,newgrp,newgrp,Users & Permissions,Zmiana grupy efektywnej,newgrp developers,5975,112,runtime/knowledge/source/linux_master_library_v1.pdf,LINUX COMMAND,candidate,,,,high
passwd,passwd,passwd,Users & Permissions,Zmienia hasło,passwd john,5980,112,runtime/knowledge/source/linux_master_library_v1.pdf,LINUX COMMAND,candidate,,,,high
passwd --status user,passwd --status user,passwd,Users & Permissions,Sekcja Komend,passwd --status user,5985,112,runtime/knowledge/source/linux_master_library_v1.pdf,RHCSA_Command_Library.pdf,candidate,,,weak_description,medium
passwd -d,passwd -d,passwd,Users & Permissions,Usuwa hasło (puste) 112,passwd -d john,5990,112,runtime/knowledge/source/linux_master_library_v1.pdf,LINUX COMMAND,candidate,,,,high
passwd -d user,passwd -d user,passwd,Users & Permissions,Sekcja Komend,passwd -d user,6000,113,runtime/knowledge/source/linux_master_library_v1.pdf,RHCSA_Command_Library.pdf,candidate,,,weak_description,medium
passwd -e user,passwd -e user,passwd,Users & Permissions,Sekcja Komend,passwd -e user,6005,113,runtime/knowledge/source/linux_master_library_v1.pdf,RHCSA_Command_Library.pdf,candidate,,,weak_description,medium
passwd -i 10 user,passwd -i 10 user,passwd,Users & Permissions,Sekcja Komend,passwd -i 10 user,6010,113,runtime/knowledge/source/linux_master_library_v1.pdf,RHCSA_Command_Library.pdf,candidate,,,weak_description,medium
passwd -l,passwd -l,passwd,Users & Permissions,Blokuje hasło,passwd -l john,6015,113,runtime/knowledge/source/linux_master_library_v1.pdf,LINUX COMMAND,candidate,,,,high
passwd -l alice,passwd -l alice,passwd,Users & Permissions,lock password. CAUTION,passwd -l alice,6020,113,runtime/knowledge/source/linux_master_library_v1.pdf,komendy,candidate,,,,high
passwd -l user,passwd -l user,passwd,Users & Permissions,Sekcja Komend,passwd -l user,6025,113,runtime/knowledge/source/linux_master_library_v1.pdf,RHCSA_Command_Library.pdf,candidate,,,weak_description,medium
passwd -n 7 user,passwd -n 7 user,passwd,Users & Permissions,Sekcja Komend,passwd -n 7 user,6030,113,runtime/knowledge/source/linux_master_library_v1.pdf,RHCSA_Command_Library.pdf,candidate,,,weak_description,medium
passwd -u,passwd -u,passwd,Users & Permissions,Odblokowuje hasło 113,passwd -u john,6035,113,runtime/knowledge/source/linux_master_library_v1.pdf,LINUX COMMAND,candidate,,,,high
passwd -u user,passwd -u user,passwd,Users & Permissions,Sekcja Komend,passwd -u user,6045,114,runtime/knowledge/source/linux_master_library_v1.pdf,RHCSA_Command_Library.pdf,candidate,,,weak_description,medium
passwd -w 14 user,passwd -w 14 user,passwd,Users & Permissions,Sekcja Komend,passwd -w 14 user,6050,114,runtime/knowledge/source/linux_master_library_v1.pdf,RHCSA_Command_Library.pdf,candidate,,,weak_description,medium
passwd -x 90 user,passwd -x 90 user,passwd,Users & Permissions,Sekcja Komend,passwd -x 90 user,6055,114,runtime/knowledge/source/linux_master_library_v1.pdf,RHCSA_Command_Library.pdf,candidate,,,weak_description,medium
passwd root,passwd root,passwd,Users & Permissions,change root password. DANGEROUS linux_engineering_book.pdf,passwd root,6060,114,runtime/knowledge/source/linux_master_library_v1.pdf,encyklopedia_inzynierii_linux.html | encyklopedia_inzynierii_linux.pdf | komendy | linux_engineering_book.m,candidate,,,,high
passwd user,passwd user,passwd,Users & Permissions,Sekcja Komend,passwd user,6066,114,runtime/knowledge/source/linux_master_library_v1.pdf,RHCSA_Command_Library.pdf,candidate,,,weak_description,medium
passwd user1 # zmień hasło,passwd user1 # zmień hasło,passwd,Users & Permissions,/etc/modprobe.d/bonding.conf,passwd user1 # zmień hasło,6071,114,runtime/knowledge/source/linux_master_library_v1.pdf,linux_engineering_book.md | linux_engineering_book.pdf,candidate,,,,high
pwck,pwck,pwck,Users & Permissions,verify passwd file integrity. SAFE,pwck,6076,114,runtime/knowledge/source/linux_master_library_v1.pdf,LINUX COMMAND | komendy,duplicate_existing,canonical+command_index,pwck,,high
setfacl,setfacl,setfacl,Users & Permissions,Ustawia ACL 114,setfacl -m u:john:rw file.txt,6081,114,runtime/knowledge/source/linux_master_library_v1.pdf,LINUX COMMAND,candidate,,,,high
setfacl --set-file=-,setfacl --set-file=-,setfacl,Users & Permissions,Sekcja Komend,setfacl --set-file=-,6091,115,runtime/knowledge/source/linux_master_library_v1.pdf,RHCSA_Command_Library.pdf,candidate,,,weak_description,medium
setfacl -R,setfacl -R,setfacl,Users & Permissions,Rekurencyjne ACL,setfacl -R -m u:john:rx /shared,6096,115,runtime/knowledge/source/linux_master_library_v1.pdf,LINUX COMMAND,candidate,,,,high
setfacl -R -m d:u:alice:rwx dir,setfacl -R -m d:u:alice:rwx dir,setfacl,Users & Permissions,default ACL recursive. CAUTION,setfacl -R -m d:u:alice:rwx dir,6101,115,runtime/knowledge/source/linux_master_library_v1.pdf,komendy,candidate,,,,high
setfacl -b,setfacl -b,setfacl,Users & Permissions,Usuwa wszystkie ACL,setfacl -b file.txt,6106,115,runtime/knowledge/source/linux_master_library_v1.pdf,LINUX COMMAND,candidate,,,,high
setfacl -b file,setfacl -b file,setfacl,Users & Permissions,remove all ACLs. CAUTION,setfacl -b file,6111,115,runtime/knowledge/source/linux_master_library_v1.pdf,komendy,candidate,,,,high
setfacl -b file # usuń wszystkie,setfacl -b file # usuń wszystkie,setfacl,Users & Permissions,ACL (Access Control Lists),setfacl -b file # usuń wszystkie,6116,115,runtime/knowledge/source/linux_master_library_v1.pdf,linux_engineering_book.md | linux_engineering_book.pdf,candidate,,,,high
setfacl -d,setfacl -d,setfacl,Users & Permissions,Domyślne ACL (katalogi),setfacl -d -m u:john:rx /shared,6121,115,runtime/knowledge/source/linux_master_library_v1.pdf,LINUX COMMAND,candidate,,,,high
setfacl -d -m g:sec_auditors:rX /var/log/audit/,setfacl -d -m g:sec_auditors:rX /var/log/audit/,setfacl,Users & Permissions,"Ustawienie domyślnej maski ACL (Inheritance), aby każdy nowy plik automatycznie dziedziczył dostęp 115",setfacl -d -m g:sec_auditors:rX /var/log/audit/,6126,115,runtime/knowledge/source/linux_master_library_v1.pdf,encyklopedia_inzynierii_linux.html | encyklopedia_inzynierii_linux.pdf,candidate,,,,high
setfacl -m,setfacl -m,setfacl,Users & Permissions,Modyfikuje ACL,setfacl -m g:developers:rwx dir,6136,116,runtime/knowledge/source/linux_master_library_v1.pdf,LINUX COMMAND,candidate,,,,high
setfacl -m g:devs:rx file #,setfacl -m g:devs:rx file #,setfacl,Users & Permissions,ACL (Access Control Lists),setfacl -m g:devs:rx file #,6141,116,runtime/knowledge/source/linux_master_library_v1.pdf,linux_engineering_book.md | linux_engineering_book.pdf,candidate,,,,high
setfacl -m g:sec_auditors:rwX /var/log/audit/,setfacl -m g:sec_auditors:rwX /var/log/audit/,setfacl,Users & Permissions,Nadanie uprawnień odczytu i zapisu dla konkretnej grupy audytorów do katalogu logów,setfacl -m g:sec_auditors:rwX /var/log/audit/,6146,116,runtime/knowledge/source/linux_master_library_v1.pdf,encyklopedia_inzynierii_linux.html | encyklopedia_inzynierii_linux.pdf,candidate,,,,high
setfacl -m u:alice:rw file,setfacl -m u:alice:rw file,setfacl,Users & Permissions,grant user read-write. CAUTION,setfacl -m u:alice:rw file,6151,116,runtime/knowledge/source/linux_master_library_v1.pdf,komendy,candidate,,,,high
setfacl -m u:user1:rwx file # dodaj,setfacl -m u:user1:rwx file # dodaj,setfacl,Users & Permissions,ACL (Access Control Lists),setfacl -m u:user1:rwx file # dodaj,6156,116,runtime/knowledge/source/linux_master_library_v1.pdf,linux_engineering_book.md | linux_engineering_book.pdf,candidate,,,,high
setfacl -x,setfacl -x,setfacl,Users & Permissions,Usuwa wpis ACL,setfacl -x u:john file.txt,6161,116,runtime/knowledge/source/linux_master_library_v1.pdf,LINUX COMMAND,candidate,,,,high
setfattr,setfattr,setfattr,Users & Permissions,Ustawia xattr,"setfattr -n user.comment -v ""test"" file.txt",6166,116,runtime/knowledge/source/linux_master_library_v1.pdf,LINUX COMMAND,candidate,,,,high
setfattr -n,setfattr -n,setfattr,Users & Permissions,Set specific xattr 116,"setfattr -n user.comment -v ""value"" file",6171,116,runtime/knowledge/source/linux_master_library_v1.pdf,LINUX COMMAND,candidate,,,,high
setfattr -x,setfattr -x,setfattr,Users & Permissions,Remove specific xattr,setfattr -x user.comment file,6181,117,runtime/knowledge/source/linux_master_library_v1.pdf,LINUX COMMAND,candidate,,,,high
sg,sg,sg,Users & Permissions,Wykonanie komendy z grupą,"sg developers -c ""touch file""",6186,117,runtime/knowledge/source/linux_master_library_v1.pdf,LINUX COMMAND,candidate,,,,high
su,su,su,Users & Permissions,username‘ — login shell as user. CAUTION,su - john | su,6191,117,runtime/knowledge/source/linux_master_library_v1.pdf,LINUX COMMAND | komendy,candidate,,,,high
su -,su -,su,Users & Permissions,Zmiana z środowiskiem (login),su - root,6197,117,runtime/knowledge/source/linux_master_library_v1.pdf,LINUX COMMAND,candidate,,,,high
su - username,su - username,su,Users & Permissions,login shell as user. CAUTION,su - username,6202,117,runtime/knowledge/source/linux_master_library_v1.pdf,komendy,candidate,,,,high
sudo,sudo,sudo,Users & Permissions,"Use with command restrictions, not full root.",sudo systemctl | sudo,6207,117,runtime/knowledge/source/linux_master_library_v1.pdf,LINUX COMMAND | komendy,candidate,,,,high
sudoedit,sudoedit,sudoedit,Users & Permissions,Edycja pliku z sudo,sudoedit /etc/hosts,6213,117,runtime/knowledge/source/linux_master_library_v1.pdf,LINUX COMMAND,candidate,,,,high
umask,umask,umask,Users & Permissions,Domyślne uprawnienia 117,umask 0022,6218,117,runtime/knowledge/source/linux_master_library_v1.pdf,LINUX COMMAND,duplicate_existing,canonical+command_index,umask,,high
umask -S,umask -S,umask,Users & Permissions,Symboliczny umask,"umask -S u=rwx,g=rx,o=rx",6228,118,runtime/knowledge/source/linux_master_library_v1.pdf,LINUX COMMAND,candidate,,,,high
umask,umask,umask,Users & Permissions,default permissions. SAFE,umask 027,6233,118,runtime/knowledge/source/linux_master_library_v1.pdf,komendy,duplicate_existing,canonical+command_index+candidate_internal,umask,,high
useradd,useradd,useradd,Users & Permissions,Tworzy użytkownika,useradd -m -s /bin/bash john,6238,118,runtime/knowledge/source/linux_master_library_v1.pdf,LINUX COMMAND,duplicate_existing,command_index,useradd,,high
useradd -G,useradd -G,useradd,Users & Permissions,Dodatkowe grupy,useradd -G wheel john,6243,118,runtime/knowledge/source/linux_master_library_v1.pdf,LINUX COMMAND,candidate,,,,high
"useradd -G g1,g2","useradd -G g1,g2",useradd,Users & Permissions,Sekcja Komend,"useradd -G g1,g2",6248,118,runtime/knowledge/source/linux_master_library_v1.pdf,RHCSA_Command_Library.pdf,duplicate_existing,canonical+command_index,"useradd -G g1,g2",weak_description,high
useradd -M user,useradd -M user,useradd,Users & Permissions,Sekcja Komend,useradd -M user,6253,118,runtime/knowledge/source/linux_master_library_v1.pdf,RHCSA_Command_Library.pdf,duplicate_existing,canonical+command_index,useradd -M user,weak_description,high
useradd -N user,useradd -N user,useradd,Users & Permissions,Sekcja Komend,useradd -N user,6258,118,runtime/knowledge/source/linux_master_library_v1.pdf,RHCSA_Command_Library.pdf,duplicate_existing,canonical+command_index,useradd -N user,weak_description,high
useradd -c 'Imi,useradd -c 'Imi,useradd,Users & Permissions,Sekcja Komend 118,useradd -c 'Imi,6263,118,runtime/knowledge/source/linux_master_library_v1.pdf,RHCSA_Command_Library.pdf,candidate,,,,high
useradd -d,useradd -d,useradd,Users & Permissions,Sekcja Komend,useradd -d,6273,119,runtime/knowledge/source/linux_master_library_v1.pdf,RHCSA_Command_Library.pdf,duplicate_existing,canonical+command_index,useradd -d,weak_description,high
useradd -e,useradd -e,useradd,Users & Permissions,Sekcja Komend,useradd -e,6278,119,runtime/knowledge/source/linux_master_library_v1.pdf,RHCSA_Command_Library.pdf,duplicate_existing,canonical+command_index,useradd -e,weak_description,high
useradd -f 30 user,useradd -f 30 user,useradd,Users & Permissions,Sekcja Komend,useradd -f 30 user,6283,119,runtime/knowledge/source/linux_master_library_v1.pdf,RHCSA_Command_Library.pdf,duplicate_existing,canonical+command_index,useradd -f 30 user,weak_description,high
useradd -g group,useradd -g group,useradd,Users & Permissions,Sekcja Komend,useradd -g group,6288,119,runtime/knowledge/source/linux_master_library_v1.pdf,RHCSA_Command_Library.pdf,duplicate_existing,canonical+command_index,useradd -g group,weak_description,high
useradd -m -s,useradd -m -s,useradd,Users & Permissions,Sekcja Komend,useradd -m -s,6293,119,runtime/knowledge/source/linux_master_library_v1.pdf,RHCSA_Command_Library.pdf,duplicate_existing,canonical+command_index,useradd -m -s,weak_description,high
"useradd -m -s /bin/bash -G sudo,docker user1 # dodaj użytkownika","useradd -m -s /bin/bash -G sudo,docker user1 # dodaj użytkownika",useradd,Users & Permissions,/etc/modprobe.d/bonding.conf,"useradd -m -s /bin/bash -G sudo,docker user1 # dodaj użytkownika",6298,119,runtime/knowledge/source/linux_master_library_v1.pdf,linux_engineering_book.md | linux_engineering_book.pdf,candidate,,,,high
useradd -m -s /bin/bash -U alice,useradd -m -s /bin/bash -U alice,useradd,Users & Permissions,create user with home and group. SAFE,useradd -m -s /bin/bash -U alice,6303,119,runtime/knowledge/source/linux_master_library_v1.pdf,komendy,candidate,,,,high
useradd -m username,useradd -m username,useradd,Users & Permissions,Sekcja Komend 119,useradd -m username,6308,119,runtime/knowledge/source/linux_master_library_v1.pdf,RHCSA_Command_Library.pdf,duplicate_existing,canonical+command_index,useradd -m username,,high
useradd -r -s /usr/sbin/nologin svc_name,useradd -r -s /usr/sbin/nologin svc_name,useradd,Users & Permissions,Separate service accounts: .,useradd -r -s /usr/sbin/nologin svc_name,6318,120,runtime/knowledge/source/linux_master_library_v1.pdf,komendy,candidate,,,,high
useradd -r sysuser,useradd -r sysuser,useradd,Users & Permissions,Sekcja Komend,useradd -r sysuser,6323,120,runtime/knowledge/source/linux_master_library_v1.pdf,RHCSA_Command_Library.pdf,duplicate_existing,canonical+command_index,useradd -r sysuser,weak_description,high
useradd -s,useradd -s,useradd,Users & Permissions,Określa powłokę,useradd -s /sbin/nologin service,6328,120,runtime/knowledge/source/linux_master_library_v1.pdf,LINUX COMMAND,candidate,,,,high
useradd -u 1500 user,useradd -u 1500 user,useradd,Users & Permissions,Sekcja Komend,useradd -u 1500 user,6333,120,runtime/knowledge/source/linux_master_library_v1.pdf,RHCSA_Command_Library.pdf,duplicate_existing,canonical+command_index,useradd -u 1500 user,weak_description,high
useradd username,useradd username,useradd,Users & Permissions,Sekcja Komend,useradd username,6338,120,runtime/knowledge/source/linux_master_library_v1.pdf,RHCSA_Command_Library.pdf,duplicate_existing,canonical+command_index,useradd username,weak_description,high
userdel,userdel,userdel,Users & Permissions,Usuwa użytkownika,userdel john,6343,120,runtime/knowledge/source/linux_master_library_v1.pdf,LINUX COMMAND,candidate,,,,high
userdel -f user,userdel -f user,userdel,Users & Permissions,Sekcja Komend,userdel -f user,6348,120,runtime/knowledge/source/linux_master_library_v1.pdf,RHCSA_Command_Library.pdf,candidate,,,weak_description,medium
userdel -r,userdel -r,userdel,Users & Permissions,Usuwa z katalogiem domowym 120,userdel -r john,6353,120,runtime/knowledge/source/linux_master_library_v1.pdf,LINUX COMMAND,candidate,,,,high
userdel -r user,userdel -r user,userdel,Users & Permissions,Sekcja Komend,userdel -r user,6363,121,runtime/knowledge/source/linux_master_library_v1.pdf,RHCSA_Command_Library.pdf,candidate,,,weak_description,medium
userdel -r user1 # usuń z katalogiem domowym,userdel -r user1 # usuń z katalogiem domowym,userdel,Users & Permissions,/etc/modprobe.d/bonding.conf,userdel -r user1 # usuń z katalogiem domowym,6368,121,runtime/knowledge/source/linux_master_library_v1.pdf,linux_engineering_book.md | linux_engineering_book.pdf,candidate,,,,high
userdel user,userdel user,userdel,Users & Permissions,Sekcja Komend,userdel user,6373,121,runtime/knowledge/source/linux_master_library_v1.pdf,RHCSA_Command_Library.pdf,candidate,,,weak_description,medium
usermod,usermod,usermod,Users & Permissions,Modyfikuje użytkownika,usermod -aG wheel john,6378,121,runtime/knowledge/source/linux_master_library_v1.pdf,LINUX COMMAND,duplicate_existing,command_index,usermod,,high
"usermod -G g1,g2","usermod -G g1,g2",usermod,Users & Permissions,Sekcja Komend,"usermod -G g1,g2",6383,121,runtime/knowledge/source/linux_master_library_v1.pdf,RHCSA_Command_Library.pdf,duplicate_existing,canonical+command_index,"usermod -G g1,g2",weak_description,high
usermod -L,usermod -L,usermod,Users & Permissions,Blokuje konto (zablokuj hasło),usermod -L john,6388,121,runtime/knowledge/source/linux_master_library_v1.pdf,LINUX COMMAND,candidate,,,,high
usermod -L user,usermod -L user,usermod,Users & Permissions,Sekcja Komend,usermod -L user,6393,121,runtime/knowledge/source/linux_master_library_v1.pdf,RHCSA_Command_Library.pdf,duplicate_existing,canonical+command_index,usermod -L user,weak_description,high
usermod -U,usermod -U,usermod,Users & Permissions,Odblokowuje konto 121,usermod -U john,6398,121,runtime/knowledge/source/linux_master_library_v1.pdf,LINUX COMMAND,candidate,,,,high
usermod -U user,usermod -U user,usermod,Users & Permissions,Sekcja Komend,usermod -U user,6408,122,runtime/knowledge/source/linux_master_library_v1.pdf,RHCSA_Command_Library.pdf,duplicate_existing,canonical+command_index,usermod -U user,weak_description,high
usermod -aG,usermod -aG,usermod,Users & Permissions,Dodaje do grupy (append),usermod -aG docker john,6413,122,runtime/knowledge/source/linux_master_library_v1.pdf,LINUX COMMAND,candidate,,,,high
usermod -aG group,usermod -aG group,usermod,Users & Permissions,Sekcja Komend,usermod -aG group,6418,122,runtime/knowledge/source/linux_master_library_v1.pdf,RHCSA_Command_Library.pdf,duplicate_existing,canonical+command_index,usermod -aG group,weak_description,high
usermod -aG sudo alice,usermod -aG sudo alice,usermod,Users & Permissions,add to group. CAUTION,usermod -aG sudo alice,6423,122,runtime/knowledge/source/linux_master_library_v1.pdf,komendy,candidate,,,,high
usermod -aG wheel user1 # dodaj do grupy,usermod -aG wheel user1 # dodaj do grupy,usermod,Users & Permissions,/etc/modprobe.d/bonding.conf,usermod -aG wheel user1 # dodaj do grupy,6428,122,runtime/knowledge/source/linux_master_library_v1.pdf,linux_engineering_book.md | linux_engineering_book.pdf,candidate,,,,high
usermod -c 'Nowy,usermod -c 'Nowy,usermod,Users & Permissions,Sekcja Komend,usermod -c 'Nowy,6433,122,runtime/knowledge/source/linux_master_library_v1.pdf,RHCSA_Command_Library.pdf,duplicate_existing,canonical+command_index,usermod -c 'Nowy,weak_description,high
usermod -d /new/home,usermod -d /new/home,usermod,Users & Permissions,Sekcja Komend,usermod -d /new/home,6438,122,runtime/knowledge/source/linux_master_library_v1.pdf,RHCSA_Command_Library.pdf,duplicate_existing,canonical+command_index,usermod -d /new/home,weak_description,high
usermod -e,usermod -e,usermod,Users & Permissions,Sekcja Komend 122,usermod -e,6443,122,runtime/knowledge/source/linux_master_library_v1.pdf,RHCSA_Command_Library.pdf,duplicate_existing,canonical+command_index,usermod -e,,high
usermod -e '' user,usermod -e '' user,usermod,Users & Permissions,Sekcja Komend,usermod -e '' user,6453,123,runtime/knowledge/source/linux_master_library_v1.pdf,RHCSA_Command_Library.pdf,duplicate_existing,canonical+command_index,usermod -e '' user,weak_description,high
usermod -g group,usermod -g group,usermod,Users & Permissions,Sekcja Komend,usermod -g group,6458,123,runtime/knowledge/source/linux_master_library_v1.pdf,RHCSA_Command_Library.pdf,duplicate_existing,canonical+command_index,usermod -g group,weak_description,high
usermod -l newname,usermod -l newname,usermod,Users & Permissions,Sekcja Komend,usermod -l newname,6463,123,runtime/knowledge/source/linux_master_library_v1.pdf,RHCSA_Command_Library.pdf,duplicate_existing,canonical+command_index,usermod -l newname,weak_description,high
usermod -s /bin/zsh,usermod -s /bin/zsh,usermod,Users & Permissions,Sekcja Komend,usermod -s /bin/zsh,6468,123,runtime/knowledge/source/linux_master_library_v1.pdf,RHCSA_Command_Library.pdf,duplicate_existing,canonical+command_index,usermod -s /bin/zsh,weak_description,high
usermod -u 1600 user,usermod -u 1600 user,usermod,Users & Permissions,Sekcja Komend,usermod -u 1600 user,6473,123,runtime/knowledge/source/linux_master_library_v1.pdf,RHCSA_Command_Library.pdf,duplicate_existing,canonical+command_index,usermod -u 1600 user,weak_description,high
vigr,vigr,vigr,Users & Permissions,Bezpieczna edycja /etc/group,vigr,6478,123,runtime/knowledge/source/linux_master_library_v1.pdf,LINUX COMMAND,duplicate_existing,canonical+command_index,vigr,,high
vipw,vipw,vipw,Users & Permissions,Bezpieczna edycja /etc/passwd,vipw,6483,123,runtime/knowledge/source/linux_master_library_v1.pdf,LINUX COMMAND,duplicate_existing,canonical+command_index,vipw,,high
visudo,visudo,visudo,Users & Permissions,safe sudoers edit. CAUTION 123,visudo,6488,123,runtime/knowledge/source/linux_master_library_v1.pdf,LINUX COMMAND | komendy,duplicate_existing,canonical+command_index,visudo,,high
w,w,w,Users & Permissions,Command — klawisz : Tryb komend # Szukaj sowa pod kursorem (do tyu),w,6498,124,runtime/knowledge/source/linux_master_library_v1.pdf,LINUX COMMAND | RHCSA_Command_Library.pdf,duplicate_existing,canonical+command_index,w,,high
w kronice. *writeback:,w kronice. *writeback:,w,Users & Permissions,,w kronice. * `writeback`:,6503,124,runtime/knowledge/source/linux_master_library_v1.pdf,encyklopedia_inzynierii_linux.pdf,candidate,,,,high
"w pamięci fizycznej (np. jest współdzielona z inną aplikacją), ale nie została jeszcze","w pamięci fizycznej (np. jest współdzielona z inną aplikacją), ale nie została jeszcze",w,Users & Permissions,"zmapowana w tablicy stron Sekwencja REISUB (Synchronizacja dysków, Odmontowanie, Natychmiastowy restart)","w pamięci fizycznej (np. jest współdzielona z inną aplikacją), ale nie została jeszcze zmapowana w tablicy st",6507,,runtime/knowledge/source/linux_master_library_v1.pdf,encyklopedia_inzynierii_linux.pdf,candidate,,,,high
who,who,who,Users & Permissions,Zalogowani użytkownicy,who | who -H,6513,124,runtime/knowledge/source/linux_master_library_v1.pdf,LINUX COMMAND,duplicate_existing,canonical+command_index,who,,high
whoami,whoami,whoami,Users & Permissions,Aktualny użytkownik,whoami,6519,124,runtime/knowledge/source/linux_master_library_v1.pdf,LINUX COMMAND,duplicate_existing,canonical+command_index,whoami,,high
/etc/hostname,/etc/hostname,/etc/hostname,Networking,Stała nazwa hosta,/etc/hostname,6525,124,runtime/knowledge/source/linux_master_library_v1.pdf,LINUX COMMAND,malformed,command_index,/etc/hostname,path_not_command,none
/etc/hosts,/etc/hosts,/etc/hosts,Networking,Lokalne mapowania,/etc/hosts,6530,124,runtime/knowledge/source/linux_master_library_v1.pdf,LINUX COMMAND,malformed,command_index,/etc/hosts,path_not_command,none
/etc/resolv.conf,/etc/resolv.conf,/etc/resolv.conf,Networking,Serwery DNS 124,/etc/resolv.conf,6535,124,runtime/knowledge/source/linux_master_library_v1.pdf,LINUX COMMAND,malformed,command_index,/etc/resolv.conf,path_not_command,none
NetworkManager,networkmanager,networkmanager,Networking,Daemon systemctl,NetworkManager,6545,125,runtime/knowledge/source/linux_master_library_v1.pdf,LINUX COMMAND | linux_engineering_book.pdf,candidate,,,,high
ab,ab,ab,Networking,Apache benchmark,ab -n 1000 -c 10 http://localhost/,6551,125,runtime/knowledge/source/linux_master_library_v1.pdf,LINUX COMMAND,candidate,,,,high
arptables,arptables,arptables,Networking,ARP firewall,arptables -L,6556,125,runtime/knowledge/source/linux_master_library_v1.pdf,LINUX COMMAND,candidate,,,,high
brctl,brctl,brctl,Networking,Legacy bridge,brctl,6561,125,runtime/knowledge/source/linux_master_library_v1.pdf,LINUX COMMAND,candidate,,,,high
bridge,bridge,bridge,Networking,Bridge management,bridge link,6566,125,runtime/knowledge/source/linux_master_library_v1.pdf,LINUX COMMAND,candidate,,,,high
bridge fdb,bridge fdb,bridge,Networking,Forwarding database,bridge fdb,6571,125,runtime/knowledge/source/linux_master_library_v1.pdf,LINUX COMMAND,candidate,,,,high
conntrack,conntrack,conntrack,Networking,Connection tracking,conntrack -L,6576,125,runtime/knowledge/source/linux_master_library_v1.pdf,LINUX COMMAND,candidate,,,,high
conntrack -D,conntrack -D,conntrack,Networking,Usuwa conntrack 125,conntrack -D --src 192.168.1.100,6581,125,runtime/knowledge/source/linux_master_library_v1.pdf,LINUX COMMAND,candidate,,,,high
curl,curl,curl,Networking,Transfer danych URL,curl -O http://example.com/file,6591,126,runtime/knowledge/source/linux_master_library_v1.pdf,LINUX COMMAND,duplicate_existing,canonical+command_index,curl,,high
curl --cookie,curl --cookie,curl,Networking,Cookie,"curl --cookie ""session=abc"" http://localhost",6596,126,runtime/knowledge/source/linux_master_library_v1.pdf,LINUX COMMAND,candidate,,,,high
curl --cookie-jar,curl --cookie-jar,curl,Networking,Zapisuje cookies,curl --cookie-jar cookies.txt http://localhost,6601,126,runtime/knowledge/source/linux_master_library_v1.pdf,LINUX COMMAND,candidate,,,,high
curl -F,curl -F,curl,Networking,Multipart form,"curl -F ""file=@upload.txt"" http://localhost/upload",6606,126,runtime/knowledge/source/linux_master_library_v1.pdf,LINUX COMMAND,candidate,,,,high
curl -H,curl -H,curl,Networking,Custom header,"curl -H ""X-Custom: value"" http://localhost",6611,126,runtime/knowledge/source/linux_master_library_v1.pdf,LINUX COMMAND,candidate,,,,high
curl -I,curl -I,curl,Networking,Sekcja Komend,curl -I http://localhost | curl -I,6616,126,runtime/knowledge/source/linux_master_library_v1.pdf,LINUX COMMAND | RHCSA_Command_Library.pdf,candidate,,,weak_description,medium
curl -I https://example.com,curl -I https://example.com,curl,Networking,headers only. SAFE,curl -I https://example.com,6622,126,runtime/knowledge/source/linux_master_library_v1.pdf,komendy,candidate,,,,high
curl -L,curl -L,curl,Networking,Follow redirects 126,curl -L http://bit.ly/xxx,6627,126,runtime/knowledge/source/linux_master_library_v1.pdf,LINUX COMMAND,candidate,,,,high
curl -X,curl -X,curl,Networking,HTTP method,curl -X,6637,127,runtime/knowledge/source/linux_master_library_v1.pdf,LINUX COMMAND,candidate,,,,high
curl -d,curl -d,curl,Networking,POST data,"curl -d ""name=john"" http://localhost/form",6642,127,runtime/knowledge/source/linux_master_library_v1.pdf,LINUX COMMAND,candidate,,,,high
curl -k,curl -k,curl,Networking,Ignore SSL,curl -k https://localhost,6647,127,runtime/knowledge/source/linux_master_library_v1.pdf,LINUX COMMAND,candidate,,,,high
curl -o file.iso https://example.com/file.iso,curl -o file.iso https://example.com/file.iso,curl,Networking,download. SAFE,curl -o file.iso https://example.com/file.iso,6652,127,runtime/knowledge/source/linux_master_library_v1.pdf,komendy,candidate,,,,high
curl -o file.zip https://example.com/file # pobieranie,curl -o file.zip https://example.com/file # pobieranie,curl,Networking,8.4 Diagnostyka Sieci,curl -o file.zip https://example.com/file # pobieranie,6657,127,runtime/knowledge/source/linux_master_library_v1.pdf,linux_engineering_book.md | linux_engineering_book.pdf,candidate,,,,high
curl -u,curl -u,curl,Networking,Basic auth,curl -u user:pass http://localhost,6662,127,runtime/knowledge/source/linux_master_library_v1.pdf,LINUX COMMAND,candidate,,,,high
curl -v http://localhost:80,curl -v http://localhost:80,curl,Networking,HTTP test. SAFE,curl -v http://localhost:80,6667,127,runtime/knowledge/source/linux_master_library_v1.pdf,komendy,candidate,,,,high
curl -v https://example.com # verbose,curl -v https://example.com # verbose,curl,Networking,8.4 Diagnostyka Sieci 127,curl -v https://example.com # verbose,6672,127,runtime/knowledge/source/linux_master_library_v1.pdf,linux_engineering_book.md | linux_engineering_book.pdf,candidate,,,,high
dhclient,dhclient,dhclient,Networking,DHCP client,dhclient -r eth0,6682,128,runtime/knowledge/source/linux_master_library_v1.pdf,LINUX COMMAND,candidate,,,,high
dig,dig,dig,Networking,Szczegółowe zapytania DNS,dig @8.8.8.8 google.com,6687,128,runtime/knowledge/source/linux_master_library_v1.pdf,LINUX COMMAND,candidate,,,,high
dig +short,dig +short,dig,Networking,Krótki wynik,dig +short google.com,6692,128,runtime/knowledge/source/linux_master_library_v1.pdf,LINUX COMMAND,candidate,,,,high
dig +short google.com,dig +short google.com,dig,Networking,DNS A record. SAFE,dig +short google.com,6697,128,runtime/knowledge/source/linux_master_library_v1.pdf,komendy,candidate,,,,high
dig +short hostname,dig +short hostname,dig,Networking,Sekcja Komend,dig +short hostname,6702,128,runtime/knowledge/source/linux_master_library_v1.pdf,RHCSA_Command_Library.pdf,candidate,,,weak_description,medium
dig +trace,dig +trace,dig,Networking,Trace DNS resolution,dig +trace google.com,6707,128,runtime/knowledge/source/linux_master_library_v1.pdf,LINUX COMMAND,candidate,,,,high
dig +trace hostname led cae zapytanie,dig +trace hostname led cae zapytanie,dig,Networking,Sekcja Komend,dig +trace hostname led cae zapytanie,6712,128,runtime/knowledge/source/linux_master_library_v1.pdf,RHCSA_Command_Library.pdf,candidate,,,weak_description,medium
dig -x 8.8.8.8,dig -x 8.8.8.8,dig,Networking,Sekcja Komend 128,dig -x 8.8.8.8,6717,128,runtime/knowledge/source/linux_master_library_v1.pdf,RHCSA_Command_Library.pdf,candidate,,,,high
dig @8.8.8.8,dig @8.8.8.8,dig,Networking,Sekcja Komend,dig @8.8.8.8,6727,129,runtime/knowledge/source/linux_master_library_v1.pdf,RHCSA_Command_Library.pdf,candidate,,,weak_description,medium
dig @8.8.8.8 example.com,dig @8.8.8.8 example.com,dig,Networking,Diagnostyka,dig @8.8.8.8 example.com,6732,129,runtime/knowledge/source/linux_master_library_v1.pdf,linux_engineering_book.md | linux_engineering_book.pdf,candidate,,,,high
dig @8.8.8.8 google.com,dig @8.8.8.8 google.com,dig,Networking,specific resolver. SAFE,dig @8.8.8.8 google.com,6737,129,runtime/knowledge/source/linux_master_library_v1.pdf,komendy,candidate,,,,high
dig example.com # zapytanie,dig example.com # zapytanie,dig,Networking,Diagnostyka,dig example.com # zapytanie,6742,129,runtime/knowledge/source/linux_master_library_v1.pdf,linux_engineering_book.md | linux_engineering_book.pdf,candidate,,,,high
dig example.com →,dig example.com →,dig,Networking,Dodatek B: Komendy Ratunkowe,dig example.com →,6747,129,runtime/knowledge/source/linux_master_library_v1.pdf,linux_engineering_book.md | linux_engineering_book.pdf,candidate,,,,high
dig hostname,dig hostname,dig,Networking,Sekcja Komend,dig hostname,6752,129,runtime/knowledge/source/linux_master_library_v1.pdf,RHCSA_Command_Library.pdf,candidate,,,weak_description,medium
dnsmasq,dnsmasq,dnsmasq,Networking,DNS/DHCP server,dnsmasq --interface=eth0,6757,129,runtime/knowledge/source/linux_master_library_v1.pdf,LINUX COMMAND,candidate,,,,high
ebtables,ebtables,ebtables,Networking,Ethernet bridge firewall 129,ebtables -L,6762,129,runtime/knowledge/source/linux_master_library_v1.pdf,LINUX COMMAND,candidate,,,,high
ethtool,ethtool,ethtool,Networking,Ustawienia karty sieciowej,ethtool eth0,6772,130,runtime/knowledge/source/linux_master_library_v1.pdf,LINUX COMMAND,candidate,,,,high
ethtool -S eth0,ethtool -S eth0,ethtool,Networking,NIC statistics. SAFE,ethtool -S eth0,6777,130,runtime/knowledge/source/linux_master_library_v1.pdf,komendy,candidate,,,,high
ethtool -S eth0 # statystyki sterownika,ethtool -S eth0 # statystyki sterownika,ethtool,Networking,8.4 Diagnostyka Sieci,ethtool -S eth0 # statystyki sterownika,6782,130,runtime/knowledge/source/linux_master_library_v1.pdf,linux_engineering_book.md | linux_engineering_book.pdf,candidate,,,,high
ethtool -s,ethtool -s,ethtool,Networking,Zmiana parametrów,ethtool -s eth0 speed 1000 duplex full,6787,130,runtime/knowledge/source/linux_master_library_v1.pdf,LINUX COMMAND,candidate,,,,high
ethtool eth0,ethtool eth0,ethtool,Networking,driver/hardware settings. SAFE,ethtool eth0,6792,130,runtime/knowledge/source/linux_master_library_v1.pdf,komendy,candidate,,,,high
ethtool eth0 # parametry karty sieciowej,ethtool eth0 # parametry karty sieciowej,ethtool,Networking,7.4 Narzędzia Diagnostyczne Sprzętu,ethtool eth0 # parametry karty sieciowej,6797,130,runtime/knowledge/source/linux_master_library_v1.pdf,linux_engineering_book.md | linux_engineering_book.pdf,candidate,,,,high
exportfs,exportfs,exportfs,Networking,Manage NFS exports,exportfs -a | exportfs,6802,130,runtime/knowledge/source/linux_master_library_v1.pdf,LINUX COMMAND | RHCSA_Command_Library.pdf,duplicate_existing,canonical+command_index,exportfs,,high
exportfs -a,exportfs -a,exportfs,Networking,Sekcja Komend 130,exportfs -a,6808,130,runtime/knowledge/source/linux_master_library_v1.pdf,RHCSA_Command_Library.pdf,candidate,,,,high
exportfs -r,exportfs -r,exportfs,Networking,Sekcja Komend,exportfs -r,6818,131,runtime/knowledge/source/linux_master_library_v1.pdf,LINUX COMMAND | RHCSA_Command_Library.pdf,candidate,,,weak_description,medium
exportfs -ra,exportfs -ra,exportfs,Networking,/etc/exports,exportfs -ra,6823,131,runtime/knowledge/source/linux_master_library_v1.pdf,linux_engineering_book.md | linux_engineering_book.pdf,candidate,,,,high
exportfs -s,exportfs -s,exportfs,Networking,Sekcja Komend,exportfs -s,6828,131,runtime/knowledge/source/linux_master_library_v1.pdf,RHCSA_Command_Library.pdf,candidate,,,weak_description,medium
exportfs -u,exportfs -u,exportfs,Networking,Un-export,exportfs -u /export,6833,131,runtime/knowledge/source/linux_master_library_v1.pdf,LINUX COMMAND,candidate,,,,high
exportfs -ua,exportfs -ua,exportfs,Networking,Sekcja Komend,exportfs -ua,6838,131,runtime/knowledge/source/linux_master_library_v1.pdf,RHCSA_Command_Library.pdf,candidate,,,weak_description,medium
exportfs -v,exportfs -v,exportfs,Networking,Sekcja Komend,exportfs -v,6843,131,runtime/knowledge/source/linux_master_library_v1.pdf,RHCSA_Command_Library.pdf,candidate,,,weak_description,medium
firewall-cmd,firewall-cmd,firewall-cmd,Networking,Komentarz Komentarz w skrypcie function myfunc() { Definicja funkcji,firewall-cmd --state | firewall-cmd,6848,131,runtime/knowledge/source/linux_master_library_v1.pdf,LINUX COMMAND | RHCSA_Command_Library.pdf,duplicate_existing,canonical+command_index,firewall-cmd,,high
firewall-cmd --add-interface,firewall-cmd --add-interface,firewall-cmd,Networking,Dodaje interfejs do strefy 131,firewall-cmd --add-interface=eth1 --zone=internal,6854,131,runtime/knowledge/source/linux_master_library_v1.pdf,LINUX COMMAND,candidate,,,,high
firewall-cmd --add-p,firewall-cmd --add-p,firewall-cmd,Networking,Sekcja Komend,firewall-cmd --add-p,6864,132,runtime/knowledge/source/linux_master_library_v1.pdf,RHCSA_Command_Library.pdf,duplicate_existing,canonical+command_index,firewall-cmd --add-p,weak_description,high
firewall-cmd --add-port,firewall-cmd --add-port,firewall-cmd,Networking,Dodaje port,firewall-cmd --add-port=8080/tcp,6869,132,runtime/knowledge/source/linux_master_library_v1.pdf,LINUX COMMAND,candidate,,,,high
firewall-cmd --add-service,firewall-cmd --add-service,firewall-cmd,Networking,Dodaje usługę (runtime),firewall-cmd --add-service=http | firewall-cmd --add-service=https,6874,132,runtime/knowledge/source/linux_master_library_v1.pdf,LINUX COMMAND,candidate,,,,high
firewall-cmd --add-service=ssh,firewall-cmd --add-service=ssh,firewall-cmd,Networking,temporary add. CAUTION,firewall-cmd --add-service=ssh,6880,132,runtime/knowledge/source/linux_master_library_v1.pdf,komendy,candidate,,,,high
firewall-cmd --add-service=ssh --permanent,firewall-cmd --add-service=ssh --permanent,firewall-cmd,Networking,permanent add. CAUTION,firewall-cmd --add-service=ssh --permanent,6885,132,runtime/knowledge/source/linux_master_library_v1.pdf,komendy,candidate,,,,high
firewall-cmd --add-source,firewall-cmd --add-source,firewall-cmd,Networking,Dodaje źródło do strefy,firewall-cmd --add-source=192.168.1.0/24 --zone=trusted,6890,132,runtime/knowledge/source/linux_master_library_v1.pdf,LINUX COMMAND,candidate,,,,high
firewall-cmd --change-interface,firewall-cmd --change-interface,firewall-cmd,Networking,Zmienia strefę interfejsu,firewall-cmd --change-interface=eth1 --zone=dmz,6895,132,runtime/knowledge/source/linux_master_library_v1.pdf,LINUX COMMAND,candidate,,,,high
firewall-cmd --get-active-zones,firewall-cmd --get-active-zones,firewall-cmd,Networking,firewalld (RHEL/Fedora) 132,firewall-cmd --get-active-zones,6900,132,runtime/knowledge/source/linux_master_library_v1.pdf,linux_engineering_book.md | linux_engineering_book.pdf,candidate,,,,high
firewall-cmd --get-default-zone,firewall-cmd --get-default-zone,firewall-cmd,Networking,default zone. SAFE,firewall-cmd --get-default-zone,6910,133,runtime/knowledge/source/linux_master_library_v1.pdf,LINUX COMMAND | komendy,candidate,,,,high
firewall-cmd --get-services,firewall-cmd --get-services,firewall-cmd,Networking,Lista znanych usług,firewall-cmd --get-services,6915,133,runtime/knowledge/source/linux_master_library_v1.pdf,LINUX COMMAND,candidate,,,,high
firewall-cmd --get-zones,firewall-cmd --get-zones,firewall-cmd,Networking,Dostępne strefy,firewall-cmd --get-zones,6920,133,runtime/knowledge/source/linux_master_library_v1.pdf,LINUX COMMAND,candidate,,,,high
firewall-cmd --list-all,firewall-cmd --list-all,firewall-cmd,Networking,active zone rules. SAFE,firewall-cmd --list-all,6925,133,runtime/knowledge/source/linux_master_library_v1.pdf,LINUX COMMAND | komendy | linux_engineering_book.md | linux_engineering_book.pdf,candidate,,,,high
firewall-cmd --list-services,firewall-cmd --list-services,firewall-cmd,Networking,Lista aktywnych usług,firewall-cmd --list-services,6930,133,runtime/knowledge/source/linux_master_library_v1.pdf,LINUX COMMAND,candidate,,,,high
firewall-cmd --panic-off,firewall-cmd --panic-off,firewall-cmd,Networking,Wyłącza panic,firewall-cmd --panic-off,6935,133,runtime/knowledge/source/linux_master_library_v1.pdf,LINUX COMMAND,candidate,,,,high
firewall-cmd --panic-on,firewall-cmd --panic-on,firewall-cmd,Networking,Panic mode (blokuje wszystko),firewall-cmd --panic-on,6940,133,runtime/knowledge/source/linux_master_library_v1.pdf,LINUX COMMAND,candidate,,,,high
firewall-cmd --permanent,firewall-cmd --permanent,firewall-cmd,Networking,Zmiana trwała 133,firewall-cmd --add-service=http --permanent,6945,133,runtime/knowledge/source/linux_master_library_v1.pdf,LINUX COMMAND,candidate,,,,high
firewall-cmd --query-panic,firewall-cmd --query-panic,firewall-cmd,Networking,Stan panic,firewall-cmd --query-panic,6955,134,runtime/knowledge/source/linux_master_library_v1.pdf,LINUX COMMAND,candidate,,,,high
firewall-cmd --query-service,firewall-cmd --query-service,firewall-cmd,Networking,Sprawdza usługę,firewall-cmd --query-service=ssh,6960,134,runtime/knowledge/source/linux_master_library_v1.pdf,LINUX COMMAND,candidate,,,,high
firewall-cmd --reload,firewall-cmd --reload,firewall-cmd,Networking,reload. CAUTION,firewall-cmd --reload,6965,134,runtime/knowledge/source/linux_master_library_v1.pdf,LINUX COMMAND | komendy | linux_engineering_book.md | linux_engineering_book.pdf,candidate,,,,high
firewall-cmd --reload losing temporary rescue rules.',firewall-cmd --reload losing temporary rescue rules.',firewall-cmd,Networking,Dangerous Mistakes,firewall-cmd --reload` losing temporary rescue rules.,6970,134,runtime/knowledge/source/linux_master_library_v1.pdf,komendy,candidate,,,weak_description,medium
firewall-cmd --remov,firewall-cmd --remov,firewall-cmd,Networking,Sekcja Komend,firewall-cmd --remov,6975,134,runtime/knowledge/source/linux_master_library_v1.pdf,RHCSA_Command_Library.pdf,duplicate_existing,canonical+command_index,firewall-cmd --remov,weak_description,high
firewall-cmd --remove-service,firewall-cmd --remove-service,firewall-cmd,Networking,Usuwa usługę,firewall-cmd --remove-service=http,6980,134,runtime/knowledge/source/linux_master_library_v1.pdf,LINUX COMMAND,candidate,,,,high
firewall-cmd --remove-source,firewall-cmd --remove-source,firewall-cmd,Networking,Usuwa źródło,firewall-cmd --remove-source=192.168.1.0/24,6985,134,runtime/knowledge/source/linux_master_library_v1.pdf,LINUX COMMAND,candidate,,,,high
firewall-cmd --runtime-to-permanent,firewall-cmd --runtime-to-permanent,firewall-cmd,Networking,Zapisuje runtime na stałe 134,firewall-cmd --runtime-to-permanent,6990,134,runtime/knowledge/source/linux_master_library_v1.pdf,LINUX COMMAND,unresolved,,,likely_contamination_or_comment,low
firewall-cmd --set-d,firewall-cmd --set-d,firewall-cmd,Networking,Sekcja Komend,firewall-cmd --set-d,7000,135,runtime/knowledge/source/linux_master_library_v1.pdf,RHCSA_Command_Library.pdf,duplicate_existing,canonical+command_index,firewall-cmd --set-d,weak_description,high
firewall-cmd --set-default-zone,firewall-cmd --set-default-zone,firewall-cmd,Networking,Ustawia domyślną,firewall-cmd --set-default-zone=drop,7005,135,runtime/knowledge/source/linux_master_library_v1.pdf,LINUX COMMAND,candidate,,,,high
firewall-cmd --state,firewall-cmd --state,firewall-cmd,Networking,firewalld (RHEL/Fedora),firewall-cmd --state,7010,135,runtime/knowledge/source/linux_master_library_v1.pdf,RHCSA_Command_Library.pdf | linux_engineering_book.md | linux_engineering_book.pdf,duplicate_existing,canonical+command_index,firewall-cmd --state,,high
firewall-cmd --zone=public,firewall-cmd --zone=public,firewall-cmd,Networking,Wybór strefy,firewall-cmd --zone=public --list-all,7015,135,runtime/knowledge/source/linux_master_library_v1.pdf,LINUX COMMAND,candidate,,,,high
firewall-cmd --zone=public --add-port=8080/tcp --permanent,firewall-cmd --zone=public --add-port=8080/tcp --permanent,firewall-cmd,Networking,firewalld (RHEL/Fedora),firewall-cmd --zone=public --add-port=8080/tcp --permanent,7020,135,runtime/knowledge/source/linux_master_library_v1.pdf,linux_engineering_book.md | linux_engineering_book.pdf,candidate,,,,high
firewall-cmd --zone=public --add-service=http --permanent,firewall-cmd --zone=public --add-service=http --permanent,firewall-cmd,Networking,firewalld (RHEL/Fedora),firewall-cmd --zone=public --add-service=http --permanent,7025,135,runtime/knowledge/source/linux_master_library_v1.pdf,linux_engineering_book.md | linux_engineering_book.pdf,candidate,,,,high
ftp,ftp,ftp,Networking,FTP client,ftp ftp.example.com,7030,135,runtime/knowledge/source/linux_master_library_v1.pdf,LINUX COMMAND,candidate,,,,high
fusermount,fusermount,fusermount,Networking,Unmount FUSE 135,fusermount -u /mnt,7035,135,runtime/knowledge/source/linux_master_library_v1.pdf,LINUX COMMAND,candidate,,,,high
haproxy,haproxy,haproxy,Networking,Load balancer,haproxy -f /etc/haproxy/haproxy.cfg,7045,136,runtime/knowledge/source/linux_master_library_v1.pdf,LINUX COMMAND,candidate,,,,high
host,host,host,Networking,Proste zapytanie DNS,host google.com,7050,136,runtime/knowledge/source/linux_master_library_v1.pdf,LINUX COMMAND,duplicate_existing,command_index,host,,high
host -t,host -t,host,Networking,Sekcja Komend,host -t,7055,136,runtime/knowledge/source/linux_master_library_v1.pdf,LINUX COMMAND | RHCSA_Command_Library.pdf,candidate,,,weak_description,medium
host example.com # proste zapytanie,host example.com # proste zapytanie,host,Networking,Diagnostyka,host example.com # proste zapytanie,7060,136,runtime/knowledge/source/linux_master_library_v1.pdf,linux_engineering_book.md | linux_engineering_book.pdf,candidate,,,,high
host hostname,host hostname,host,Networking,Sekcja Komend,host hostname,7065,136,runtime/knowledge/source/linux_master_library_v1.pdf,RHCSA_Command_Library.pdf,candidate,,,weak_description,medium
host image,host image,host,Networking,Sekcja Komend,host image,7070,136,runtime/knowledge/source/linux_master_library_v1.pdf,RHCSA_Command_Library.pdf,candidate,,,weak_description,medium
hostapd,hostapd,hostapd,Networking,Access point daemon,hostapd /etc/hostapd.conf,7075,136,runtime/knowledge/source/linux_master_library_v1.pdf,LINUX COMMAND,candidate,,,,high
httpd -S,httpd -S,httpd,Networking,Apache vhosts 136,httpd -S,7080,136,runtime/knowledge/source/linux_master_library_v1.pdf,LINUX COMMAND,candidate,,,,high
httpd / apachectl,httpd / apachectl,httpd,Networking,Apache apachectl configtest,,7090,137,runtime/knowledge/source/linux_master_library_v1.pdf,LINUX COMMAND,candidate,,,,high
ip,ip,ip,Networking,Uruchomienie kontenera z pełnymi uprawnieniami roota hosta i dostępem do surowego systemu,ip addr | ip,7095,137,runtime/knowledge/source/linux_master_library_v1.pdf,LINUX COMMAND | encyklopedia_inzynierii_linux.pdf | komendy,duplicate_existing,command_index,ip,,high
ip -6 addr,ip -6 addr,ip,Networking,Sekcja Komend,ip -6 addr,7101,137,runtime/knowledge/source/linux_master_library_v1.pdf,RHCSA_Command_Library.pdf,candidate,,,weak_description,medium
ip -6 route,ip -6 route,ip,Networking,Sekcja Komend,ip -6 route,7106,137,runtime/knowledge/source/linux_master_library_v1.pdf,RHCSA_Command_Library.pdf,candidate,,,weak_description,medium
ip -s link,ip -s link,ip,Networking,Statystyki interfejsu,ip -s link,7111,137,runtime/knowledge/source/linux_master_library_v1.pdf,LINUX COMMAND,candidate,,,,high
ip addr,ip addr,ip,Networking,interface addresses. SAFE,ip addr,7116,137,runtime/knowledge/source/linux_master_library_v1.pdf,LINUX COMMAND | RHCSA_Command_Library.pdf | komendy | linux_engineering_book.md | linux_engineering_book.pdf,duplicate_existing,canonical+command_index,ip addr,,high
ip addr add,ip addr add,ip,Networking,Sekcja Komend,ip addr add,7121,137,runtime/knowledge/source/linux_master_library_v1.pdf,RHCSA_Command_Library.pdf,duplicate_existing,canonical+command_index,ip addr add,weak_description,high
ip addr add 10.0.0.1/24 dev veth0,ip addr add 10.0.0.1/24 dev veth0,ip,Networking,/etc/modprobe.d/bonding.conf 137,ip addr add 10.0.0.1/24 dev veth0,7126,137,runtime/knowledge/source/linux_master_library_v1.pdf,linux_engineering_book.md | linux_engineering_book.pdf,candidate,,,,high
ip addr add 10.0.100.1/24 dev eth0.100,ip addr add 10.0.100.1/24 dev eth0.100,ip,Networking,/etc/modprobe.d/bonding.conf,ip addr add 10.0.100.1/24 dev eth0.100,7136,138,runtime/knowledge/source/linux_master_library_v1.pdf,linux_engineering_book.md | linux_engineering_book.pdf,candidate,,,,high
ip addr add 192.168.1.1/24 dev br0,ip addr add 192.168.1.1/24 dev br0,ip,Networking,/etc/modprobe.d/bonding.conf,ip addr add 192.168.1.1/24 dev br0,7141,138,runtime/knowledge/source/linux_master_library_v1.pdf,linux_engineering_book.md | linux_engineering_book.pdf,candidate,,,,high
ip addr add 192.168.1.10/24 dev bond0,ip addr add 192.168.1.10/24 dev bond0,ip,Networking,/etc/modprobe.d/bonding.conf,ip addr add 192.168.1.10/24 dev bond0,7146,138,runtime/knowledge/source/linux_master_library_v1.pdf,linux_engineering_book.md | linux_engineering_book.pdf,candidate,,,,high
ip addr add 192.168.1.10/24 dev eth0 # dodaj adres,ip addr add 192.168.1.10/24 dev eth0 # dodaj adres,ip,Networking,Narzędzia ip (iproute2),ip addr add 192.168.1.10/24 dev eth0 # dodaj adres,7151,138,runtime/knowledge/source/linux_master_library_v1.pdf,linux_engineering_book.md | linux_engineering_book.pdf,candidate,,,,high
ip addr del,ip addr del,ip,Networking,Sekcja Komend,ip addr del,7156,138,runtime/knowledge/source/linux_master_library_v1.pdf,RHCSA_Command_Library.pdf,duplicate_existing,canonical+command_index,ip addr del,weak_description,high
ip addr del 192.168.1.10/24 dev eth0 # usuń adres,ip addr del 192.168.1.10/24 dev eth0 # usuń adres,ip,Networking,Narzędzia ip (iproute2),ip addr del 192.168.1.10/24 dev eth0 # usuń adres,7161,138,runtime/knowledge/source/linux_master_library_v1.pdf,linux_engineering_book.md | linux_engineering_book.pdf,candidate,,,,high
ip addr flush dev eth0,ip addr flush dev eth0,ip,Networking,Natychmiastowe usunięcie wszystkich adresów IP przypisanych do interfejsu produkcyjnego,ip addr flush dev eth0,7166,138,runtime/knowledge/source/linux_master_library_v1.pdf,encyklopedia_inzynierii_linux.html | encyklopedia_inzynierii_linux.pdf,candidate,,,,high
ip link,ip link,ip,Networking,Dodatek B: Komendy Ratunkowe 138,ip link set eth0 up | ip link,7171,138,runtime/knowledge/source/linux_master_library_v1.pdf,LINUX COMMAND | RHCSA_Command_Library.pdf | linux_engineering_book.md | linux_engineering_book.pdf,candidate,,,,high
ip link add bond0 type bond mode 802.3ad,ip link add bond0 type bond mode 802.3ad,ip,Networking,/etc/modprobe.d/bonding.conf,ip link add bond0 type bond mode 802.3ad,7182,139,runtime/knowledge/source/linux_master_library_v1.pdf,linux_engineering_book.md | linux_engineering_book.pdf,candidate,,,,high
ip link add br0 type bridge,ip link add br0 type bridge,ip,Networking,/etc/modprobe.d/bonding.conf,ip link add br0 type bridge,7187,139,runtime/knowledge/source/linux_master_library_v1.pdf,linux_engineering_book.md | linux_engineering_book.pdf,candidate,,,,high
ip link add link eth0 name eth0.100 type vlan id,ip link add link eth0 name eth0.100 type vlan id,ip,Networking,/etc/modprobe.d/bonding.conf,ip link add link eth0 name eth0.100 type vlan id 100,7192,139,runtime/knowledge/source/linux_master_library_v1.pdf,linux_engineering_book.md | linux_engineering_book.pdf,candidate,,,,high
ip link add type bridge,ip link add type bridge,ip,Networking,Tworzy bridge,ip link add br0 type bridge,7197,139,runtime/knowledge/source/linux_master_library_v1.pdf,LINUX COMMAND,candidate,,,,high
ip link add veth0 type veth peer name veth1,ip link add veth0 type veth peer name veth1,ip,Networking,/etc/modprobe.d/bonding.conf,ip link add veth0 type veth peer name veth1,7202,139,runtime/knowledge/source/linux_master_library_v1.pdf,linux_engineering_book.md | linux_engineering_book.pdf,candidate,,,,high
ip link add vxlan0 type vxlan id 42 remote 1.2.3.4 dstport,ip link add vxlan0 type vxlan id 42 remote 1.2.3.4 dstport,ip,Networking,Narzędzia ip (iproute2),ip link add vxlan0 type vxlan id 42 remote 1.2.3.4 dstport 4789,7207,139,runtime/knowledge/source/linux_master_library_v1.pdf,linux_engineering_book.md | linux_engineering_book.pdf,candidate,,,,high
ip link set bond0 up,ip link set bond0 up,ip,Networking,/etc/modprobe.d/bonding.conf,ip link set bond0 up,7212,139,runtime/knowledge/source/linux_master_library_v1.pdf,linux_engineering_book.md | linux_engineering_book.pdf,candidate,,,,high
ip link set br0 up,ip link set br0 up,ip,Networking,/etc/modprobe.d/bonding.conf 139,ip link set br0 up,7217,139,runtime/knowledge/source/linux_master_library_v1.pdf,linux_engineering_book.md | linux_engineering_book.pdf,candidate,,,,high
ip link set dev eth0 xdp obj xdp_prog.o,ip link set dev eth0 xdp obj xdp_prog.o,ip,Networking,Programy XDP działają na poziomie sterownika NIC,ip link set dev eth0 xdp obj xdp_prog.o,7227,140,runtime/knowledge/source/linux_master_library_v1.pdf,linux_engineering_book.md | linux_engineering_book.pdf,candidate,,,,high
ip link set dev eth0 xdp off,ip link set dev eth0 xdp off,ip,Networking,Programy XDP działają na poziomie sterownika NIC,ip link set dev eth0 xdp off,7232,140,runtime/knowledge/source/linux_master_library_v1.pdf,linux_engineering_book.md | linux_engineering_book.pdf,candidate,,,,high
ip link set eth0 down,ip link set eth0 down,ip,Networking,on primary remote interface.,ip link set eth0 down,7237,140,runtime/knowledge/source/linux_master_library_v1.pdf,RHCSA_Command_Library.pdf | komendy,duplicate_existing,canonical+command_index,ip link set eth0 down,,high
ip link set eth0 master bond0,ip link set eth0 master bond0,ip,Networking,/etc/modprobe.d/bonding.conf,ip link set eth0 master bond0,7242,140,runtime/knowledge/source/linux_master_library_v1.pdf,linux_engineering_book.md | linux_engineering_book.pdf,candidate,,,,high
ip link set eth0 master br0,ip link set eth0 master br0,ip,Networking,/etc/modprobe.d/bonding.conf,ip link set eth0 master br0,7247,140,runtime/knowledge/source/linux_master_library_v1.pdf,linux_engineering_book.md | linux_engineering_book.pdf,candidate,,,,high
ip link set eth0 mtu,ip link set eth0 mtu,ip,Networking,Sekcja Komend,ip link set eth0 mtu,7252,140,runtime/knowledge/source/linux_master_library_v1.pdf,RHCSA_Command_Library.pdf,duplicate_existing,canonical+command_index,ip link set eth0 mtu,weak_description,high
ip link set eth0 mtu 9000 # ustaw,ip link set eth0 mtu 9000 # ustaw,ip,Networking,Narzędzia ip (iproute2),ip link set eth0 mtu 9000 # ustaw,7257,140,runtime/knowledge/source/linux_master_library_v1.pdf,linux_engineering_book.md | linux_engineering_book.pdf,candidate,,,,high
ip link set eth0 up,ip link set eth0 up,ip,Networking,bring interface up. CAUTION 140,ip link set eth0 up,7262,140,runtime/knowledge/source/linux_master_library_v1.pdf,RHCSA_Command_Library.pdf | komendy,duplicate_existing,canonical+command_index,ip link set eth0 up,,high
ip link set eth0 up/down # włącz/wyłącz,ip link set eth0 up/down # włącz/wyłącz,ip,Networking,Narzędzia ip (iproute2),ip link set eth0 up/down # włącz/wyłącz,7272,141,runtime/knowledge/source/linux_master_library_v1.pdf,linux_engineering_book.md | linux_engineering_book.pdf,candidate,,,,high
ip link set eth0.100 up,ip link set eth0.100 up,ip,Networking,/etc/modprobe.d/bonding.conf,ip link set eth0.100 up,7277,141,runtime/knowledge/source/linux_master_library_v1.pdf,linux_engineering_book.md | linux_engineering_book.pdf,candidate,,,,high
ip link set eth1 master bond0,ip link set eth1 master bond0,ip,Networking,/etc/modprobe.d/bonding.conf,ip link set eth1 master bond0,7282,141,runtime/knowledge/source/linux_master_library_v1.pdf,linux_engineering_book.md | linux_engineering_book.pdf,candidate,,,,high
ip link set eth1 master br0,ip link set eth1 master br0,ip,Networking,/etc/modprobe.d/bonding.conf,ip link set eth1 master br0,7287,141,runtime/knowledge/source/linux_master_library_v1.pdf,linux_engineering_book.md | linux_engineering_book.pdf,candidate,,,,high
ip link set veth0 up,ip link set veth0 up,ip,Networking,/etc/modprobe.d/bonding.conf,ip link set veth0 up,7292,141,runtime/knowledge/source/linux_master_library_v1.pdf,linux_engineering_book.md | linux_engineering_book.pdf,candidate,,,,high
ip link set veth1 netns ns1,ip link set veth1 netns ns1,ip,Networking,/etc/modprobe.d/bonding.conf,ip link set veth1 netns ns1,7297,141,runtime/knowledge/source/linux_master_library_v1.pdf,linux_engineering_book.md | linux_engineering_book.pdf,candidate,,,,high
ip maddr,ip maddr,ip,Networking,Multicast addresses,ip maddr,7302,141,runtime/knowledge/source/linux_master_library_v1.pdf,LINUX COMMAND,candidate,,,,high
ip monitor,ip monitor,ip,Networking,Monitoruje zmiany 141,ip monitor all,7307,141,runtime/knowledge/source/linux_master_library_v1.pdf,LINUX COMMAND,candidate,,,,high
ip neigh,ip neigh,ip,Networking,ARP table check. SAFE,ip neigh,7317,142,runtime/knowledge/source/linux_master_library_v1.pdf,LINUX COMMAND | RHCSA_Command_Library.pdf | komendy | linux_engineering_book.md | linux_engineering_book.pdf,candidate,,,,high
ip neigh add 192.168.1.1 lladdr aa:bb:cc:dd:ee:ff dev eth0,ip neigh add 192.168.1.1 lladdr aa:bb:cc:dd:ee:ff dev eth0,ip,Networking,Narzędzia ip (iproute2),ip neigh add 192.168.1.1 lladdr aa:bb:cc:dd:ee:ff dev eth0,7322,142,runtime/knowledge/source/linux_master_library_v1.pdf,linux_engineering_book.md | linux_engineering_book.pdf,candidate,,,,high
ip neigh flush all,ip neigh flush all,ip,Networking,Sekcja Komend,ip neigh flush all,7327,142,runtime/knowledge/source/linux_master_library_v1.pdf,RHCSA_Command_Library.pdf,duplicate_existing,canonical+command_index,ip neigh flush all,weak_description,high
ip netns,ip netns,ip,Networking,Komentarz Komentarz w skrypcie function myfunc() { Definicja funkcji,ip netns add myns | ip netns,7332,142,runtime/knowledge/source/linux_master_library_v1.pdf,LINUX COMMAND | RHCSA_Command_Library.pdf | komendy,candidate,,,,high
ip netns add myns,ip netns add myns,ip,Networking,Komentarz Komentarz w skrypcie function myfunc() { Definicja funkcji,ip netns add myns,7338,142,runtime/knowledge/source/linux_master_library_v1.pdf,RHCSA_Command_Library.pdf,duplicate_existing,canonical+command_index,ip netns add myns,,high
ip netns add ns1,ip netns add ns1,ip,Networking,/etc/modprobe.d/bonding.conf,ip netns add ns1,7343,142,runtime/knowledge/source/linux_master_library_v1.pdf,linux_engineering_book.md | linux_engineering_book.pdf,candidate,,,,high
ip netns delete myns,ip netns delete myns,ip,Networking,Komentarz Komentarz w skrypcie function myfunc() { Definicja funkcji,ip netns delete myns,7348,142,runtime/knowledge/source/linux_master_library_v1.pdf,RHCSA_Command_Library.pdf,duplicate_existing,canonical+command_index,ip netns delete myns,,high
ip netns exec,ip netns exec,ip,Networking,Wykonuje w namespace 142,ip netns exec myns bash,7353,142,runtime/knowledge/source/linux_master_library_v1.pdf,LINUX COMMAND,candidate,,,,high
ip netns exec myns,ip netns exec myns,ip,Networking,Komentarz Komentarz w skrypcie function myfunc() { Definicja funkcji,ip netns exec myns,7363,143,runtime/knowledge/source/linux_master_library_v1.pdf,RHCSA_Command_Library.pdf,duplicate_existing,canonical+command_index,ip netns exec myns,,high
ip netns exec ns1 ip addr,ip netns exec ns1 ip addr,ip,Networking,run in namespace. CAUTION,ip netns exec ns1 ip addr,7368,143,runtime/knowledge/source/linux_master_library_v1.pdf,komendy,candidate,,,,high
ip netns exec ns1 ip addr add 10.0.0.2/24 dev veth1,ip netns exec ns1 ip addr add 10.0.0.2/24 dev veth1,ip,Networking,/etc/modprobe.d/bonding.conf,ip netns exec ns1 ip addr add 10.0.0.2/24 dev veth1,7373,143,runtime/knowledge/source/linux_master_library_v1.pdf,linux_engineering_book.md | linux_engineering_book.pdf,candidate,,,,high
ip netns exec ns1 ip link set lo up,ip netns exec ns1 ip link set lo up,ip,Networking,/etc/modprobe.d/bonding.conf,ip netns exec ns1 ip link set lo up,7378,143,runtime/knowledge/source/linux_master_library_v1.pdf,linux_engineering_book.md | linux_engineering_book.pdf,candidate,,,,high
ip netns exec ns1 ip link set veth1 up,ip netns exec ns1 ip link set veth1 up,ip,Networking,/etc/modprobe.d/bonding.conf,ip netns exec ns1 ip link set veth1 up,7383,143,runtime/knowledge/source/linux_master_library_v1.pdf,linux_engineering_book.md | linux_engineering_book.pdf,candidate,,,,high
ip ntable,ip ntable,ip,Networking,Neighbor table,ip ntable,7388,143,runtime/knowledge/source/linux_master_library_v1.pdf,LINUX COMMAND,candidate,,,,high
ip route,ip route,ip,Networking,routing table. SAFE,ip route add 10.0.0.0/8 via 192.168.1.1 | ip route,7393,143,runtime/knowledge/source/linux_master_library_v1.pdf,LINUX COMMAND | RHCSA_Command_Library.pdf | komendy | linux_engineering_book.md | linux_engineering_book.pdf,candidate,,,,high
ip route add,ip route add,ip,Networking,Sekcja Komend 143,ip route add default via 192.168.1.1 | ip route add,7399,143,runtime/knowledge/source/linux_master_library_v1.pdf,LINUX COMMAND | RHCSA_Command_Library.pdf,duplicate_existing,canonical+command_index,ip route add,,high
ip route add 10.0.0.0/8 via 192.168.1.1,ip route add 10.0.0.0/8 via 192.168.1.1,ip,Networking,add route. CAUTION,ip route add 10.0.0.0/8 via 192.168.1.1,7410,144,runtime/knowledge/source/linux_master_library_v1.pdf,komendy,candidate,,,,high
ip route add 10.0.0.0/8 via 192.168.1.1 # dodaj trasę,ip route add 10.0.0.0/8 via 192.168.1.1 # dodaj trasę,ip,Networking,Narzędzia ip (iproute2),ip route add 10.0.0.0/8 via 192.168.1.1 # dodaj trasę,7415,144,runtime/knowledge/source/linux_master_library_v1.pdf,linux_engineering_book.md | linux_engineering_book.pdf,candidate,,,,high
ip route add 10.0.0.0/8 via 192.168.1.1 dev eth0,ip route add 10.0.0.0/8 via 192.168.1.1 dev eth0,ip,Networking,routingu i adresacją IP. * Przykład produkcyjny: #,ip route add 10.0.0.0/8 via 192.168.1.1 dev eth0,7420,144,runtime/knowledge/source/linux_master_library_v1.pdf,encyklopedia_inzynierii_linux.html | encyklopedia_inzynierii_linux.pdf,candidate,,,,high
ip route add default,ip route add default,ip,Networking,Sekcja Komend,ip route add default,7425,144,runtime/knowledge/source/linux_master_library_v1.pdf,RHCSA_Command_Library.pdf,duplicate_existing,canonical+command_index,ip route add default,weak_description,high
ip route add default via 192.168.1.1 # brama domyślna,ip route add default via 192.168.1.1 # brama domyślna,ip,Networking,Narzędzia ip (iproute2),ip route add default via 192.168.1.1 # brama domyślna,7430,144,runtime/knowledge/source/linux_master_library_v1.pdf,linux_engineering_book.md | linux_engineering_book.pdf,candidate,,,,high
ip route del,ip route del,ip,Networking,Sekcja Komend,ip route del,7435,144,runtime/knowledge/source/linux_master_library_v1.pdf,RHCSA_Command_Library.pdf,duplicate_existing,canonical+command_index,ip route del,weak_description,high
ip route del 10.0.0.0/8 # usuń trasę,ip route del 10.0.0.0/8 # usuń trasę,ip,Networking,Narzędzia ip (iproute2),ip route del 10.0.0.0/8 # usuń trasę,7440,144,runtime/knowledge/source/linux_master_library_v1.pdf,linux_engineering_book.md | linux_engineering_book.pdf,candidate,,,,high
ip route del default,ip route del default,ip,Networking,Sekcja Komend 144,ip route del default,7445,144,runtime/knowledge/source/linux_master_library_v1.pdf,RHCSA_Command_Library.pdf,duplicate_existing,canonical+command_index,ip route del default,,high
ip route get 8.8.8.8,ip route get 8.8.8.8,ip,Networking,Sekcja Komend,ip route get 8.8.8.8,7455,145,runtime/knowledge/source/linux_master_library_v1.pdf,RHCSA_Command_Library.pdf,duplicate_existing,canonical+command_index,ip route get 8.8.8.8,weak_description,high
ip tunnel,ip tunnel,ip,Networking,IP tunnels,ip tunnel,7460,145,runtime/knowledge/source/linux_master_library_v1.pdf,LINUX COMMAND,candidate,,,,high
ip tunnel add gre1 mode gre remote 1.2.3.4 local 5.6.7.8,ip tunnel add gre1 mode gre remote 1.2.3.4 local 5.6.7.8,ip,Networking,Narzędzia ip (iproute2),ip tunnel add gre1 mode gre remote 1.2.3.4 local 5.6.7.8,7465,145,runtime/knowledge/source/linux_master_library_v1.pdf,linux_engineering_book.md | linux_engineering_book.pdf,candidate,,,,high
ip tuntap,ip tuntap,ip,Networking,TUN/TAP,ip tuntap add mode tun tun0,7470,145,runtime/knowledge/source/linux_master_library_v1.pdf,LINUX COMMAND,candidate,,,,high
ipset,ipset,ipset,Networking,Zbiory IP dla firewalla,ipset,7475,145,runtime/knowledge/source/linux_master_library_v1.pdf,LINUX COMMAND,candidate,,,,high
ipset add,ipset add,ipset,Networking,Dodaje do zbioru,ipset add myset 192.168.1.100,7480,145,runtime/knowledge/source/linux_master_library_v1.pdf,LINUX COMMAND,candidate,,,,high
iptables,iptables,iptables,Networking,Legacy firewall,iptables -L -n -v,7485,145,runtime/knowledge/source/linux_master_library_v1.pdf,LINUX COMMAND,candidate,,,,high
iptables (legacy),iptables (legacy),iptables,Networking,Diagnostyka 145,iptables (legacy),7490,145,runtime/knowledge/source/linux_master_library_v1.pdf,linux_engineering_book.pdf,candidate,,,,high
iptables -A,iptables -A,iptables,Networking,append rule. CAUTION,iptables -A,7500,146,runtime/knowledge/source/linux_master_library_v1.pdf,LINUX COMMAND | komendy | linux_engineering_book.md | linux_engineering_book.pdf,candidate,,,,high
iptables -D,iptables -D,iptables,Networking,delete rule by number. CAUTION,iptables -D,7505,146,runtime/knowledge/source/linux_master_library_v1.pdf,LINUX COMMAND | komendy,candidate,,,,high
iptables -F,iptables -F,iptables,Networking,flush all rules. DANGEROUS,iptables -F,7510,146,runtime/knowledge/source/linux_master_library_v1.pdf,LINUX COMMAND | komendy,candidate,,,,high
iptables -F flushing all rules remotely.',iptables -F flushing all rules remotely.',iptables,Networking,Dangerous Mistakes,iptables -F` flushing all rules remotely.,7515,146,runtime/knowledge/source/linux_master_library_v1.pdf,komendy,candidate,,,weak_description,medium
iptables -F on remote server without console access.',iptables -F on remote server without console access.',iptables,Networking,Dangerous Mistakes,iptables -F` on remote server without console access.,7520,146,runtime/knowledge/source/linux_master_library_v1.pdf,komendy,candidate,,,weak_description,medium
iptables -I,iptables -I,iptables,Networking,Wstawia regułę,iptables -I,7525,146,runtime/knowledge/source/linux_master_library_v1.pdf,LINUX COMMAND,candidate,,,,high
iptables -L -n -v # filter,iptables -L -n -v # filter,iptables,Networking,Wyświetlanie reguł,iptables -L -n -v # filter,7530,146,runtime/knowledge/source/linux_master_library_v1.pdf,linux_engineering_book.md | linux_engineering_book.pdf,candidate,,,,high
iptables -L -v -n,iptables -L -v -n,iptables,Networking,list rules with counters. SAFE 146,iptables -L -v -n,7535,146,runtime/knowledge/source/linux_master_library_v1.pdf,komendy,candidate,,,,high
iptables -L → firewall blokuje?,iptables -L → firewall blokuje?,iptables,Networking,Dodatek B: Komendy Ratunkowe,iptables -L → firewall blokuje?,7545,147,runtime/knowledge/source/linux_master_library_v1.pdf,linux_engineering_book.md | linux_engineering_book.pdf,candidate,,,,high
iptables -N,iptables -N,iptables,Networking,Nowy chain,iptables -N,7550,147,runtime/knowledge/source/linux_master_library_v1.pdf,LINUX COMMAND,candidate,,,,high
iptables -P,iptables -P,iptables,Networking,Ustawia policy,iptables -P,7555,147,runtime/knowledge/source/linux_master_library_v1.pdf,LINUX COMMAND,candidate,,,,high
iptables -R,iptables -R,iptables,Networking,Zastępuje regułę,iptables -R,7560,147,runtime/knowledge/source/linux_master_library_v1.pdf,LINUX COMMAND,candidate,,,,high
iptables -X,iptables -X,iptables,Networking,Usuwa chainy user-defined,iptables -X,7565,147,runtime/knowledge/source/linux_master_library_v1.pdf,LINUX COMMAND,candidate,,,,high
iptables -j,iptables -j,iptables,Networking,Ciche odrzucenie,iptables -A,7570,147,runtime/knowledge/source/linux_master_library_v1.pdf,LINUX COMMAND,candidate,,,,high
iptables -m conntrack,iptables -m conntrack,iptables,Networking,Connection tracking,iptables -A,7575,147,runtime/knowledge/source/linux_master_library_v1.pdf,LINUX COMMAND,candidate,,,,high
iptables -m iprange,iptables -m iprange,iptables,Networking,Zakres IP 147,iptables -A,7580,147,runtime/knowledge/source/linux_master_library_v1.pdf,LINUX COMMAND,candidate,,,,high
iptables -m limit,iptables -m limit,iptables,Networking,Rate limiting,iptables -A,7590,148,runtime/knowledge/source/linux_master_library_v1.pdf,LINUX COMMAND,candidate,,,,high
iptables -m mac,iptables -m mac,iptables,Networking,MAC address,iptables -A,7595,148,runtime/knowledge/source/linux_master_library_v1.pdf,LINUX COMMAND,candidate,,,,high
iptables -m multiport,iptables -m multiport,iptables,Networking,Wiele portów,iptables -A,7600,148,runtime/knowledge/source/linux_master_library_v1.pdf,LINUX COMMAND,candidate,,,,high
iptables -m recent,iptables -m recent,iptables,Networking,Recent connections,iptables -A,7605,148,runtime/knowledge/source/linux_master_library_v1.pdf,LINUX COMMAND,candidate,,,,high
iptables -m string,iptables -m string,iptables,Networking,String matching,iptables -A,7610,148,runtime/knowledge/source/linux_master_library_v1.pdf,LINUX COMMAND,candidate,,,,high
iptables -m time,iptables -m time,iptables,Networking,Time-based rules,iptables -A,7615,148,runtime/knowledge/source/linux_master_library_v1.pdf,LINUX COMMAND,candidate,,,,high
iptables -t mangle,iptables -t mangle,iptables,Networking,Komentarz Komentarz w skrypcie function myfunc() { Definicja funkcji,iptables -t mangle -L | iptables -t mangle,7620,148,runtime/knowledge/source/linux_master_library_v1.pdf,LINUX COMMAND | RHCSA_Command_Library.pdf,candidate,,,,high
iptables -t nat,iptables -t nat,iptables,Networking,NAT table 148,iptables -t nat -L,7626,148,runtime/knowledge/source/linux_master_library_v1.pdf,LINUX COMMAND,candidate,,,,high
iptables -t nat -A,iptables -t nat -A,iptables,Networking,,iptables (legacy) | iptables -t nat -A,7636,149,runtime/knowledge/source/linux_master_library_v1.pdf,linux_engineering_book.md | linux_engineering_book.pdf,candidate,,,,high
iptables -t nat -L,iptables -t nat -L,iptables,Networking,Komentarz Komentarz w skrypcie function myfunc() { Definicja funkcji,iptables -t nat -L,7641,149,runtime/knowledge/source/linux_master_library_v1.pdf,RHCSA_Command_Library.pdf,candidate,,,,high
iptables -t nat -L -n -v #,iptables -t nat -L -n -v #,iptables,Networking,Wyświetlanie reguł,iptables -t nat -L -n -v #,7646,149,runtime/knowledge/source/linux_master_library_v1.pdf,linux_engineering_book.md | linux_engineering_book.pdf,candidate,,,,high
iptables -t raw,iptables -t raw,iptables,Networking,Raw table,iptables -t raw -L,7651,149,runtime/knowledge/source/linux_master_library_v1.pdf,LINUX COMMAND,candidate,,,,high
iptables-restore,iptables-restore,iptables-restore,Networking,Przywracanie iptables,iptables-restore < rules.txt | iptables-restore < /etc/sysconfig/iptables,7656,149,runtime/knowledge/source/linux_master_library_v1.pdf,LINUX COMMAND,candidate,,,,high
iptables-restore < /etc/iptables/rules.v4,iptables-restore < /etc/iptables/rules.v4,iptables-restore,Networking,iptables (legacy),iptables-restore < /etc/iptables/rules.v4,7662,149,runtime/knowledge/source/linux_master_library_v1.pdf,linux_engineering_book.md | linux_engineering_book.pdf,candidate,,,,high
iptables-restore < /root/rules.backup,iptables-restore < /root/rules.backup,iptables-restore,Networking,restore. CAUTION,iptables-restore < /root/rules.backup,7667,149,runtime/knowledge/source/linux_master_library_v1.pdf,komendy,candidate,,,,high
iptables-save,iptables-save,iptables-save,Networking,Zapisuje reguły 149,iptables-save > rules.txt | iptables-save > /etc/sysconfig/iptables,7672,149,runtime/knowledge/source/linux_master_library_v1.pdf,LINUX COMMAND,candidate,,,,high
iptables-save > /etc/iptables/rules.v4,iptables-save > /etc/iptables/rules.v4,iptables-save,Networking,iptables (legacy),iptables-save > /etc/iptables/rules.v4,7683,150,runtime/knowledge/source/linux_master_library_v1.pdf,linux_engineering_book.md | linux_engineering_book.pdf,candidate,,,,high
iptables-save > /root/rules.backup,iptables-save > /root/rules.backup,iptables-save,Networking,backup. SAFE,iptables-save > /root/rules.backup,7688,150,runtime/knowledge/source/linux_master_library_v1.pdf,komendy,candidate,,,,high
ipvsadm,ipvsadm,ipvsadm,Networking,IP Virtual Server (LVS),ipvsadm -Ln,7693,150,runtime/knowledge/source/linux_master_library_v1.pdf,LINUX COMMAND,candidate,,,,high
iw,iw,iw,Networking,Wireless configuration,iw dev wlan0 scan,7698,150,runtime/knowledge/source/linux_master_library_v1.pdf,LINUX COMMAND,candidate,,,,high
iw dev wlan0 scan,iw dev wlan0 scan,iw,Networking,scan networks. SAFE,iw dev wlan0 scan,7703,150,runtime/knowledge/source/linux_master_library_v1.pdf,komendy,candidate,,,,high
iwconfig,iwconfig,iwconfig,Networking,legacy wireless. SAFE,iwconfig wlan0 | iwconfig,7708,150,runtime/knowledge/source/linux_master_library_v1.pdf,LINUX COMMAND | komendy,candidate,,,,high
iwconfig wlan0 # parametry,iwconfig wlan0 # parametry,iwconfig,Networking,7.4 Narzędzia Diagnostyczne Sprzętu,iwconfig wlan0 # parametry,7714,150,runtime/knowledge/source/linux_master_library_v1.pdf,linux_engineering_book.md | linux_engineering_book.pdf,candidate,,,,high
iwevent,iwevent,iwevent,Networking,Wireless events 150,iwevent,7719,150,runtime/knowledge/source/linux_master_library_v1.pdf,LINUX COMMAND,candidate,,,,high
iwlist,iwlist,iwlist,Networking,Wireless list,iwlist wlan0 scan,7729,151,runtime/knowledge/source/linux_master_library_v1.pdf,LINUX COMMAND,candidate,,,,high
keepalived,keepalived,keepalived,Networking,VRRP/HA systemctl,,7734,151,runtime/knowledge/source/linux_master_library_v1.pdf,LINUX COMMAND,candidate,,,,high
lftp,lftp,lftp,Networking,Advanced FTP client,lftp ftp.example.com,7739,151,runtime/knowledge/source/linux_master_library_v1.pdf,LINUX COMMAND,candidate,,,,high
mount.cifs,mount.cifs,mount.cifs,Networking,Mount CIFS/SMB mount -t cifs //server/share /mnt -o username=user,,7744,151,runtime/knowledge/source/linux_master_library_v1.pdf,LINUX COMMAND,candidate,,,,high
mount.nfs,mount.nfs,mount.nfs,Networking,Mount NFS mount -t nfs server:/export /mnt,,7749,151,runtime/knowledge/source/linux_master_library_v1.pdf,LINUX COMMAND,candidate,,,,high
mount.nfs4,mount.nfs4,mount.nfs4,Networking,Mount NFSv4 mount -t nfs4 server:/export /mnt,,7754,151,runtime/knowledge/source/linux_master_library_v1.pdf,LINUX COMMAND,candidate,,,,high
mtr,mtr,mtr,Networking,Dynamiczny traceroute,mtr google.com,7759,151,runtime/knowledge/source/linux_master_library_v1.pdf,LINUX COMMAND,candidate,,,,high
mtr 8.8.8.8 # interaktywny traceroute,mtr 8.8.8.8 # interaktywny traceroute,mtr,Networking,8.4 Diagnostyka Sieci 151,mtr 8.8.8.8 # interaktywny traceroute,7764,151,runtime/knowledge/source/linux_master_library_v1.pdf,linux_engineering_book.md | linux_engineering_book.pdf,candidate,,,,high
mtr google.com,mtr google.com,mtr,Networking,dynamic path analysis. SAFE,mtr google.com,7774,152,runtime/knowledge/source/linux_master_library_v1.pdf,komendy,candidate,,,,high
mtr hostname,mtr hostname,mtr,Networking,Sekcja Komend,mtr hostname,7779,152,runtime/knowledge/source/linux_master_library_v1.pdf,RHCSA_Command_Library.pdf,candidate,,,weak_description,medium
named-checkconf,named-checkconf,named-checkconf,Networking,Sprawdza named.conf,named-checkconf,7784,152,runtime/knowledge/source/linux_master_library_v1.pdf,LINUX COMMAND,candidate,,,,high
named-checkzone,named-checkzone,named-checkzone,Networking,Sprawdza strefę DNS,named-checkzone example.com db.example.com,7789,152,runtime/knowledge/source/linux_master_library_v1.pdf,LINUX COMMAND,candidate,,,,high
nc -l -p,nc -l -p,nc,Networking,listen on port. CAUTION,nc -l -p 1234,7794,152,runtime/knowledge/source/linux_master_library_v1.pdf,komendy,candidate,,,,high
nc -zv host,nc -zv host,nc,Networking,port test. SAFE,nc -zv host 80,7799,152,runtime/knowledge/source/linux_master_library_v1.pdf,komendy,candidate,,,,high
nc / netcat,nc / netcat,nc,Networking,Narzędzie sieciowe,nc -zv localhost 22,7804,152,runtime/knowledge/source/linux_master_library_v1.pdf,LINUX COMMAND,candidate,,,,high
ncat,ncat,ncat,Networking,Nmap netcat (nowoczesne) 152,ncat -l 8080,7809,152,runtime/knowledge/source/linux_master_library_v1.pdf,LINUX COMMAND,candidate,,,,high
networkctl,networkctl,networkctl,Networking,Zarządzanie siecią (systemd),networkctl,7819,153,runtime/knowledge/source/linux_master_library_v1.pdf,LINUX COMMAND | linux_engineering_book.md | linux_engineering_book.pdf,candidate,,,,high
nfct,nfct,nfct,Networking,Netfilter conntrack tool,nfct,7824,153,runtime/knowledge/source/linux_master_library_v1.pdf,LINUX COMMAND,candidate,,,,high
nfsiostat,nfsiostat,nfsiostat,Networking,NFS I/O stats,nfsiostat,7829,153,runtime/knowledge/source/linux_master_library_v1.pdf,LINUX COMMAND,candidate,,,,high
nfsstat,nfsstat,nfsstat,Networking,NFS statistics,nfsstat,7834,153,runtime/knowledge/source/linux_master_library_v1.pdf,LINUX COMMAND,duplicate_existing,canonical+command_index,nfsstat,,high
nft,nft,nft,Networking,"Uruchomienie kontenera z pełnymi uprawnieniami roota hosta i dostępem do surowego systemu linux_engineering_book.md, linux_engineering_book.pdf",nft,7839,153,runtime/knowledge/source/linux_master_library_v1.pdf,LINUX COMMAND | encyklopedia_inzynierii_linux.html | encyklopedia_inzynierii_linux.pdf | komendy,candidate,,,,high
nft add chain,nft add chain,nft,Networking,Dodaje chain,nft add chain inet filter input { type filter hook input priority 0 \; },7845,153,runtime/knowledge/source/linux_master_library_v1.pdf,LINUX COMMAND,candidate,,,,high
nft add chain inet edge_firewall inbound { type filter hook input priority 0 \; policy,nft add chain inet edge_firewall inbound { type filter hook input priority 0 \; policy,nft,Networking,drop Dodanie bazowego łańcucha wejściowego z domyślną polityką odrzucania ruchu (Drop),nft add chain inet edge_firewall inbound { type filter hook input priority 0 \; policy drop,7850,,runtime/knowledge/source/linux_master_library_v1.pdf,encyklopedia_inzynierii_linux.pdf,candidate,,,,high
nft add chain inet edge_firewall inbound { type filter hook input priority 0 \; policy,nft add chain inet edge_firewall inbound { type filter hook input priority 0 \; policy,nft,Networking,drop \; } Dodanie bazowego łańcucha wejściowego z domyślną polityką odrzucania ruchu (Drop) 153,nft add chain inet edge_firewall inbound { type filter hook input priority 0 \; policy drop \; },7856,,runtime/knowledge/source/linux_master_library_v1.pdf,encyklopedia_inzynierii_linux.html,duplicate_existing,candidate_internal,nft add chain inet edge_firewall inbound { type filter hook input priority 0 \; policy,,high
nft add chain inet filter input { type filter hook input priority 0 \;,nft add chain inet filter input { type filter hook input priority 0 \;,nft,Networking,Tworzenie tabeli i łańcucha,nft add chain inet filter input { type filter hook input priority 0 \;,7867,154,runtime/knowledge/source/linux_master_library_v1.pdf,linux_engineering_book.pdf,candidate,,,,high
nft add chain inet filter input { type filter hook input priority 0 \; policy drop \; },nft add chain inet filter input { type filter hook input priority 0 \; policy drop \; },nft,Networking,nftables (nowoczesny),nft add chain inet filter input { type filter hook input priority 0 \; policy drop \; },7872,,runtime/knowledge/source/linux_master_library_v1.pdf,linux_engineering_book.md,candidate,,,,high
nft add chain inet filter input { type filter hook input priority 0; policy drop; },nft add chain inet filter input { type filter hook input priority 0; policy drop; },nft,Networking,create chain. CAUTION,nft add chain inet filter input { type filter hook input priority 0; policy drop; },7877,,runtime/knowledge/source/linux_master_library_v1.pdf,komendy,candidate,,,,high
nft add rule,nft add rule,nft,Networking,Dodaje regułę,nft add rule inet filter input tcp dport 22 accept,7882,154,runtime/knowledge/source/linux_master_library_v1.pdf,LINUX COMMAND,candidate,,,,high
"nft add rule inet edge_firewall inbound ct state established,related accept","nft add rule inet edge_firewall inbound ct state established,related accept",nft,Networking,Dodanie reguł zezwalających na ruch powiązany (Established) oraz ruch na interfejsie lokalnym (Loopback),"nft add rule inet edge_firewall inbound ct state established,related accept",7887,154,runtime/knowledge/source/linux_master_library_v1.pdf,encyklopedia_inzynierii_linux.html | encyklopedia_inzynierii_linux.pdf,candidate,,,,high
"nft add rule inet edge_firewall inbound iifname ""lo"" accept","nft add rule inet edge_firewall inbound iifname ""lo"" accept",nft,Networking,Dodanie reguł zezwalających na ruch powiązany (Established) oraz ruch na interfejsie lokalnym (Loopback),"nft add rule inet edge_firewall inbound iifname ""lo"" accept",7892,154,runtime/knowledge/source/linux_master_library_v1.pdf,encyklopedia_inzynierii_linux.html | encyklopedia_inzynierii_linux.pdf,candidate,,,,high
"nft add rule inet filter input ct state established,related accept","nft add rule inet filter input ct state established,related accept",nft,Networking,nftables (nowoczesny),"nft add rule inet filter input ct state established,related accept",7897,154,runtime/knowledge/source/linux_master_library_v1.pdf,linux_engineering_book.md | linux_engineering_book.pdf,candidate,,,,high
nft add rule inet filter input iif lo accept,nft add rule inet filter input iif lo accept,nft,Networking,nftables (nowoczesny) 154,nft add rule inet filter input iif lo accept,7902,154,runtime/knowledge/source/linux_master_library_v1.pdf,linux_engineering_book.md | linux_engineering_book.pdf,candidate,,,,high
nft add rule inet filter input tcp dport 22 accept,nft add rule inet filter input tcp dport 22 accept,nft,Networking,add rule. CAUTION,nft add rule inet filter input tcp dport 22 accept,7912,155,runtime/knowledge/source/linux_master_library_v1.pdf,komendy | linux_engineering_book.md | linux_engineering_book.pdf,candidate,,,,high
"nft add rule inet filter input tcp dport {80, 443} accept","nft add rule inet filter input tcp dport {80, 443} accept",nft,Networking,nftables (nowoczesny),"nft add rule inet filter input tcp dport {80, 443} accept",7917,155,runtime/knowledge/source/linux_master_library_v1.pdf,linux_engineering_book.md | linux_engineering_book.pdf,candidate,,,,high
nft add table,nft add table,nft,Networking,Dodaje tabelę,nft add table inet filter,7922,155,runtime/knowledge/source/linux_master_library_v1.pdf,LINUX COMMAND,candidate,,,,high
nft add table inet edge_firewall,nft add table inet edge_firewall,nft,Networking,Utworzenie nowej zunifikowanej tabeli dla protokołów IPv4 i IPv6,nft add table inet edge_firewall,7927,155,runtime/knowledge/source/linux_master_library_v1.pdf,encyklopedia_inzynierii_linux.html | encyklopedia_inzynierii_linux.pdf,candidate,,,,high
nft add table inet filter,nft add table inet filter,nft,Networking,create table. CAUTION,nft add table inet filter,7932,155,runtime/knowledge/source/linux_master_library_v1.pdf,komendy | linux_engineering_book.md | linux_engineering_book.pdf,candidate,,,,high
nft delete rule,nft delete rule,nft,Networking,Usuwa regułę,nft delete rule inet filter input handle 10,7937,155,runtime/knowledge/source/linux_master_library_v1.pdf,LINUX COMMAND,candidate,,,,high
nft delete table inet filter,nft delete table inet filter,nft,Networking,flush table. DANGEROUS,nft delete table inet filter,7942,155,runtime/knowledge/source/linux_master_library_v1.pdf,komendy,candidate,,,,high
nft flush,nft flush,nft,Networking,Czyści 155,nft flush ruleset,7947,155,runtime/knowledge/source/linux_master_library_v1.pdf,LINUX COMMAND,candidate,,,,high
nginx,nginx,nginx,Networking,Web server/reverse proxy,nginx -t | nginx,7957,156,runtime/knowledge/source/linux_master_library_v1.pdf,LINUX COMMAND | RHCSA_Command_Library.pdf,duplicate_existing,command_index,nginx,,high
nginx -s,nginx -s,nginx,Networking,Reload nginx,nginx -s,7963,156,runtime/knowledge/source/linux_master_library_v1.pdf,LINUX COMMAND,candidate,,,,high
nmap,nmap,nmap,Networking,Skaner portów,nmap -sT localhost,7968,156,runtime/knowledge/source/linux_master_library_v1.pdf,LINUX COMMAND,candidate,,,,high
nmap -sV 192.168.1.0/24 # skanowanie portów,nmap -sV 192.168.1.0/24 # skanowanie portów,nmap,Networking,8.4 Diagnostyka Sieci,nmap -sV 192.168.1.0/24 # skanowanie portów,7973,156,runtime/knowledge/source/linux_master_library_v1.pdf,linux_engineering_book.md | linux_engineering_book.pdf,candidate,,,,high
nmblookup,nmblookup,nmblookup,Networking,NetBIOS lookup,nmblookup server,7978,156,runtime/knowledge/source/linux_master_library_v1.pdf,LINUX COMMAND,candidate,,,,high
nmblookup -A server,nmblookup -A server,nmblookup,Networking,Komentarz Komentarz w skrypcie function myfunc() { Definicja funkcji,nmblookup -A server,7983,156,runtime/knowledge/source/linux_master_library_v1.pdf,RHCSA_Command_Library.pdf,candidate,,,,high
nmcli,nmcli,nmcli,Networking,NetworkManager CLI,nmcli dev,7988,156,runtime/knowledge/source/linux_master_library_v1.pdf,LINUX COMMAND,duplicate_existing,command_index,nmcli,,high
nmcli con,nmcli con,nmcli,Networking,Lista połączeń 156,nmcli con,7993,156,runtime/knowledge/source/linux_master_library_v1.pdf,LINUX COMMAND,candidate,,,,high
nmcli con add type bond,nmcli con add type bond,nmcli,Networking,Tworzy bond,nmcli con add type bond con-name bond0 ifname bond0,8003,157,runtime/knowledge/source/linux_master_library_v1.pdf,LINUX COMMAND,candidate,,,,high
nmcli con add type bridge,nmcli con add type bridge,nmcli,Networking,Tworzy bridge NM,nmcli con add type bridge con-name br0 ifname br0,8008,157,runtime/knowledge/source/linux_master_library_v1.pdf,LINUX COMMAND,candidate,,,,high
nmcli con add type team,nmcli con add type team,nmcli,Networking,Tworzy team w NM,nmcli con add type team con-name team0 ifname team0,8013,157,runtime/knowledge/source/linux_master_library_v1.pdf,LINUX COMMAND,candidate,,,,high
nmcli con add type vlan,nmcli con add type vlan,nmcli,Networking,Tworzy VLAN NM,nmcli con add type vlan con-name vlan10 ifname eth0.10 dev eth0 id 10,8018,157,runtime/knowledge/source/linux_master_library_v1.pdf,LINUX COMMAND,candidate,,,,high
nmcli con down,nmcli con down,nmcli,Networking,Deaktywuje,"nmcli con down ""Wired connection 1""",8023,157,runtime/knowledge/source/linux_master_library_v1.pdf,LINUX COMMAND,candidate,,,,high
nmcli con mod,nmcli con mod,nmcli,Networking,Modyfikuje połączenie,"nmcli con mod ""eth0"" ipv4.addresses 192.168.1.10/24",8028,157,runtime/knowledge/source/linux_master_library_v1.pdf,LINUX COMMAND,candidate,,,,high
nmcli con up,nmcli con up,nmcli,Networking,Aktywuje połączenie,"nmcli con up ""Wired connection 1""",8033,157,runtime/knowledge/source/linux_master_library_v1.pdf,LINUX COMMAND,candidate,,,,high
"nmcli con up id ""Wired connection 1""","nmcli con up id ""Wired connection 1""",nmcli,Networking,activate connection. CAUTION 157,"nmcli con up id ""Wired connection 1""",8038,157,runtime/knowledge/source/linux_master_library_v1.pdf,komendy,candidate,,,,high
nmcli connection,nmcli connection,nmcli,Networking,Komentarz Komentarz w skrypcie function myfunc() { Definicja funkcji,nmcli connection,8048,158,runtime/knowledge/source/linux_master_library_v1.pdf,RHCSA_Command_Library.pdf | linux_engineering_book.md | linux_engineering_book.pdf,duplicate_existing,canonical+command_index,nmcli connection,,high
"nmcli connection add type ethernet con-name ""LAN"" ifname eth0","nmcli connection add type ethernet con-name ""LAN"" ifname eth0",nmcli,Networking,NetworkManager,"nmcli connection add type ethernet con-name ""LAN"" ifname eth0",8053,158,runtime/knowledge/source/linux_master_library_v1.pdf,linux_engineering_book.md | linux_engineering_book.pdf,candidate,,,,high
"nmcli connection modify ""LAN"" ipv4.addresses 192.168.1.10/24","nmcli connection modify ""LAN"" ipv4.addresses 192.168.1.10/24",nmcli,Networking,NetworkManager,"nmcli connection modify ""LAN"" ipv4.addresses 192.168.1.10/24",8058,158,runtime/knowledge/source/linux_master_library_v1.pdf,linux_engineering_book.md | linux_engineering_book.pdf,candidate,,,,high
"nmcli connection modify ""LAN"" ipv4.dns ""8.8.8.8 8.8.4.4""","nmcli connection modify ""LAN"" ipv4.dns ""8.8.8.8 8.8.4.4""",nmcli,Networking,NetworkManager,"nmcli connection modify ""LAN"" ipv4.dns ""8.8.8.8 8.8.4.4""",8063,158,runtime/knowledge/source/linux_master_library_v1.pdf,linux_engineering_book.md | linux_engineering_book.pdf,candidate,,,,high
"nmcli connection modify ""LAN"" ipv4.gateway 192.168.1.1","nmcli connection modify ""LAN"" ipv4.gateway 192.168.1.1",nmcli,Networking,NetworkManager,"nmcli connection modify ""LAN"" ipv4.gateway 192.168.1.1",8068,158,runtime/knowledge/source/linux_master_library_v1.pdf,linux_engineering_book.md | linux_engineering_book.pdf,candidate,,,,high
"nmcli connection modify ""LAN"" ipv4.method manual","nmcli connection modify ""LAN"" ipv4.method manual",nmcli,Networking,NetworkManager,"nmcli connection modify ""LAN"" ipv4.method manual",8073,158,runtime/knowledge/source/linux_master_library_v1.pdf,linux_engineering_book.md | linux_engineering_book.pdf,candidate,,,,high
"nmcli connection up ""LAN""","nmcli connection up ""LAN""",nmcli,Networking,NetworkManager,"nmcli connection up ""LAN""",8078,158,runtime/knowledge/source/linux_master_library_v1.pdf,linux_engineering_book.md | linux_engineering_book.pdf,candidate,,,,high
nmcli dev,nmcli dev,nmcli,Networking,Szczegóły urządzenia 158,nmcli dev,8083,158,runtime/knowledge/source/linux_master_library_v1.pdf,LINUX COMMAND,candidate,,,,high
nmcli device,nmcli device,nmcli,Networking,NetworkManager status. SAFE,nmcli device,8093,159,runtime/knowledge/source/linux_master_library_v1.pdf,komendy | linux_engineering_book.md | linux_engineering_book.pdf,candidate,,,,high
nmcli device connect,nmcli device connect,nmcli,Networking,Łączy,nmcli device connect eth0,8098,159,runtime/knowledge/source/linux_master_library_v1.pdf,LINUX COMMAND,candidate,,,,high
nmcli device disconnect,nmcli device disconnect,nmcli,Networking,Rozłącza,nmcli device disconnect eth0,8103,159,runtime/knowledge/source/linux_master_library_v1.pdf,LINUX COMMAND,candidate,,,,high
nmcli device reapply,nmcli device reapply,nmcli,Networking,Reaplikuje konfigurację,nmcli device reapply eth0,8108,159,runtime/knowledge/source/linux_master_library_v1.pdf,LINUX COMMAND,candidate,,,,high
nmcli device wifi,nmcli device wifi,nmcli,Networking,WiFi scan,nmcli device wifi,8113,159,runtime/knowledge/source/linux_master_library_v1.pdf,LINUX COMMAND,candidate,,,,high
nmcli device wifi connect,nmcli device wifi connect,nmcli,Networking,WiFi connect,"nmcli device wifi connect ""SSID"" password ""pass""",8118,159,runtime/knowledge/source/linux_master_library_v1.pdf,LINUX COMMAND,candidate,,,,high
nmcli networking,nmcli networking,nmcli,Networking,Włącza/wyłącza networking,nmcli networking off,8123,159,runtime/knowledge/source/linux_master_library_v1.pdf,LINUX COMMAND,candidate,,,,high
nmcli radio,nmcli radio,nmcli,Networking,Zarządzanie radiem 159,nmcli radio wifi off,8128,159,runtime/knowledge/source/linux_master_library_v1.pdf,LINUX COMMAND,candidate,,,,high
nmstatectl,nmstatectl,nmstatectl,Networking,Deklaratywna konfiguracja (RHEL 9+),nmstatectl,8138,160,runtime/knowledge/source/linux_master_library_v1.pdf,LINUX COMMAND,candidate,,,,high
nmtui,nmtui,nmtui,Networking,TUI NetworkManager,nmtui,8143,160,runtime/knowledge/source/linux_master_library_v1.pdf,LINUX COMMAND,duplicate_existing,canonical+command_index,nmtui,,high
nslookup,nslookup,nslookup,Networking,Zapytania DNS,nslookup google.com,8148,160,runtime/knowledge/source/linux_master_library_v1.pdf,LINUX COMMAND,candidate,,,,high
nslookup -type=NS,nslookup -type=NS,nslookup,Networking,Rekord NS,nslookup -type=NS example.com,8153,160,runtime/knowledge/source/linux_master_library_v1.pdf,LINUX COMMAND,candidate,,,,high
nslookup example.com # proste zapytanie,nslookup example.com # proste zapytanie,nslookup,Networking,Diagnostyka,nslookup example.com # proste zapytanie,8158,160,runtime/knowledge/source/linux_master_library_v1.pdf,linux_engineering_book.md | linux_engineering_book.pdf,candidate,,,,high
nslookup host,nslookup host,nslookup,Networking,DNS resolution. SAFE,nslookup host,8163,160,runtime/knowledge/source/linux_master_library_v1.pdf,komendy,candidate,,,,high
nslookup hostname,nslookup hostname,nslookup,Networking,Sekcja Komend,nslookup hostname,8168,160,runtime/knowledge/source/linux_master_library_v1.pdf,RHCSA_Command_Library.pdf,candidate,,,weak_description,medium
pdbedit,pdbedit,pdbedit,Networking,Samba user DB 160,pdbedit -L,8173,160,runtime/knowledge/source/linux_master_library_v1.pdf,LINUX COMMAND,candidate,,,,high
ping,ping,ping,Networking,"Use with , , to avoid DNS delays in scripts.",ping -c 4 8.8.8.8 | ping,8183,161,runtime/knowledge/source/linux_master_library_v1.pdf,LINUX COMMAND | komendy,candidate,,,,high
ping -c 4 8.8.8.8,ping -c 4 8.8.8.8,ping,Networking,ICMP echo. SAFE,ping -c 4 8.8.8.8,8189,161,runtime/knowledge/source/linux_master_library_v1.pdf,komendy,candidate,,,,high
ping -c 4 8.8.8.8 #,ping -c 4 8.8.8.8 #,ping,Networking,8.4 Diagnostyka Sieci,ping -c 4 8.8.8.8 #,8194,161,runtime/knowledge/source/linux_master_library_v1.pdf,linux_engineering_book.md | linux_engineering_book.pdf,candidate,,,,high
ping -c 4 gateway,ping -c 4 gateway,ping,Networking,L3 connectivity. SAFE,ping -c 4 gateway,8199,161,runtime/knowledge/source/linux_master_library_v1.pdf,komendy,candidate,,,,high
ping -c 4 hostname,ping -c 4 hostname,ping,Networking,Sekcja Komend,ping -c 4 hostname,8204,161,runtime/knowledge/source/linux_master_library_v1.pdf,RHCSA_Command_Library.pdf,candidate,,,weak_description,medium
ping -i 0.2 hostname,ping -i 0.2 hostname,ping,Networking,Sekcja Komend,ping -i 0.2 hostname,8209,161,runtime/knowledge/source/linux_master_library_v1.pdf,RHCSA_Command_Library.pdf,candidate,,,weak_description,medium
ping -s,ping -s,ping,Networking,Sekcja Komend,ping -s 1400,8214,161,runtime/knowledge/source/linux_master_library_v1.pdf,RHCSA_Command_Library.pdf,candidate,,,weak_description,medium
ping gateway → łączność,ping gateway → łączność,ping,Networking,Dodatek B: Komendy Ratunkowe 161,ping gateway → łączność,8219,161,runtime/knowledge/source/linux_master_library_v1.pdf,linux_engineering_book.md | linux_engineering_book.pdf,candidate,,,,high
ping hostname,ping hostname,ping,Networking,Sekcja Komend,ping hostname,8229,162,runtime/knowledge/source/linux_master_library_v1.pdf,RHCSA_Command_Library.pdf,candidate,,,weak_description,medium
ping6,ping6,ping6,Networking,Test ICMPv6,ping6 -c 4 google.com,8234,162,runtime/knowledge/source/linux_master_library_v1.pdf,LINUX COMMAND,candidate,,,,high
ping6 hostname,ping6 hostname,ping6,Networking,Sekcja Komend,ping6 hostname,8239,162,runtime/knowledge/source/linux_master_library_v1.pdf,RHCSA_Command_Library.pdf,candidate,,,weak_description,medium
resolvectl,resolvectl,resolvectl,Networking,17.4 Networkd i Resolved,resolvectl query google.com | resolvectl,8244,162,runtime/knowledge/source/linux_master_library_v1.pdf,LINUX COMMAND | linux_engineering_book.md | linux_engineering_book.pdf,candidate,,,,high
resolvectl dns eth0 8.8.8.8 8.8.4.4,resolvectl dns eth0 8.8.8.8 8.8.4.4,resolvectl,Networking,systemd-resolved,resolvectl dns eth0 8.8.8.8 8.8.4.4,8250,162,runtime/knowledge/source/linux_master_library_v1.pdf,linux_engineering_book.md | linux_engineering_book.pdf,candidate,,,,high
resolvectl flush-caches,resolvectl flush-caches,resolvectl,Networking,Czyści cache DNS,resolvectl flush-caches,8255,162,runtime/knowledge/source/linux_master_library_v1.pdf,LINUX COMMAND,candidate,,,,high
resolvectl query,resolvectl query,resolvectl,Networking,Query DNS,resolvectl query google.com,8260,162,runtime/knowledge/source/linux_master_library_v1.pdf,LINUX COMMAND,candidate,,,,high
resolvectl query example.com,resolvectl query example.com,resolvectl,Networking,17.4 Networkd i Resolved 162,resolvectl query example.com,8265,162,runtime/knowledge/source/linux_master_library_v1.pdf,linux_engineering_book.md | linux_engineering_book.pdf,candidate,,,,high
systemd-resolve,systemd-resolve,systemd-resolve,Networking,Legacy resolvectl,systemd-resolve --status,8275,163,runtime/knowledge/source/linux_master_library_v1.pdf,LINUX COMMAND,candidate,,,,high
rndc,rndc,rndc,Networking,BIND control,rndc,8280,163,runtime/knowledge/source/linux_master_library_v1.pdf,LINUX COMMAND,candidate,,,,high
route,route,route,Networking,Legacy route (deprecated),route -n | route,8285,163,runtime/knowledge/source/linux_master_library_v1.pdf,LINUX COMMAND | komendy,duplicate_existing,command_index,route,,high
route -n,route -n,route,Networking,legacy routing. SAFE (read-only),route -n,8291,163,runtime/knowledge/source/linux_master_library_v1.pdf,komendy,candidate,,,,high
rpc.mountd,rpc.mountd,rpc.mountd,Networking,NFS mount daemon systemctl,,8296,163,runtime/knowledge/source/linux_master_library_v1.pdf,LINUX COMMAND,candidate,,,,high
rpc.nfsd,rpc.nfsd,rpc.nfsd,Networking,NFS daemon systemctl,,8301,163,runtime/knowledge/source/linux_master_library_v1.pdf,LINUX COMMAND,candidate,,,,high
rpcbind,rpcbind,rpcbind,Networking,RPC portmapper systemctl,,8306,163,runtime/knowledge/source/linux_master_library_v1.pdf,LINUX COMMAND,candidate,,,,high
rpcclient,rpcclient,rpcclient,Networking,RPC client 163,rpcclient -U user server,8311,163,runtime/knowledge/source/linux_master_library_v1.pdf,LINUX COMMAND,candidate,,,,high
rpcinfo,rpcinfo,rpcinfo,Networking,RPC info,rpcinfo -p,8321,164,runtime/knowledge/source/linux_master_library_v1.pdf,LINUX COMMAND,candidate,,,,high
rpcinfo -p server,rpcinfo -p server,rpcinfo,Networking,Sekcja Komend,rpcinfo -p server,8326,164,runtime/knowledge/source/linux_master_library_v1.pdf,RHCSA_Command_Library.pdf,candidate,,,weak_description,medium
showmount,showmount,showmount,Networking,NFS exports,showmount -e server,8331,164,runtime/knowledge/source/linux_master_library_v1.pdf,LINUX COMMAND,candidate,,,,high
showmount -a server,showmount -a server,showmount,Networking,Sekcja Komend,showmount -a server,8336,164,runtime/knowledge/source/linux_master_library_v1.pdf,RHCSA_Command_Library.pdf,candidate,,,weak_description,medium
showmount -e server,showmount -e server,showmount,Networking,Sekcja Komend,showmount -e server,8341,164,runtime/knowledge/source/linux_master_library_v1.pdf,RHCSA_Command_Library.pdf,candidate,,,weak_description,medium
siege,siege,siege,Networking,HTTP load tester,siege -c 10 -t 1M http://localhost,8346,164,runtime/knowledge/source/linux_master_library_v1.pdf,LINUX COMMAND,candidate,,,,high
smbclient,smbclient,smbclient,Networking,Komentarz Komentarz w skrypcie function myfunc() { Definicja funkcji,smbclient //server/share -U user | smbclient,8351,164,runtime/knowledge/source/linux_master_library_v1.pdf,LINUX COMMAND | RHCSA_Command_Library.pdf,duplicate_existing,canonical+command_index,smbclient,,high
smbclient -L,smbclient -L,smbclient,Networking,Komentarz Komentarz w skrypcie function myfunc() { Definicja funkcji 164,smbclient -L,8357,164,runtime/knowledge/source/linux_master_library_v1.pdf,RHCSA_Command_Library.pdf,candidate,,,,high
smbpasswd,smbpasswd,smbpasswd,Networking,SMB password,smbpasswd -a john,8367,165,runtime/knowledge/source/linux_master_library_v1.pdf,LINUX COMMAND,candidate,,,,high
smbstatus,smbstatus,smbstatus,Networking,SMB status,smbstatus,8372,165,runtime/knowledge/source/linux_master_library_v1.pdf,LINUX COMMAND,candidate,,,,high
socat,socat,socat,Networking,TCP relay. CAUTION,socat,8377,165,runtime/knowledge/source/linux_master_library_v1.pdf,LINUX COMMAND | komendy,candidate,,,,high
ss,ss,ss,Networking,"Use with , , to avoid DNS delays in scripts.",ss -tlnp | ss,8382,165,runtime/knowledge/source/linux_master_library_v1.pdf,LINUX COMMAND | komendy,candidate,,,,high
ss -4,ss -4,ss,Networking,Tylko IPv4,ss -4,8388,165,runtime/knowledge/source/linux_master_library_v1.pdf,LINUX COMMAND,candidate,,,,high
ss -4 -t,ss -4 -t,ss,Networking,Sekcja Komend,ss -4 -t,8393,165,runtime/knowledge/source/linux_master_library_v1.pdf,RHCSA_Command_Library.pdf,candidate,,,weak_description,medium
ss -6,ss -6,ss,Networking,Tylko IPv6,ss -6,8398,165,runtime/knowledge/source/linux_master_library_v1.pdf,LINUX COMMAND,candidate,,,,high
ss -6 -t,ss -6 -t,ss,Networking,Sekcja Komend 165,ss -6 -t,8403,165,runtime/knowledge/source/linux_master_library_v1.pdf,RHCSA_Command_Library.pdf,candidate,,,,high
ss -K,ss -K,ss,Networking,kills connections without warning.,ss -K,8413,166,runtime/knowledge/source/linux_master_library_v1.pdf,komendy,candidate,,,,high
ss -K dst 192.168.1.10 dport =,ss -K dst 192.168.1.10 dport =,ss,Networking,close matching sockets. DANGEROUS,ss -K dst 192.168.1.10 dport = 80,8418,166,runtime/knowledge/source/linux_master_library_v1.pdf,komendy,candidate,,,,high
ss -K kills connections without warning.',ss -K kills connections without warning.',ss,Networking,Dangerous Mistakes,ss -K` kills connections without warning.,8423,166,runtime/knowledge/source/linux_master_library_v1.pdf,komendy,candidate,,,weak_description,medium
ss -Z,ss -Z,ss,Networking,Sekcja Komend,ss -Z,8428,166,runtime/knowledge/source/linux_master_library_v1.pdf,RHCSA_Command_Library.pdf,candidate,,,weak_description,medium
ss -anp,ss -anp,ss,Networking,Sekcja Komend,ss -anp,8433,166,runtime/knowledge/source/linux_master_library_v1.pdf,RHCSA_Command_Library.pdf,candidate,,,weak_description,medium
ss -i,ss -i,ss,Networking,TCP internal info. SAFE,ss -i,8438,166,runtime/knowledge/source/linux_master_library_v1.pdf,komendy,candidate,,,,high
ss -lntp,ss -lntp,ss,Networking,Sekcja Komend,ss -lntp,8443,166,runtime/knowledge/source/linux_master_library_v1.pdf,RHCSA_Command_Library.pdf,candidate,,,weak_description,medium
ss -lnup,ss -lnup,ss,Networking,Sekcja Komend 166,ss -lnup,8448,166,runtime/knowledge/source/linux_master_library_v1.pdf,RHCSA_Command_Library.pdf,candidate,,,,high
ss -s,ss -s,ss,Networking,socket statistics summary. SAFE,ss -s,8458,167,runtime/knowledge/source/linux_master_library_v1.pdf,LINUX COMMAND | RHCSA_Command_Library.pdf | komendy,candidate,,,,high
ss -s # statystyki socketów,ss -s # statystyki socketów,ss,Networking,8.4 Diagnostyka Sieci,ss -s # statystyki socketów,8463,167,runtime/knowledge/source/linux_master_library_v1.pdf,linux_engineering_book.md | linux_engineering_book.pdf,candidate,,,,high
ss -t state,ss -t state,ss,Networking,Sekcja Komend,ss -t state,8468,167,runtime/knowledge/source/linux_master_library_v1.pdf,RHCSA_Command_Library.pdf,candidate,,,weak_description,medium
ss -tlnp,ss -tlnp,ss,Networking,Command — klawisz : Tryb komend # Szukaj sowa pod kursorem (do tyu),ss -tlnp,8473,167,runtime/knowledge/source/linux_master_library_v1.pdf,LINUX COMMAND | RHCSA_Command_Library.pdf,candidate,,,,high
ss -tlnp → usługa nasłuchuje?,ss -tlnp → usługa nasłuchuje?,ss,Networking,Dodatek B: Komendy Ratunkowe,ss -tlnp → usługa nasłuchuje?,8478,167,runtime/knowledge/source/linux_master_library_v1.pdf,linux_engineering_book.md | linux_engineering_book.pdf,candidate,,,,high
ss -tn,ss -tn,ss,Networking,awk ‘{print $5}’ cut -d: -f1,,8483,167,runtime/knowledge/source/linux_master_library_v1.pdf,linux_engineering_book.pdf,candidate,,,,high
ss -tn | awk '{print $5}' | cut -d: -f1 | sort | uniq -c | sort -rn | head,ss -tn | awk '{print $5}' | cut -d: -f1 | sort | uniq -c | sort -rn | head,ss,Networking,Dodatek A: Przydatne Jednowierszowce,ss -tn | awk '{print $5}' | cut -d: -f1 | sort | uniq -c | sort -rn | head,8488,167,runtime/knowledge/source/linux_master_library_v1.pdf,linux_engineering_book.md,candidate,,,complex_pipeline_or_snippet,medium
ss -tulnp,ss -tulnp,ss,Networking,listening TCP/UDP with processes. SAFE 167,ss -tulnp,8493,167,runtime/knowledge/source/linux_master_library_v1.pdf,RHCSA_Command_Library.pdf | komendy,candidate,,,,high
ss -tulnp # otwarte porty (zastępuje,ss -tulnp # otwarte porty (zastępuje,ss,Networking,Łączność,ss -tulnp # otwarte porty (zastępuje,8503,168,runtime/knowledge/source/linux_master_library_v1.pdf,linux_engineering_book.pdf,candidate,,,,high
ss -tulnp # otwarte porty (zastępuje netstat),ss -tulnp # otwarte porty (zastępuje netstat),ss,Networking,8.4 Diagnostyka Sieci,ss -tulnp # otwarte porty (zastępuje netstat),8508,168,runtime/knowledge/source/linux_master_library_v1.pdf,linux_engineering_book.md,candidate,,,,high
ss -tulpna,ss -tulpna,ss,Networking,Analiza aktywnych nasłuchujących gniazd TCP z uwzględnieniem identyfikatorów PID procesów i liczników buforów,ss -tulpna,8513,168,runtime/knowledge/source/linux_master_library_v1.pdf,encyklopedia_inzynierii_linux.html | encyklopedia_inzynierii_linux.pdf,candidate,,,,high
ss -ulnp,ss -ulnp,ss,Networking,UDP listening + procesy,ss -ulnp,8518,168,runtime/knowledge/source/linux_master_library_v1.pdf,LINUX COMMAND,candidate,,,,high
ss dst 192.168.1.100,ss dst 192.168.1.100,ss,Networking,Sekcja Komend,ss dst 192.168.1.100,8523,168,runtime/knowledge/source/linux_master_library_v1.pdf,RHCSA_Command_Library.pdf,candidate,,,weak_description,medium
ss sport = :22,ss sport = :22,ss,Networking,Sekcja Komend,ss sport = :22,8528,168,runtime/knowledge/source/linux_master_library_v1.pdf,RHCSA_Command_Library.pdf,candidate,,,weak_description,medium
sshfs,sshfs,sshfs,Networking,SSH filesystem,sshfs user@host:/ /mnt,8533,168,runtime/knowledge/source/linux_master_library_v1.pdf,LINUX COMMAND,candidate,,,,high
tc,tc,tc,Networking,Traffic control (QoS) 168,tc qdisc add dev eth0 root fq_codel | tc,8538,168,runtime/knowledge/source/linux_master_library_v1.pdf,LINUX COMMAND | linux_engineering_book.md,candidate,,,,high
tc class,tc class,tc,Networking,Traffic classes,tc class,8549,169,runtime/knowledge/source/linux_master_library_v1.pdf,LINUX COMMAND,candidate,,,,high
tc class add dev eth0 parent 1: classid 1:1 htb rate 100mbit,tc class add dev eth0 parent 1: classid 1:1 htb rate 100mbit,tc,Networking,HTB (Hierarchical Token Bucket),tc class add dev eth0 parent 1: classid 1:1 htb rate 100mbit,8554,169,runtime/knowledge/source/linux_master_library_v1.pdf,linux_engineering_book.md | linux_engineering_book.pdf,candidate,,,,high
tc class add dev eth0 parent 1:1 classid 1:10 htb rate 80mbit ceil 100mbit,tc class add dev eth0 parent 1:1 classid 1:10 htb rate 80mbit ceil 100mbit,tc,Networking,HTB (Hierarchical Token Bucket),tc class add dev eth0 parent 1:1 classid 1:10 htb rate 80mbit ceil 100mbit,8559,169,runtime/knowledge/source/linux_master_library_v1.pdf,linux_engineering_book.md | linux_engineering_book.pdf,candidate,,,,high
tc class add dev eth0 parent 1:1 classid 1:30 htb rate 20mbit ceil 50mbit,tc class add dev eth0 parent 1:1 classid 1:30 htb rate 20mbit ceil 50mbit,tc,Networking,HTB (Hierarchical Token Bucket),tc class add dev eth0 parent 1:1 classid 1:30 htb rate 20mbit ceil 50mbit,8564,169,runtime/knowledge/source/linux_master_library_v1.pdf,linux_engineering_book.md | linux_engineering_book.pdf,candidate,,,,high
tc filter,tc filter,tc,Networking,Filters,tc filter,8569,169,runtime/knowledge/source/linux_master_library_v1.pdf,LINUX COMMAND,candidate,,,,high
tc qdisc,tc qdisc,tc,Networking,traffic control. SAFE,tc qdisc,8574,169,runtime/knowledge/source/linux_master_library_v1.pdf,LINUX COMMAND | komendy,candidate,,,,high
tc qdisc add dev eth0 root handle 1: htb default,tc qdisc add dev eth0 root handle 1: htb default,tc,Networking,HTB (Hierarchical Token Bucket),tc qdisc add dev eth0 root handle 1: htb default 30,8579,169,runtime/knowledge/source/linux_master_library_v1.pdf,linux_engineering_book.md | linux_engineering_book.pdf,candidate,,,,high
tc qdisc add dev eth0 root netem delay 100ms 20ms # 100ms ±20ms,tc qdisc add dev eth0 root netem delay 100ms 20ms # 100ms ±20ms,tc,Networking,Symulacja opóźnień (netem) 169,tc qdisc add dev eth0 root netem delay 100ms 20ms # 100ms ±20ms,8584,169,runtime/knowledge/source/linux_master_library_v1.pdf,linux_engineering_book.md | linux_engineering_book.pdf,candidate,,,,high
tc qdisc add dev eth0 root netem duplicate 1% # duplikacja,tc qdisc add dev eth0 root netem duplicate 1% # duplikacja,tc,Networking,Symulacja opóźnień (netem),tc qdisc add dev eth0 root netem duplicate 1% # duplikacja,8594,170,runtime/knowledge/source/linux_master_library_v1.pdf,linux_engineering_book.md | linux_engineering_book.pdf,candidate,,,,high
tc qdisc add dev eth0 root netem loss 1% # 1% packet loss,tc qdisc add dev eth0 root netem loss 1% # 1% packet loss,tc,Networking,Symulacja opóźnień (netem),tc qdisc add dev eth0 root netem loss 1% # 1% packet loss,8599,170,runtime/knowledge/source/linux_master_library_v1.pdf,linux_engineering_book.md | linux_engineering_book.pdf,candidate,,,,high
tc qdisc add dev eth0 root tbf rate 100mbit burst 32kbit latency 400ms,tc qdisc add dev eth0 root tbf rate 100mbit burst 32kbit latency 400ms,tc,Networking,23.1 Traffic Control (tc),tc qdisc add dev eth0 root tbf rate 100mbit burst 32kbit latency 400ms,8604,170,runtime/knowledge/source/linux_master_library_v1.pdf,linux_engineering_book.md | linux_engineering_book.pdf,candidate,,,,high
tc — traffic control,tc — traffic control,tc,Networking,some avg10=0.00 avg60=0.00 avg300=0.00 total=0,tc — traffic control,8609,170,runtime/knowledge/source/linux_master_library_v1.pdf,linux_engineering_book.pdf,candidate,,,,high
tcpdump,tcpdump,tcpdump,Networking,Sniffer pakietów,tcpdump -i eth0 port 80,8614,170,runtime/knowledge/source/linux_master_library_v1.pdf,LINUX COMMAND,candidate,,,,high
tcpdump -i,tcpdump -i,tcpdump,Networking,Sniff na interfejsie,tcpdump -i eth0,8619,170,runtime/knowledge/source/linux_master_library_v1.pdf,LINUX COMMAND,candidate,,,,high
tcpdump -i any -nn port,tcpdump -i any -nn port,tcpdump,Networking,capture HTTP. SAFE,tcpdump -i any -nn port 80,8624,170,runtime/knowledge/source/linux_master_library_v1.pdf,komendy,candidate,,,,high
tcpdump -i any -w,tcpdump -i any -w,tcpdump,Networking,Komentarz Komentarz w skrypcie function myfunc() { Definicja funkcji 170,tcpdump -i any -w,8629,170,runtime/knowledge/source/linux_master_library_v1.pdf,RHCSA_Command_Library.pdf,candidate,,,,high
tcpdump -i any -w capture.pcap # zapis do pliku,tcpdump -i any -w capture.pcap # zapis do pliku,tcpdump,Networking,8.4 Diagnostyka Sieci,tcpdump -i any -w capture.pcap # zapis do pliku,8639,171,runtime/knowledge/source/linux_master_library_v1.pdf,linux_engineering_book.md | linux_engineering_book.pdf,candidate,,,,high
tcpdump -i any host problematic_ip,tcpdump -i any host problematic_ip,tcpdump,Networking,targeted capture. SAFE,tcpdump -i any host problematic_ip,8644,171,runtime/knowledge/source/linux_master_library_v1.pdf,komendy,candidate,,,,high
tcpdump -i eth0 -w capture.pcap,tcpdump -i eth0 -w capture.pcap,tcpdump,Networking,write to file. SAFE,tcpdump -i eth0 -w capture.pcap,8649,171,runtime/knowledge/source/linux_master_library_v1.pdf,komendy,candidate,,,,high
tcpdump -i eth0 port 80 # przechwytywanie pakietów,tcpdump -i eth0 port 80 # przechwytywanie pakietów,tcpdump,Networking,8.4 Diagnostyka Sieci,tcpdump -i eth0 port 80 # przechwytywanie pakietów,8654,171,runtime/knowledge/source/linux_master_library_v1.pdf,linux_engineering_book.md | linux_engineering_book.pdf,candidate,,,,high
tcpdump -nn,tcpdump -nn,tcpdump,Networking,Bez resolving DNS/portów,tcpdump -nn port 53,8659,171,runtime/knowledge/source/linux_master_library_v1.pdf,LINUX COMMAND,candidate,,,,high
tcpdump -r,tcpdump -r,tcpdump,Networking,Komentarz Komentarz w skrypcie function myfunc() { Definicja funkcji,tcpdump -r capture.pcap | tcpdump -r,8664,171,runtime/knowledge/source/linux_master_library_v1.pdf,LINUX COMMAND | RHCSA_Command_Library.pdf,candidate,,,,high
tcpdump -w,tcpdump -w,tcpdump,Networking,Zapisuje do pliku,tcpdump -w capture.pcap,8670,171,runtime/knowledge/source/linux_master_library_v1.pdf,LINUX COMMAND,candidate,,,,high
teamd,teamd,teamd,Networking,Network teaming 171,"teamd -g -t team0 -c '{""runner"": {""name"": ""activebackup""}}'",8675,171,runtime/knowledge/source/linux_master_library_v1.pdf,LINUX COMMAND,candidate,,,,high
teamdctl,teamdctl,teamdctl,Networking,Kontrola teamu,teamdctl team0 state,8685,172,runtime/knowledge/source/linux_master_library_v1.pdf,LINUX COMMAND,candidate,,,,high
teamnl,teamnl,teamnl,Networking,Team netlink,teamnl team0 ports,8690,172,runtime/knowledge/source/linux_master_library_v1.pdf,LINUX COMMAND,candidate,,,,high
telnet,telnet,telnet,Networking,Remote login (insecure),telnet localhost 80,8695,172,runtime/knowledge/source/linux_master_library_v1.pdf,LINUX COMMAND,candidate,,,,high
testparm,testparm,testparm,Networking,Check smb.conf,testparm,8700,172,runtime/knowledge/source/linux_master_library_v1.pdf,LINUX COMMAND,duplicate_existing,canonical+command_index,testparm,,high
tracepath,tracepath,tracepath,Networking,Śledzenie bez roota,tracepath google.com,8705,172,runtime/knowledge/source/linux_master_library_v1.pdf,LINUX COMMAND,candidate,,,,high
tracepath google.com,tracepath google.com,tracepath,Networking,no-root traceroute. SAFE,tracepath google.com,8710,172,runtime/knowledge/source/linux_master_library_v1.pdf,komendy,candidate,,,,high
tracepath hostname,tracepath hostname,tracepath,Networking,Sekcja Komend,tracepath hostname,8715,172,runtime/knowledge/source/linux_master_library_v1.pdf,RHCSA_Command_Library.pdf,candidate,,,weak_description,medium
traceroute,traceroute,traceroute,Networking,"Use with , , to avoid DNS delays in scripts. 172",traceroute google.com | traceroute,8720,172,runtime/knowledge/source/linux_master_library_v1.pdf,LINUX COMMAND | komendy,candidate,,,,high
traceroute -I google.com,traceroute -I google.com,traceroute,Networking,trace with ICMP. SAFE,traceroute -I google.com,8731,173,runtime/knowledge/source/linux_master_library_v1.pdf,komendy,candidate,,,,high
traceroute -n,traceroute -n,traceroute,Networking,Sekcja Komend,traceroute -n,8736,173,runtime/knowledge/source/linux_master_library_v1.pdf,RHCSA_Command_Library.pdf,candidate,,,weak_description,medium
traceroute 8.8.8.8 # śledzenie trasy,traceroute 8.8.8.8 # śledzenie trasy,traceroute,Networking,8.4 Diagnostyka Sieci,traceroute 8.8.8.8 # śledzenie trasy,8741,173,runtime/knowledge/source/linux_master_library_v1.pdf,linux_engineering_book.md | linux_engineering_book.pdf,candidate,,,,high
traceroute host,traceroute host,traceroute,Networking,path trace. SAFE,traceroute host,8746,173,runtime/knowledge/source/linux_master_library_v1.pdf,komendy,candidate,,,,high
traceroute hostname,traceroute hostname,traceroute,Networking,Sekcja Komend,traceroute hostname,8751,173,runtime/knowledge/source/linux_master_library_v1.pdf,RHCSA_Command_Library.pdf,candidate,,,weak_description,medium
tshark,tshark,tshark,Networking,Wireshark CLI,tshark -i eth0,8756,173,runtime/knowledge/source/linux_master_library_v1.pdf,LINUX COMMAND,candidate,,,,high
tshark -i eth0,tshark -i eth0,tshark,Networking,Komentarz Komentarz w skrypcie function myfunc() { Definicja funkcji,tshark -i eth0,8761,173,runtime/knowledge/source/linux_master_library_v1.pdf,RHCSA_Command_Library.pdf,candidate,,,,high
"tshark -i eth0 -f ""port 443"" #","tshark -i eth0 -f ""port 443"" #",tshark,Networking,8.4 Diagnostyka Sieci 173,"tshark -i eth0 -f ""port 443"" #",8766,173,runtime/knowledge/source/linux_master_library_v1.pdf,linux_engineering_book.md | linux_engineering_book.pdf,candidate,,,,high
"tshark -i eth0 -f ""tcp port 443""","tshark -i eth0 -f ""tcp port 443""",tshark,Networking,Wireshark CLI. SAFE,"tshark -i eth0 -f ""tcp port 443""",8776,174,runtime/knowledge/source/linux_master_library_v1.pdf,komendy,candidate,,,,high
tshark -r cap.pcap,tshark -r cap.pcap,tshark,Networking,Komentarz Komentarz w skrypcie function myfunc() { Definicja funkcji,tshark -r cap.pcap,8781,174,runtime/knowledge/source/linux_master_library_v1.pdf,RHCSA_Command_Library.pdf,candidate,,,,high
vconfig,vconfig,vconfig,Networking,Legacy VLAN,vconfig add eth0 10,8786,174,runtime/knowledge/source/linux_master_library_v1.pdf,LINUX COMMAND,candidate,,,,high
wbinfo,wbinfo,wbinfo,Networking,Winbind info,wbinfo -u,8791,174,runtime/knowledge/source/linux_master_library_v1.pdf,LINUX COMMAND,candidate,,,,high
wget,wget,wget,Networking,Pobieranie plików,wget http://example.com/file,8796,174,runtime/knowledge/source/linux_master_library_v1.pdf,LINUX COMMAND,candidate,,,,high
wget --limit-rate,wget --limit-rate,wget,Networking,Limit prędkości,wget --limit-rate=200k http://example.com/file,8801,174,runtime/knowledge/source/linux_master_library_v1.pdf,LINUX COMMAND,candidate,,,,high
wget --mirror,wget --mirror,wget,Networking,Mirror site,wget --mirror http://example.com,8806,174,runtime/knowledge/source/linux_master_library_v1.pdf,LINUX COMMAND,candidate,,,,high
wget --user,wget --user,wget,Networking,Auth wget 174,wget --user=user --password=pass http://localhost,8811,174,runtime/knowledge/source/linux_master_library_v1.pdf,LINUX COMMAND,candidate,,,,high
wget -c https://example.com/file # pobieranie z wznowieniem,wget -c https://example.com/file # pobieranie z wznowieniem,wget,Networking,8.4 Diagnostyka Sieci,wget -c https://example.com/file # pobieranie z wznowieniem,8821,175,runtime/knowledge/source/linux_master_library_v1.pdf,linux_engineering_book.md | linux_engineering_book.pdf,candidate,,,,high
wget -c https://example.com/file.iso,wget -c https://example.com/file.iso,wget,Networking,resume download. SAFE,wget -c https://example.com/file.iso,8826,175,runtime/knowledge/source/linux_master_library_v1.pdf,komendy,candidate,,,,high
wget https://cdn.kernel.org/pub/linux/kernel/v6.x/linux-6.8.tar.xz,wget https://cdn.kernel.org/pub/linux/kernel/v6.x/linux-6.8.tar.xz,wget,Networking,16.1 Pobieranie i Konfiguracja,wget https://cdn.kernel.org/pub/linux/kernel/v6.x/linux-6.8.tar.xz,8831,175,runtime/knowledge/source/linux_master_library_v1.pdf,linux_engineering_book.md | linux_engineering_book.pdf,candidate,,,,high
whois,whois,whois,Networking,Informacje WHOIS,whois google.com,8836,175,runtime/knowledge/source/linux_master_library_v1.pdf,LINUX COMMAND,candidate,,,,high
whois google.com,whois google.com,whois,Networking,registry lookup. SAFE,whois google.com,8841,175,runtime/knowledge/source/linux_master_library_v1.pdf,komendy,candidate,,,,high
wpa_supplicant,wpa_supplicant,wpa_supplicant,Networking,WiFi supplicant,wpa_supplicant -i wlan0 -c /etc/wpa_supplicant.conf,8846,175,runtime/knowledge/source/linux_master_library_v1.pdf,LINUX COMMAND,candidate,,,,high
/proc,/proc,/proc,Storage,to wirtualny system plików dostarczający informacji o procesach i jądrze,/proc,8852,175,runtime/knowledge/source/linux_master_library_v1.pdf,linux_engineering_book.md,malformed,command_index,/proc,path_not_command,none
blkid,blkid,blkid,Storage,UUID i typ systemu plików 175,blkid /dev/sda1 | blkid -s | blkid,8857,175,runtime/knowledge/source/linux_master_library_v1.pdf,LINUX COMMAND | RHCSA_Command_Library.pdf,duplicate_existing,canonical+command_index,blkid,,high
blkid #,blkid #,blkid,Storage,11.4 Zarządzanie Dyskami,blkid #,8869,176,runtime/knowledge/source/linux_master_library_v1.pdf,linux_engineering_book.md | linux_engineering_book.pdf,candidate,,,,high
blkid -t,blkid -t,blkid,Storage,Sekcja Komend,blkid -t,8874,176,runtime/knowledge/source/linux_master_library_v1.pdf,RHCSA_Command_Library.pdf,candidate,,,weak_description,medium
blkid /dev/sda1,blkid /dev/sda1,blkid,Storage,UUID and type. SAFE,blkid /dev/sda1,8879,176,runtime/knowledge/source/linux_master_library_v1.pdf,RHCSA_Command_Library.pdf | komendy,candidate,,,,high
blockdev,blockdev,blockdev,Storage,Operacje na urządzeniach blokowych,blockdev --getsize64 /dev/sda,8884,176,runtime/knowledge/source/linux_master_library_v1.pdf,LINUX COMMAND,candidate,,,,high
cfdisk,cfdisk,cfdisk,Storage,Curses fdisk,cfdisk /dev/sda,8889,176,runtime/knowledge/source/linux_master_library_v1.pdf,LINUX COMMAND,candidate,,,,high
cryptsetup,cryptsetup,cryptsetup,Storage,Zarządzanie LUKS,cryptsetup luksFormat /dev/sdb1,8894,176,runtime/knowledge/source/linux_master_library_v1.pdf,LINUX COMMAND,candidate,,,,high
cryptsetup close,cryptsetup close,cryptsetup,Storage,Zamyka (zamyka mapping),cryptsetup close secret_disk,8899,176,runtime/knowledge/source/linux_master_library_v1.pdf,LINUX COMMAND,candidate,,,,high
cryptsetup luksFormat,cryptsetup luksFormat,cryptsetup,Storage,Formatuje jako LUKS 176,cryptsetup luksFormat /dev/sdb1,8904,176,runtime/knowledge/source/linux_master_library_v1.pdf,LINUX COMMAND,candidate,,,,high
cryptsetup open,cryptsetup open,cryptsetup,Storage,Otwiera (odmappingowuje),cryptsetup open /dev/sdb1 secret_disk,8914,177,runtime/knowledge/source/linux_master_library_v1.pdf,LINUX COMMAND,candidate,,,,high
dd,dd,dd,Storage,Uruchomienie kontenera z pełnymi uprawnieniami roota hosta i dostępem do surowego systemu,dd if=/dev/sda of=/backup.img bs=1M | dd,8919,177,runtime/knowledge/source/linux_master_library_v1.pdf,LINUX COMMAND | RHCSA_Command_Library.pdf | encyklopedia_inzynierii_linux.pdf | komendy,duplicate_existing,canonical+command_index,dd,,high
dd if=/dev/sda,dd if=/dev/sda,dd,Storage,gzip > /backup/disk.img.gz,dd if=/dev/sda,8925,177,runtime/knowledge/source/linux_master_library_v1.pdf,linux_engineering_book.pdf,candidate,,,,high
dd if=/dev/sda of=/backup/disk.img bs=4M status=progress,dd if=/dev/sda of=/backup/disk.img bs=4M status=progress,dd,Storage,19.1 Narzędzia Backup,dd if=/dev/sda of=/backup/disk.img bs=4M status=progress,8930,177,runtime/knowledge/source/linux_master_library_v1.pdf,linux_engineering_book.md | linux_engineering_book.pdf,candidate,,,,high
dd if=/dev/sda of=/dev/sdb bs=4M status=progress,dd if=/dev/sda of=/dev/sdb bs=4M status=progress,dd,Storage,clone disk. DANGEROUS,dd if=/dev/sda of=/dev/sdb bs=4M status=progress,8935,177,runtime/knowledge/source/linux_master_library_v1.pdf,encyklopedia_inzynierii_linux.html | encyklopedia_inzynierii_linux.pdf | komendy,candidate,,,,high
dd if=/dev/sda | gzip > /backup/disk.img.gz,dd if=/dev/sda | gzip > /backup/disk.img.gz,dd,Storage,19.1 Narzędzia Backup,dd if=/dev/sda | gzip > /backup/disk.img.gz,8940,177,runtime/knowledge/source/linux_master_library_v1.pdf,linux_engineering_book.md,candidate,,,,high
dd if=/dev/zero,dd if=/dev/zero,dd,Storage,Command — klawisz : Tryb komend # Szukaj sowa pod kursorem (do tyu),dd if=/dev/zero,8945,177,runtime/knowledge/source/linux_master_library_v1.pdf,RHCSA_Command_Library.pdf,candidate,,,,high
dd if=/dev/zero of=/dev/sda bs=1M,dd if=/dev/zero of=/dev/sda bs=1M,dd,Storage,wipe disk. DANGEROUS 177,dd if=/dev/zero of=/dev/sda bs=1M,8950,177,runtime/knowledge/source/linux_master_library_v1.pdf,komendy,candidate,,,,high
dd if=/dev/zero of=test bs=1M count=1024 oflag=direct,dd if=/dev/zero of=test bs=1M count=1024 oflag=direct,dd,Storage,11.4 Zarządzanie Dyskami,dd if=/dev/zero of=test bs=1M count=1024 oflag=direct,8960,178,runtime/knowledge/source/linux_master_library_v1.pdf,linux_engineering_book.md | linux_engineering_book.pdf,candidate,,,,high
dd if=/tmp/test,dd if=/tmp/test,dd,Storage,Command — klawisz : Tryb komend # Szukaj sowa pod kursorem (do tyu),dd if=/tmp/test,8965,178,runtime/knowledge/source/linux_master_library_v1.pdf,RHCSA_Command_Library.pdf,candidate,,,,high
debugfs,debugfs,debugfs,Storage,Debugowanie ext,debugfs /dev/sda1,8970,178,runtime/knowledge/source/linux_master_library_v1.pdf,LINUX COMMAND,candidate,,,,high
debugfs /dev/sda1,debugfs /dev/sda1,debugfs,Storage,ext2/3/4 debugger. DANGEROUS,debugfs /dev/sda1,8975,178,runtime/knowledge/source/linux_master_library_v1.pdf,komendy,candidate,,,,high
dmsetup,dmsetup,dmsetup,Storage,Zarządzanie device-mapper,dmsetup ls,8980,178,runtime/knowledge/source/linux_master_library_v1.pdf,LINUX COMMAND,candidate,,,,high
dumpe2fs,dumpe2fs,dumpe2fs,Storage,Informacje o superbloku ext,dumpe2fs /dev/sda1,8985,178,runtime/knowledge/source/linux_master_library_v1.pdf,LINUX COMMAND,candidate,,,,high
e2fsck,e2fsck,e2fsck,Storage,Sprawdza ext2/3/4,e2fsck -f /dev/sda1,8990,178,runtime/knowledge/source/linux_master_library_v1.pdf,LINUX COMMAND,candidate,,,,high
e2fsck -b 32768 -y /dev/sdb1,e2fsck -b 32768 -y /dev/sdb1,e2fsck,Storage,Wymuszenie naprawy struktury za pomocą wskaźnika do czystego superbloku zapasowego (np. blok 32768) 178,e2fsck -b 32768 -y /dev/sdb1,8995,178,runtime/knowledge/source/linux_master_library_v1.pdf,encyklopedia_inzynierii_linux.html | encyklopedia_inzynierii_linux.pdf,candidate,,,,high
e2fsck -f /dev/sda1,e2fsck -f /dev/sda1,e2fsck,Storage,force check ext. DANGEROUS,e2fsck -f /dev/sda1,9005,179,runtime/knowledge/source/linux_master_library_v1.pdf,komendy,candidate,,,,high
e2fsck -f /dev/sdb1 # sprawdzenie,e2fsck -f /dev/sdb1 # sprawdzenie,e2fsck,Storage,ext4 (Fourth Extended Filesystem),e2fsck -f /dev/sdb1 # sprawdzenie,9010,179,runtime/knowledge/source/linux_master_library_v1.pdf,linux_engineering_book.md | linux_engineering_book.pdf,candidate,,,,high
e2label,e2label,e2label,Storage,Etykieta ext,"e2label /dev/sda1 ""data""",9015,179,runtime/knowledge/source/linux_master_library_v1.pdf,LINUX COMMAND,candidate,,,,high
e2label /dev/sda1,e2label /dev/sda1,e2label,Storage,ext label. SAFE,e2label /dev/sda1,9020,179,runtime/knowledge/source/linux_master_library_v1.pdf,komendy,candidate,,,,high
edquota,edquota,edquota,Storage,Edytuje quota,edquota -u john,9025,179,runtime/knowledge/source/linux_master_library_v1.pdf,LINUX COMMAND,candidate,,,,high
fdisk,fdisk,fdisk,Storage,Partycjonowanie MBR/GPT,fdisk /dev/sda,9030,179,runtime/knowledge/source/linux_master_library_v1.pdf,LINUX COMMAND,candidate,,,,high
fdisk -l,fdisk -l,fdisk,Storage,Lista partycji,fdisk -l,9035,179,runtime/knowledge/source/linux_master_library_v1.pdf,LINUX COMMAND | RHCSA_Command_Library.pdf,candidate,,,,high
fdisk -l /dev/sda,fdisk -l /dev/sda,fdisk,Storage,list partitions. SAFE 179,fdisk -l /dev/sda,9040,179,runtime/knowledge/source/linux_master_library_v1.pdf,RHCSA_Command_Library.pdf | komendy,candidate,,,,high
fdisk -u /dev/sda fdisk z jednostkami sektorów hdparm -I /dev/sda,fdisk -u /dev/sda fdisk z jednostkami sektorów hdparm -I /dev/sda,fdisk,Storage,Sekcja Komend,fdisk -u /dev/sda fdisk z jednostkami sektorów hdparm -I /dev/sda,9050,180,runtime/knowledge/source/linux_master_library_v1.pdf,RHCSA_Command_Library.pdf,candidate,,,weak_description,medium
fdisk /dev/sda,fdisk /dev/sda,fdisk,Storage,interactive MBR/GPT. DANGEROUS,fdisk /dev/sda,9055,180,runtime/knowledge/source/linux_master_library_v1.pdf,RHCSA_Command_Library.pdf | komendy,candidate,,,,high
fdisk /dev/sdb #,fdisk /dev/sdb #,fdisk,Storage,11.4 Zarządzanie Dyskami,fdisk /dev/sdb #,9060,180,runtime/knowledge/source/linux_master_library_v1.pdf,linux_engineering_book.md | linux_engineering_book.pdf,candidate,,,,high
findfs,findfs,findfs,Storage,Znajduje FS po UUID/etykiecie,findfs,9065,180,runtime/knowledge/source/linux_master_library_v1.pdf,LINUX COMMAND,candidate,,,,high
fsck,fsck,fsck,Storage,on mounted read-write filesystem.,fsck /dev/sda1 | fsck,9070,180,runtime/knowledge/source/linux_master_library_v1.pdf,LINUX COMMAND | komendy,candidate,,,,high
fsck -n,fsck -n,fsck,Storage,Use first to assess damage.,fsck -n,9076,180,runtime/knowledge/source/linux_master_library_v1.pdf,komendy,candidate,,,,high
fsck -n /dev/sda1,fsck -n /dev/sda1,fsck,Storage,dry-run filesystem check. SAFE,fsck -n /dev/sda1,9081,180,runtime/knowledge/source/linux_master_library_v1.pdf,komendy,candidate,,,,high
fsck -y,fsck -y,fsck,Storage,Always have backups before running or . 180,fsck -y,9086,180,runtime/knowledge/source/linux_master_library_v1.pdf,komendy,candidate,,,,high
fsck -y /dev/sda1,fsck -y /dev/sda1,fsck,Storage,auto-repair. DANGEROUS (may cause data loss),fsck -y /dev/sda1,9096,181,runtime/knowledge/source/linux_master_library_v1.pdf,komendy,candidate,,,,high
fsck /dev/sda1,fsck /dev/sda1,fsck,Storage,check and repair. DANGEROUS (unmount first),fsck /dev/sda1,9101,181,runtime/knowledge/source/linux_master_library_v1.pdf,komendy,candidate,,,,high
gdisk,gdisk,gdisk,Storage,GPT partycjonowanie,gdisk /dev/sda,9106,181,runtime/knowledge/source/linux_master_library_v1.pdf,LINUX COMMAND,candidate,,,,high
gdisk -l /dev/sda,gdisk -l /dev/sda,gdisk,Storage,Sekcja Komend,gdisk -l /dev/sda,9111,181,runtime/knowledge/source/linux_master_library_v1.pdf,RHCSA_Command_Library.pdf,candidate,,,weak_description,medium
gdisk /dev/sda,gdisk /dev/sda,gdisk,Storage,GPT partitioning. DANGEROUS,gdisk /dev/sda,9116,181,runtime/knowledge/source/linux_master_library_v1.pdf,RHCSA_Command_Library.pdf | komendy,candidate,,,,high
gdisk /dev/sdb #,gdisk /dev/sdb #,gdisk,Storage,11.4 Zarządzanie Dyskami,gdisk /dev/sdb #,9121,181,runtime/knowledge/source/linux_master_library_v1.pdf,linux_engineering_book.md | linux_engineering_book.pdf,candidate,,,,high
kpartx,kpartx,kpartx,Storage,Mapowanie partycji (multipath),kpartx -a /dev/sda,9126,181,runtime/knowledge/source/linux_master_library_v1.pdf,LINUX COMMAND,candidate,,,,high
lsblk,lsblk,lsblk,Storage,Drzewo urządzeń blokowych 181,lsblk -f | lsblk,9131,181,runtime/knowledge/source/linux_master_library_v1.pdf,LINUX COMMAND | RHCSA_Command_Library.pdf,duplicate_existing,canonical+command_index,lsblk,,high
lsblk -d,lsblk -d,lsblk,Storage,Sekcja Komend,lsblk -d,9142,182,runtime/knowledge/source/linux_master_library_v1.pdf,RHCSA_Command_Library.pdf,candidate,,,weak_description,medium
lsblk -f,lsblk -f,lsblk,Storage,block devices + filesystems. SAFE,lsblk -f,9147,182,runtime/knowledge/source/linux_master_library_v1.pdf,RHCSA_Command_Library.pdf | komendy,candidate,,,,high
lsblk -f # drzewo urządzeń z,lsblk -f # drzewo urządzeń z,lsblk,Storage,11.4 Zarządzanie Dyskami,lsblk -f # drzewo urządzeń z,9152,182,runtime/knowledge/source/linux_master_library_v1.pdf,linux_engineering_book.md | linux_engineering_book.pdf,candidate,,,,high
lsblk -f # urządzenia blokowe,lsblk -f # urządzenia blokowe,lsblk,Storage,7.4 Narzędzia Diagnostyczne Sprzętu,lsblk -f # urządzenia blokowe,9157,182,runtime/knowledge/source/linux_master_library_v1.pdf,linux_engineering_book.md | linux_engineering_book.pdf,candidate,,,,high
lsblk -o,lsblk -o,lsblk,Storage,Sekcja Komend,lsblk -o,9162,182,runtime/knowledge/source/linux_master_library_v1.pdf,RHCSA_Command_Library.pdf,candidate,,,weak_description,medium
lvchange,lvchange,lvchange,Storage,Zmienia atrybuty LV,lvchange -a n /dev/vg_data/lv_www,9167,182,runtime/knowledge/source/linux_master_library_v1.pdf,LINUX COMMAND,candidate,,,,high
lvchange -ay /dev/vg0/lv_data,lvchange -ay /dev/vg0/lv_data,lvchange,Storage,activate LV. SAFE,lvchange -ay /dev/vg0/lv_data,9172,182,runtime/knowledge/source/linux_master_library_v1.pdf,komendy,candidate,,,,high
lvconvert,lvconvert,lvconvert,Storage,Konwertuje (mirror/thin/snapshot) 182,lvconvert --type snapshot ...,9177,182,runtime/knowledge/source/linux_master_library_v1.pdf,LINUX COMMAND,candidate,,,,high
lvconvert --merge /dev/vg0/lv_snap,lvconvert --merge /dev/vg0/lv_snap,lvconvert,Storage,merge snapshot. CAUTION,lvconvert --merge /dev/vg0/lv_snap,9187,183,runtime/knowledge/source/linux_master_library_v1.pdf,komendy,candidate,,,,high
lvcreate,lvcreate,lvcreate,Storage,Tworzy Logical Volume,lvcreate -L 10G -n lv_www vg_data,9192,183,runtime/knowledge/source/linux_master_library_v1.pdf,LINUX COMMAND,candidate,,,,high
lvcreate -L 100G -n lv_data vg0,lvcreate -L 100G -n lv_data vg0,lvcreate,Storage,create LV. SAFE,lvcreate -L 100G -n lv_data vg0,9197,183,runtime/knowledge/source/linux_master_library_v1.pdf,komendy,candidate,,,,high
lvcreate -L 100G -n lv_data vg_data,lvcreate -L 100G -n lv_data vg_data,lvcreate,Storage,6.4 LVM (Logical Volume Manager),lvcreate -L 100G -n lv_data vg_data,9202,183,runtime/knowledge/source/linux_master_library_v1.pdf,linux_engineering_book.md | linux_engineering_book.pdf,candidate,,,,high
lvcreate -L 10G -s -n lv_snap /dev/vg0/lv_data,lvcreate -L 10G -s -n lv_snap /dev/vg0/lv_data,lvcreate,Storage,snapshot. SAFE,lvcreate -L 10G -s -n lv_snap /dev/vg0/lv_data,9207,183,runtime/knowledge/source/linux_master_library_v1.pdf,komendy,candidate,,,,high
lvcreate -L 10G -s -n snap_data /dev/vg_data/lv_data,lvcreate -L 10G -s -n snap_data /dev/vg_data/lv_data,lvcreate,Storage,6.4 LVM (Logical Volume Manager),lvcreate -L 10G -s -n snap_data /dev/vg_data/lv_data,9212,183,runtime/knowledge/source/linux_master_library_v1.pdf,linux_engineering_book.md | linux_engineering_book.pdf,candidate,,,,high
lvcreate -l,lvcreate -l,lvcreate,Storage,Używa %VG lub %FREE,lvcreate -l 100%FREE -n lv_tmp vg_data,9217,183,runtime/knowledge/source/linux_master_library_v1.pdf,LINUX COMMAND,candidate,,,,high
lvdisplay,lvdisplay,lvdisplay,Storage,Szczegóły LV 183,lvdisplay /dev/vg_data/lv_www,9222,183,runtime/knowledge/source/linux_master_library_v1.pdf,LINUX COMMAND,duplicate_existing,canonical+command_index,lvdisplay,,high
lvdisplay /dev/vg0/lv_data,lvdisplay /dev/vg0/lv_data,lvdisplay,Storage,details. SAFE,lvdisplay /dev/vg0/lv_data,9232,184,runtime/knowledge/source/linux_master_library_v1.pdf,komendy,candidate,,,,high
lvextend,lvextend,lvextend,Storage,Rozszerza LV,lvextend -L +5G /dev/vg_data/lv_www,9237,184,runtime/knowledge/source/linux_master_library_v1.pdf,LINUX COMMAND,candidate,,,,high
lvextend --resizefs -L +500G /dev/mapper/vg_prod_storage-lv_db,lvextend --resizefs -L +500G /dev/mapper/vg_prod_storage-lv_db,lvextend,Storage,Dynamiczne rozszerzenie wolumenu logicznego wraz z jednoczesnym przeskalowaniem systemu plików XFS online,lvextend --resizefs -L +500G /dev/mapper/vg_prod_storage-lv_db,9242,184,runtime/knowledge/source/linux_master_library_v1.pdf,encyklopedia_inzynierii_linux.html | encyklopedia_inzynierii_linux.pdf,candidate,,,,high
lvextend -L +50G /dev/vg0/lv_data,lvextend -L +50G /dev/vg0/lv_data,lvextend,Storage,extend LV. CAUTION,lvextend -L +50G /dev/vg0/lv_data,9247,184,runtime/knowledge/source/linux_master_library_v1.pdf,komendy,candidate,,,,high
lvextend -L +50G /dev/vg_data/lv_data,lvextend -L +50G /dev/vg_data/lv_data,lvextend,Storage,6.4 LVM (Logical Volume Manager),lvextend -L +50G /dev/vg_data/lv_data,9252,184,runtime/knowledge/source/linux_master_library_v1.pdf,linux_engineering_book.md | linux_engineering_book.pdf,candidate,,,,high
lvextend -r,lvextend -r,lvextend,Storage,Use to extend filesystem in one step.,lvextend -r,9257,184,runtime/knowledge/source/linux_master_library_v1.pdf,komendy,candidate,,,,high
lvmconf,lvmconf,lvmconf,Storage,Konfiguracja LVM,lvmconf --enable-halvm,9262,184,runtime/knowledge/source/linux_master_library_v1.pdf,LINUX COMMAND,candidate,,,,high
lvreduce,lvreduce,lvreduce,Storage,Snapshot before or risky operations. 184,lvreduce -L 5G /dev/vg_data/lv_www | lvreduce,9267,184,runtime/knowledge/source/linux_master_library_v1.pdf,LINUX COMMAND | komendy,candidate,,,,high
lvreduce -L -10G /dev/vg0/lv_data,lvreduce -L -10G /dev/vg0/lv_data,lvreduce,Storage,reduce LV. DANGEROUS,lvreduce -L -10G /dev/vg0/lv_data,9278,185,runtime/knowledge/source/linux_master_library_v1.pdf,komendy,candidate,,,,high
lvremove,lvremove,lvremove,Storage,Usuwa LV,lvremove /dev/vg_data/lv_www,9283,185,runtime/knowledge/source/linux_master_library_v1.pdf,LINUX COMMAND,duplicate_existing,canonical+command_index,lvremove,,high
lvremove /dev/vg0/lv_data,lvremove /dev/vg0/lv_data,lvremove,Storage,remove LV. DANGEROUS,lvremove /dev/vg0/lv_data,9288,185,runtime/knowledge/source/linux_master_library_v1.pdf,komendy,candidate,,,,high
lvrename,lvrename,lvrename,Storage,Zmienia nazwę LV,lvrename vg_data lv_old lv_new,9293,185,runtime/knowledge/source/linux_master_library_v1.pdf,LINUX COMMAND,candidate,,,,high
lvresize,lvresize,lvresize,Storage,Zmienia rozmiar LV,lvresize -L 15G /dev/vg_data/lv_www,9298,185,runtime/knowledge/source/linux_master_library_v1.pdf,LINUX COMMAND,candidate,,,,high
lvs,lvs,lvs,Storage,summary. SAFE,lvs,9303,185,runtime/knowledge/source/linux_master_library_v1.pdf,LINUX COMMAND | komendy,duplicate_existing,canonical+command_index,lvs,,high
lvscan,lvscan,lvscan,Storage,Skanuje LV,lvscan,9308,185,runtime/knowledge/source/linux_master_library_v1.pdf,LINUX COMMAND,duplicate_existing,canonical+command_index,lvscan,,high
mke2fs,mke2fs,mke2fs,Storage,Tworzy ext2/3/4 185,mke2fs -t ext4 /dev/sda1,9313,185,runtime/knowledge/source/linux_master_library_v1.pdf,LINUX COMMAND,candidate,,,,high
mke2fs -n /dev/sdb1,mke2fs -n /dev/sdb1,mke2fs,Storage,Odnalezienie lokalizacji zapasowych superbloków rozmieszczonych w strukturze urządzenia,mke2fs -n /dev/sdb1,9323,186,runtime/knowledge/source/linux_master_library_v1.pdf,encyklopedia_inzynierii_linux.html | encyklopedia_inzynierii_linux.pdf,candidate,,,,high
mkfs,mkfs,mkfs,Storage,Tworzy system plików,mkfs -t ext4 /dev/sda1 | mkfs,9328,186,runtime/knowledge/source/linux_master_library_v1.pdf,LINUX COMMAND | komendy,candidate,,,,high
mkfs.ext4,mkfs.ext4,mkfs.ext4,Storage,Formatuje ext4,mkfs.ext4 /dev/sda1,9334,186,runtime/knowledge/source/linux_master_library_v1.pdf,LINUX COMMAND,candidate,,,,high
mkfs.ext4 -L,mkfs.ext4 -L,mkfs.ext4,Storage,column -t Lista zamontowanych FS,mkfs.ext4 -L,9339,186,runtime/knowledge/source/linux_master_library_v1.pdf,RHCSA_Command_Library.pdf,candidate,,,,high
"mkfs.ext4 -L ""data"" /dev/sdb1","mkfs.ext4 -L ""data"" /dev/sdb1",mkfs.ext4,Storage,ext4 (Fourth Extended Filesystem),"mkfs.ext4 -L ""data"" /dev/sdb1",9344,186,runtime/knowledge/source/linux_master_library_v1.pdf,linux_engineering_book.md | linux_engineering_book.pdf,candidate,,,,high
mkfs.ext4 -L data /dev/sda1,mkfs.ext4 -L data /dev/sda1,mkfs.ext4,Storage,create ext4. DANGEROUS,mkfs.ext4 -L data /dev/sda1,9349,186,runtime/knowledge/source/linux_master_library_v1.pdf,komendy,candidate,,,,high
mkfs.ext4 -m,mkfs.ext4 -m,mkfs.ext4,Storage,Sekcja Komend,mkfs.ext4 -m 1,9354,186,runtime/knowledge/source/linux_master_library_v1.pdf,RHCSA_Command_Library.pdf,candidate,,,weak_description,medium
mkfs.ext4 /dev/sdb1,mkfs.ext4 /dev/sdb1,mkfs.ext4,Storage,Sekcja Komend 186,mkfs.ext4 /dev/sdb1,9359,186,runtime/knowledge/source/linux_master_library_v1.pdf,RHCSA_Command_Library.pdf,candidate,,,,high
mkfs.ext4 /dev/vg_data/lv_data,mkfs.ext4 /dev/vg_data/lv_data,mkfs.ext4,Storage,6.4 LVM (Logical Volume Manager),mkfs.ext4 /dev/vg_data/lv_data,9369,187,runtime/knowledge/source/linux_master_library_v1.pdf,linux_engineering_book.md | linux_engineering_book.pdf,candidate,,,,high
mkfs.vfat,mkfs.vfat,mkfs.vfat,Storage,Formatuje FAT32,mkfs.vfat /dev/sdb1,9374,187,runtime/knowledge/source/linux_master_library_v1.pdf,LINUX COMMAND,candidate,,,,high
mkfs.vfat /dev/sdb1,mkfs.vfat /dev/sdb1,mkfs.vfat,Storage,Sekcja Komend,mkfs.vfat /dev/sdb1,9379,187,runtime/knowledge/source/linux_master_library_v1.pdf,RHCSA_Command_Library.pdf,candidate,,,weak_description,medium
mkfs.xfs,mkfs.xfs,mkfs.xfs,Storage,Formatuje XFS,mkfs.xfs /dev/sda1,9384,187,runtime/knowledge/source/linux_master_library_v1.pdf,LINUX COMMAND,candidate,,,,high
mkfs.xfs -L,mkfs.xfs -L,mkfs.xfs,Storage,Sekcja Komend,mkfs.xfs -L,9389,187,runtime/knowledge/source/linux_master_library_v1.pdf,RHCSA_Command_Library.pdf,candidate,,,weak_description,medium
"mkfs.xfs -L ""data"" /dev/sdb1","mkfs.xfs -L ""data"" /dev/sdb1",mkfs.xfs,Storage,Zaawansowane,"mkfs.xfs -L ""data"" /dev/sdb1",9394,187,runtime/knowledge/source/linux_master_library_v1.pdf,linux_engineering_book.md | linux_engineering_book.pdf,candidate,,,,high
mkfs.xfs -L data /dev/sda1,mkfs.xfs -L data /dev/sda1,mkfs.xfs,Storage,create XFS. DANGEROUS,mkfs.xfs -L data /dev/sda1,9399,187,runtime/knowledge/source/linux_master_library_v1.pdf,komendy,candidate,,,,high
mkfs.xfs -f,mkfs.xfs -f,mkfs.xfs,Storage,Sekcja Komend 187,mkfs.xfs -f,9404,187,runtime/knowledge/source/linux_master_library_v1.pdf,RHCSA_Command_Library.pdf,candidate,,,,high
mkfs.xfs /dev/sdb1,mkfs.xfs /dev/sdb1,mkfs.xfs,Storage,Sekcja Komend,mkfs.xfs /dev/sdb1,9414,188,runtime/knowledge/source/linux_master_library_v1.pdf,RHCSA_Command_Library.pdf,candidate,,,weak_description,medium
mkswap,mkswap,mkswap,Storage,Formatuje swap,mkswap /dev/sda2,9419,188,runtime/knowledge/source/linux_master_library_v1.pdf,LINUX COMMAND,candidate,,,,high
mkswap /dev/sda2,mkswap /dev/sda2,mkswap,Storage,create swap. DANGEROUS,mkswap /dev/sda2,9424,188,runtime/knowledge/source/linux_master_library_v1.pdf,komendy,candidate,,,,high
mkswap /dev/sdb2,mkswap /dev/sdb2,mkswap,Storage,Sekcja Komend,mkswap /dev/sdb2,9429,188,runtime/knowledge/source/linux_master_library_v1.pdf,RHCSA_Command_Library.pdf,candidate,,,weak_description,medium
mkswap /swapfile,mkswap /swapfile,mkswap,Storage,Tworzenie swap,mkswap /swapfile,9434,188,runtime/knowledge/source/linux_master_library_v1.pdf,linux_engineering_book.md | linux_engineering_book.pdf,candidate,,,,high
parted,parted,parted,Storage,Zaawansowane partycjonowanie,parted /dev/sda print,9439,188,runtime/knowledge/source/linux_master_library_v1.pdf,LINUX COMMAND,candidate,,,,high
parted -l,parted -l,parted,Storage,Sekcja Komend,parted -l,9444,188,runtime/knowledge/source/linux_master_library_v1.pdf,RHCSA_Command_Library.pdf,candidate,,,weak_description,medium
parted /dev/sda,parted /dev/sda,parted,Storage,interactive partitioning. DANGEROUS 188,parted /dev/sda,9449,188,runtime/knowledge/source/linux_master_library_v1.pdf,RHCSA_Command_Library.pdf | komendy,candidate,,,,high
parted /dev/sda print,parted /dev/sda print,parted,Storage,print table. SAFE,parted /dev/sda print,9459,189,runtime/knowledge/source/linux_master_library_v1.pdf,komendy,candidate,,,,high
parted /dev/sda rm,parted /dev/sda rm,parted,Storage,Sekcja Komend,parted /dev/sda rm 1,9464,189,runtime/knowledge/source/linux_master_library_v1.pdf,RHCSA_Command_Library.pdf,candidate,,,weak_description,medium
parted /dev/sdb #,parted /dev/sdb #,parted,Storage,11.4 Zarządzanie Dyskami,parted /dev/sdb #,9469,189,runtime/knowledge/source/linux_master_library_v1.pdf,linux_engineering_book.md | linux_engineering_book.pdf,candidate,,,,high
partprobe,partprobe,partprobe,Storage,Use after partition changes instead of reboot.,partprobe /dev/sda | partprobe,9474,189,runtime/knowledge/source/linux_master_library_v1.pdf,LINUX COMMAND | RHCSA_Command_Library.pdf | komendy,duplicate_existing,canonical+command_index,partprobe,,high
partprobe /dev/sda,partprobe /dev/sda,partprobe,Storage,re-read table. CAUTION,partprobe /dev/sda,9480,189,runtime/knowledge/source/linux_master_library_v1.pdf,RHCSA_Command_Library.pdf | komendy,candidate,,,,high
partx,partx,partx,Storage,Informuje kernel o partycjach,partx -a /dev/sda,9485,189,runtime/knowledge/source/linux_master_library_v1.pdf,LINUX COMMAND,candidate,,,,high
partx -u,partx -u,partx,Storage,Aktualizuje tablicę partycji,partx -u /dev/sda,9490,189,runtime/knowledge/source/linux_master_library_v1.pdf,LINUX COMMAND,candidate,,,,high
pvcreate,pvcreate,pvcreate,Storage,on active filesystem partition. 189,pvcreate /dev/sdb1 | pvcreate,9495,189,runtime/knowledge/source/linux_master_library_v1.pdf,LINUX COMMAND | komendy,candidate,,,,high
pvcreate /dev/sda1,pvcreate /dev/sda1,pvcreate,Storage,initialize PV. DANGEROUS,pvcreate /dev/sda1,9506,190,runtime/knowledge/source/linux_master_library_v1.pdf,komendy,candidate,,,,high
pvcreate /dev/sdb,pvcreate /dev/sdb,pvcreate,Storage,Sekcja Komend,pvcreate /dev/sdb,9511,190,runtime/knowledge/source/linux_master_library_v1.pdf,RHCSA_Command_Library.pdf,candidate,,,weak_description,medium
pvcreate /dev/sdb /dev/sdc,pvcreate /dev/sdb /dev/sdc,pvcreate,Storage,6.4 LVM (Logical Volume Manager),pvcreate /dev/sdb /dev/sdc,9516,190,runtime/knowledge/source/linux_master_library_v1.pdf,linux_engineering_book.md | linux_engineering_book.pdf,candidate,,,,high
pvcreate /dev/sdc,pvcreate /dev/sdc,pvcreate,Storage,Inicjalizacja nowego fizycznego urządzenia dyskowego dla menedżera LVM,pvcreate /dev/sdc,9521,190,runtime/knowledge/source/linux_master_library_v1.pdf,encyklopedia_inzynierii_linux.html | encyklopedia_inzynierii_linux.pdf,candidate,,,,high
pvdisplay,pvdisplay,pvdisplay,Storage,Sekcja Komend,pvdisplay /dev/sdb1 | pvdisplay,9526,190,runtime/knowledge/source/linux_master_library_v1.pdf,LINUX COMMAND | RHCSA_Command_Library.pdf,duplicate_existing,canonical+command_index,pvdisplay,weak_description,high
pvdisplay / vgdisplay / lvdisplay,pvdisplay / vgdisplay / lvdisplay,pvdisplay,Storage,6.4 LVM (Logical Volume Manager),pvdisplay / vgdisplay / lvdisplay,9532,190,runtime/knowledge/source/linux_master_library_v1.pdf,linux_engineering_book.md | linux_engineering_book.pdf,candidate,,,,high
pvdisplay /dev/sda1,pvdisplay /dev/sda1,pvdisplay,Storage,details. SAFE,pvdisplay /dev/sda1,9537,190,runtime/knowledge/source/linux_master_library_v1.pdf,komendy,candidate,,,,high
pvdisplay /dev/sdb,pvdisplay /dev/sdb,pvdisplay,Storage,Sekcja Komend 190,pvdisplay /dev/sdb,9542,190,runtime/knowledge/source/linux_master_library_v1.pdf,RHCSA_Command_Library.pdf,candidate,,,,high
pvmove,pvmove,pvmove,Storage,Przenosi dane PV,pvmove /dev/sdb1,9552,191,runtime/knowledge/source/linux_master_library_v1.pdf,LINUX COMMAND,candidate,,,,high
pvmove /dev/sdb,pvmove /dev/sdb,pvmove,Storage,Sekcja Komend,pvmove /dev/sdb,9557,191,runtime/knowledge/source/linux_master_library_v1.pdf,RHCSA_Command_Library.pdf,candidate,,,weak_description,medium
pvremove,pvremove,pvremove,Storage,Usuwa PV,pvremove /dev/sdb1,9562,191,runtime/knowledge/source/linux_master_library_v1.pdf,LINUX COMMAND,candidate,,,,high
pvremove /dev/sda1,pvremove /dev/sda1,pvremove,Storage,remove PV. DANGEROUS,pvremove /dev/sda1,9567,191,runtime/knowledge/source/linux_master_library_v1.pdf,komendy,candidate,,,,high
pvremove /dev/sdb,pvremove /dev/sdb,pvremove,Storage,Sekcja Komend,pvremove /dev/sdb,9572,191,runtime/knowledge/source/linux_master_library_v1.pdf,RHCSA_Command_Library.pdf,candidate,,,weak_description,medium
pvresize,pvresize,pvresize,Storage,Zmienia rozmiar PV,pvresize /dev/sdb1,9577,191,runtime/knowledge/source/linux_master_library_v1.pdf,LINUX COMMAND,candidate,,,,high
pvresize /dev/sda1,pvresize /dev/sda1,pvresize,Storage,resize PV after partition change. CAUTION,pvresize /dev/sda1,9582,191,runtime/knowledge/source/linux_master_library_v1.pdf,komendy,candidate,,,,high
pvresize /dev/sdb,pvresize /dev/sdb,pvresize,Storage,Sekcja Komend 191,pvresize /dev/sdb,9587,191,runtime/knowledge/source/linux_master_library_v1.pdf,RHCSA_Command_Library.pdf,candidate,,,,high
pvs,pvs,pvs,Storage,summary. SAFE,pvs,9597,192,runtime/knowledge/source/linux_master_library_v1.pdf,LINUX COMMAND | RHCSA_Command_Library.pdf | komendy,duplicate_existing,canonical+command_index,pvs,,high
pvs / vgs / lvs,pvs / vgs / lvs,pvs,Storage,6.4 LVM (Logical Volume Manager),pvs / vgs / lvs,9602,192,runtime/knowledge/source/linux_master_library_v1.pdf,linux_engineering_book.md | linux_engineering_book.pdf,candidate,,,,high
pvscan,pvscan,pvscan,Storage,Sekcja Komend,pvscan,9607,192,runtime/knowledge/source/linux_master_library_v1.pdf,LINUX COMMAND | RHCSA_Command_Library.pdf,duplicate_existing,canonical+command_index,pvscan,weak_description,high
qemu-img,qemu-img,qemu-img,Storage,Zarządzanie obrazami QEMU,qemu-img,9612,192,runtime/knowledge/source/linux_master_library_v1.pdf,LINUX COMMAND,candidate,,,,high
qemu-img convert,qemu-img convert,qemu-img,Storage,Konwersja formatów,qemu-img convert -f raw -O qcow2 disk.raw disk.qcow2,9617,192,runtime/knowledge/source/linux_master_library_v1.pdf,LINUX COMMAND,candidate,,,,high
qemu-img info,qemu-img info,qemu-img,Storage,Info o obrazie,qemu-img info disk.qcow2,9622,192,runtime/knowledge/source/linux_master_library_v1.pdf,LINUX COMMAND,candidate,,,,high
qemu-img resize,qemu-img resize,qemu-img,Storage,Zmiana rozmiaru,qemu-img resize disk.qcow2 +10G,9627,192,runtime/knowledge/source/linux_master_library_v1.pdf,LINUX COMMAND,candidate,,,,high
qemu-img snapshot,qemu-img snapshot,qemu-img,Storage,Snapshot obrazu 192,qemu-img snapshot -c snap1 disk.qcow2,9632,192,runtime/knowledge/source/linux_master_library_v1.pdf,LINUX COMMAND,candidate,,,,high
quota,quota,quota,Storage,Limity dyskowe użytkownika,quota -u john,9642,193,runtime/knowledge/source/linux_master_library_v1.pdf,LINUX COMMAND,candidate,,,,high
quotacheck,quotacheck,quotacheck,Storage,Sprawdza quota,quotacheck -cum /home,9647,193,runtime/knowledge/source/linux_master_library_v1.pdf,LINUX COMMAND,candidate,,,,high
quotaoff,quotaoff,quotaoff,Storage,Wyłącza quota,quotaoff -v /home,9652,193,runtime/knowledge/source/linux_master_library_v1.pdf,LINUX COMMAND,candidate,,,,high
quotaon,quotaon,quotaon,Storage,Włącza quota,quotaon -v /home,9657,193,runtime/knowledge/source/linux_master_library_v1.pdf,LINUX COMMAND,candidate,,,,high
repquota,repquota,repquota,Storage,Raport quota,repquota -a,9662,193,runtime/knowledge/source/linux_master_library_v1.pdf,LINUX COMMAND,candidate,,,,high
rsync,rsync,rsync,Storage,Synchronizacja (różnicowa),rsync -avz /src/ /dest/ | rsync -avz --delete /src/ user@server:/dest/,9667,193,runtime/knowledge/source/linux_master_library_v1.pdf,LINUX COMMAND,duplicate_existing,canonical+command_index,rsync,,high
rsync --backup,rsync --backup,rsync,Storage,Backup changed files,rsync --backup /src/ /dest/,9673,193,runtime/knowledge/source/linux_master_library_v1.pdf,LINUX COMMAND,candidate,,,,high
rsync --bwlimit,rsync --bwlimit,rsync,Storage,Bandwidth limit 193,rsync --bwlimit=1000 /src/ /dest/,9678,193,runtime/knowledge/source/linux_master_library_v1.pdf,LINUX COMMAND,candidate,,,,high
rsync --delete,rsync --delete,rsync,Storage,Usuwa pliki nieistniejące w źródle,rsync -avz --delete /src/ /dest/ | rsync --delete /src/ /dest/,9688,194,runtime/knowledge/source/linux_master_library_v1.pdf,LINUX COMMAND,candidate,,,,high
rsync --dry-run,rsync --dry-run,rsync,Storage,"flags: , , .",rsync --dry-run -avz /src/ /dest/ | rsync --dry-run,9694,194,runtime/knowledge/source/linux_master_library_v1.pdf,LINUX COMMAND | komendy,candidate,,,,high
rsync --exclude,rsync --exclude,rsync,Storage,Exclude pattern,rsync --exclude='*.tmp' /src/ /dest/,9700,194,runtime/knowledge/source/linux_master_library_v1.pdf,LINUX COMMAND,candidate,,,,high
rsync --inplace,rsync --inplace,rsync,Storage,Atomic updates with or .,rsync --inplace /src/ /dest/ | rsync --inplace,9705,194,runtime/knowledge/source/linux_master_library_v1.pdf,LINUX COMMAND | komendy,candidate,,,,high
rsync --link-dest,rsync --link-dest,rsync,Storage,Hardlink backups,rsync --link-dest=/prev /src/ /dest/,9711,194,runtime/knowledge/source/linux_master_library_v1.pdf,LINUX COMMAND,candidate,,,,high
rsync --partial,rsync --partial,rsync,Storage,Resume partial,rsync --partial /src/ /dest/,9716,194,runtime/knowledge/source/linux_master_library_v1.pdf,LINUX COMMAND,candidate,,,,high
rsync --progress,rsync --progress,rsync,Storage,Show progress,rsync --progress /src/ /dest/,9721,194,runtime/knowledge/source/linux_master_library_v1.pdf,LINUX COMMAND,candidate,,,,high
rsync -a /backup/ /,rsync -a /backup/ /,rsync,Storage,restoring without verification. 194,rsync -a /backup/ /,9726,194,runtime/knowledge/source/linux_master_library_v1.pdf,komendy,candidate,,,,high
rsync -a /backup/ / restoring without verification.',rsync -a /backup/ / restoring without verification.',rsync,Storage,Dangerous Mistakes,rsync -a /backup/ /` restoring without verification.,9736,195,runtime/knowledge/source/linux_master_library_v1.pdf,komendy,candidate,,,weak_description,medium
rsync -av --dry-run,rsync -av --dry-run,rsync,Storage,before real sync.,rsync -av --dry-run,9741,195,runtime/knowledge/source/linux_master_library_v1.pdf,komendy,candidate,,,,high
rsync -av --dry-run before real sync.',rsync -av --dry-run before real sync.',rsync,Storage,Production-Safe Patterns,rsync -av --dry-run` before real sync.,9746,195,runtime/knowledge/source/linux_master_library_v1.pdf,komendy,candidate,,,,high
rsync -av /backup/ /,rsync -av /backup/ /,rsync,Storage,restore from backup. DANGEROUS (overwrites live system),rsync -av /backup/ /,9751,195,runtime/knowledge/source/linux_master_library_v1.pdf,komendy,candidate,,,,high
rsync -avz,rsync -avz,rsync,Storage,"Archive, verbose, compress",rsync -avz /src/ /dest/,9756,195,runtime/knowledge/source/linux_master_library_v1.pdf,LINUX COMMAND,duplicate_existing,canonical+command_index,rsync -avz,,high
rsync -avz --delete /source/ /dest/ # mirror (usuń nadmiarowe),rsync -avz --delete /source/ /dest/ # mirror (usuń nadmiarowe),rsync,Storage,,rsync — synchronizacja plików | rsync -avz --delete /source/ /dest/ # mirror (usuń nadmiarowe),9761,195,runtime/knowledge/source/linux_master_library_v1.pdf,linux_engineering_book.md | linux_engineering_book.pdf,candidate,,,,high
rsync -avz --delete src/ dest/,rsync -avz --delete src/ dest/,rsync,Storage,sync with deletion. DANGEROUS,rsync -avz --delete src/ dest/,9766,195,runtime/knowledge/source/linux_master_library_v1.pdf,komendy,candidate,,,,high
rsync -avz --exclude='*.log' /source/ /dest/,rsync -avz --exclude='*.log' /source/ /dest/,rsync,Storage,195,rsync — synchronizacja plików | rsync -avz --exclude='*.log' /source/ /dest/,9771,195,runtime/knowledge/source/linux_master_library_v1.pdf,linux_engineering_book.md | linux_engineering_book.pdf,candidate,,,,high
"rsync -avz -e ""ssh -p 2222"" /local/ user@host:/remote/","rsync -avz -e ""ssh -p 2222"" /local/ user@host:/remote/",rsync,Storage,sync over SSH. CAUTION,"rsync -avz -e ""ssh -p 2222"" /local/ user@host:/remote/",9781,196,runtime/knowledge/source/linux_master_library_v1.pdf,komendy,candidate,,,,high
rsync -avz -e ssh /source/ user@host:/dest/ # zdalna kopia,rsync -avz -e ssh /source/ user@host:/dest/ # zdalna kopia,rsync,Storage,,rsync — synchronizacja plików | rsync -avz -e ssh /source/ user@host:/dest/ # zdalna kopia,9786,196,runtime/knowledge/source/linux_master_library_v1.pdf,linux_engineering_book.md | linux_engineering_book.pdf,candidate,,,,high
rsync -avz /source/ /destination/ # lokalna kopia,rsync -avz /source/ /destination/ # lokalna kopia,rsync,Storage,,rsync — synchronizacja plików | rsync -avz /source/ /destination/ # lokalna kopia,9791,196,runtime/knowledge/source/linux_master_library_v1.pdf,linux_engineering_book.md | linux_engineering_book.pdf,candidate,,,,high
rsync -e ssh,rsync -e ssh,rsync,Storage,Rsync przez SSH,"rsync -avz -e ""ssh -p 2222"" /src/ host:/dest/",9796,196,runtime/knowledge/source/linux_master_library_v1.pdf,LINUX COMMAND,candidate,,,,high
setquota,setquota,setquota,Storage,Ustawia quota z CLI,setquota -u john 100000 120000 0 0 /home,9801,196,runtime/knowledge/source/linux_master_library_v1.pdf,LINUX COMMAND,candidate,,,,high
sfdisk,sfdisk,sfdisk,Storage,Scriptable fdisk,sfdisk -d /dev/sda > parts.txt | sfdisk /dev/sda < backup.sfdisk,9806,196,runtime/knowledge/source/linux_master_library_v1.pdf,LINUX COMMAND,candidate,,,,high
sfdisk -d,sfdisk -d,sfdisk,Storage,Dump partycji,sfdisk -d /dev/sda > backup.sfdisk,9812,196,runtime/knowledge/source/linux_master_library_v1.pdf,LINUX COMMAND,candidate,,,,high
sgdisk,sgdisk,sgdisk,Storage,GPT manipulacja 196,sgdisk -R /dev/sda /dev/sdb,9817,196,runtime/knowledge/source/linux_master_library_v1.pdf,LINUX COMMAND,candidate,,,,high
sgdisk -n 1:0:+100G /dev/sdb #,sgdisk -n 1:0:+100G /dev/sdb #,sgdisk,Storage,11.4 Zarządzanie Dyskami,sgdisk -n 1:0:+100G /dev/sdb #,9827,197,runtime/knowledge/source/linux_master_library_v1.pdf,linux_engineering_book.md | linux_engineering_book.pdf,candidate,,,,high
sgdisk -p,sgdisk -p,sgdisk,Storage,Print GPT,sgdisk -p /dev/sda,9832,197,runtime/knowledge/source/linux_master_library_v1.pdf,LINUX COMMAND,candidate,,,,high
swapoff,swapoff,swapoff,Storage,Wyłącza swap,swapoff /dev/sda2,9837,197,runtime/knowledge/source/linux_master_library_v1.pdf,LINUX COMMAND,candidate,,,,high
swapoff -a,swapoff -a,swapoff,Storage,Sekcja Komend,swapoff -a,9842,197,runtime/knowledge/source/linux_master_library_v1.pdf,RHCSA_Command_Library.pdf,candidate,,,weak_description,medium
swapoff /dev/sda2,swapoff /dev/sda2,swapoff,Storage,deactivate. CAUTION,swapoff /dev/sda2,9847,197,runtime/knowledge/source/linux_master_library_v1.pdf,komendy,candidate,,,,high
swapoff /dev/sdb2,swapoff /dev/sdb2,swapoff,Storage,Sekcja Komend,swapoff /dev/sdb2,9852,197,runtime/knowledge/source/linux_master_library_v1.pdf,RHCSA_Command_Library.pdf,candidate,,,weak_description,medium
swapon,swapon,swapon,Storage,Włącza swap,swapon /dev/sda2,9857,197,runtime/knowledge/source/linux_master_library_v1.pdf,LINUX COMMAND,candidate,,,,high
swapon --show,swapon --show,swapon,Storage,Monitoring 197,swapon --show,9862,197,runtime/knowledge/source/linux_master_library_v1.pdf,linux_engineering_book.md | linux_engineering_book.pdf,candidate,,,,high
swapon -a,swapon -a,swapon,Storage,activate all from fstab. CAUTION,swapon -a,9872,198,runtime/knowledge/source/linux_master_library_v1.pdf,RHCSA_Command_Library.pdf | komendy,candidate,,,,high
swapon -s,swapon -s,swapon,Storage,swap summary. SAFE,swapon -s,9877,198,runtime/knowledge/source/linux_master_library_v1.pdf,RHCSA_Command_Library.pdf | komendy,candidate,,,,high
swapon /dev/sda2,swapon /dev/sda2,swapon,Storage,activate swap. CAUTION,swapon /dev/sda2,9882,198,runtime/knowledge/source/linux_master_library_v1.pdf,komendy,candidate,,,,high
swapon /dev/sdb2,swapon /dev/sdb2,swapon,Storage,Sekcja Komend,swapon /dev/sdb2,9887,198,runtime/knowledge/source/linux_master_library_v1.pdf,RHCSA_Command_Library.pdf,candidate,,,weak_description,medium
swapon /swapfile,swapon /swapfile,swapon,Storage,Tworzenie swap,swapon /swapfile,9892,198,runtime/knowledge/source/linux_master_library_v1.pdf,linux_engineering_book.md | linux_engineering_book.pdf,candidate,,,,high
tune2fs,tune2fs,tune2fs,Storage,Tuning ext2/3/4,tune2fs -m 0 /dev/sda1,9897,198,runtime/knowledge/source/linux_master_library_v1.pdf,LINUX COMMAND,candidate,,,,high
tune2fs -L,tune2fs -L,tune2fs,Storage,Etykieta ext,"tune2fs -L ""data"" /dev/sda1",9902,198,runtime/knowledge/source/linux_master_library_v1.pdf,LINUX COMMAND,candidate,,,,high
tune2fs -l /dev/sda1,tune2fs -l /dev/sda1,tune2fs,Storage,ext superblock. SAFE 198,tune2fs -l /dev/sda1,9907,198,runtime/knowledge/source/linux_master_library_v1.pdf,komendy,candidate,,,,high
tune2fs -l /dev/sdb1 # informacje o,tune2fs -l /dev/sdb1 # informacje o,tune2fs,Storage,ext4 (Fourth Extended Filesystem),tune2fs -l /dev/sdb1 # informacje o,9917,199,runtime/knowledge/source/linux_master_library_v1.pdf,linux_engineering_book.md | linux_engineering_book.pdf,candidate,,,,high
vgchange,vgchange,vgchange,Storage,Zmienia atrybuty VG,vgchange -a n vg_data,9922,199,runtime/knowledge/source/linux_master_library_v1.pdf,LINUX COMMAND,candidate,,,,high
vgchange -an vgname,vgchange -an vgname,vgchange,Storage,Sekcja Komend,vgchange -an vgname,9927,199,runtime/knowledge/source/linux_master_library_v1.pdf,RHCSA_Command_Library.pdf,candidate,,,weak_description,medium
vgchange -ay vgname,vgchange -ay vgname,vgchange,Storage,Sekcja Komend,vgchange -ay vgname,9932,199,runtime/knowledge/source/linux_master_library_v1.pdf,RHCSA_Command_Library.pdf,candidate,,,weak_description,medium
vgcreate,vgcreate,vgcreate,Storage,Tworzy Volume Group,vgcreate vg_data /dev/sdb1 /dev/sdc1,9937,199,runtime/knowledge/source/linux_master_library_v1.pdf,LINUX COMMAND,candidate,,,,high
vgcreate -s 16M,vgcreate -s 16M,vgcreate,Storage,Sekcja Komend,vgcreate -s 16M,9942,199,runtime/knowledge/source/linux_master_library_v1.pdf,RHCSA_Command_Library.pdf,candidate,,,weak_description,medium
vgcreate vg0 /dev/sda1 /dev/sdb1,vgcreate vg0 /dev/sda1 /dev/sdb1,vgcreate,Storage,create VG. CAUTION,vgcreate vg0 /dev/sda1 /dev/sdb1,9947,199,runtime/knowledge/source/linux_master_library_v1.pdf,komendy,candidate,,,,high
vgcreate vg_data /dev/sdb /dev/sdc,vgcreate vg_data /dev/sdb /dev/sdc,vgcreate,Storage,6.4 LVM (Logical Volume Manager) 199,vgcreate vg_data /dev/sdb /dev/sdc,9952,199,runtime/knowledge/source/linux_master_library_v1.pdf,linux_engineering_book.md | linux_engineering_book.pdf,candidate,,,,high
vgcreate vgname,vgcreate vgname,vgcreate,Storage,Sekcja Komend,vgcreate vgname,9962,200,runtime/knowledge/source/linux_master_library_v1.pdf,RHCSA_Command_Library.pdf,candidate,,,weak_description,medium
vgdisplay,vgdisplay,vgdisplay,Storage,Sekcja Komend,vgdisplay vg_data | vgdisplay,9967,200,runtime/knowledge/source/linux_master_library_v1.pdf,LINUX COMMAND | RHCSA_Command_Library.pdf,duplicate_existing,canonical+command_index,vgdisplay,weak_description,high
vgdisplay vg0,vgdisplay vg0,vgdisplay,Storage,details. SAFE,vgdisplay vg0,9973,200,runtime/knowledge/source/linux_master_library_v1.pdf,komendy,candidate,,,,high
vgdisplay vgname,vgdisplay vgname,vgdisplay,Storage,Sekcja Komend,vgdisplay vgname,9978,200,runtime/knowledge/source/linux_master_library_v1.pdf,RHCSA_Command_Library.pdf,candidate,,,weak_description,medium
vgextend,vgextend,vgextend,Storage,Rozszerza VG o PV,vgextend vg_data /dev/sdd1,9983,200,runtime/knowledge/source/linux_master_library_v1.pdf,LINUX COMMAND,candidate,,,,high
vgextend vg0 /dev/sdc1,vgextend vg0 /dev/sdc1,vgextend,Storage,extend VG. CAUTION,vgextend vg0 /dev/sdc1,9988,200,runtime/knowledge/source/linux_master_library_v1.pdf,komendy,candidate,,,,high
vgextend vg_prod_storage /dev/sdc,vgextend vg_prod_storage /dev/sdc,vgextend,Storage,Rozszerzenie istniejącej grupy wolumenów o nowy dysk fizyczny,vgextend vg_prod_storage /dev/sdc,9993,200,runtime/knowledge/source/linux_master_library_v1.pdf,encyklopedia_inzynierii_linux.html | encyklopedia_inzynierii_linux.pdf,candidate,,,,high
vgextend vgname,vgextend vgname,vgextend,Storage,Sekcja Komend 200,vgextend vgname,9998,200,runtime/knowledge/source/linux_master_library_v1.pdf,RHCSA_Command_Library.pdf,candidate,,,,high
vgreduce,vgreduce,vgreduce,Storage,Zmniejsza VG,vgreduce vg_data /dev/sdd1,10008,201,runtime/knowledge/source/linux_master_library_v1.pdf,LINUX COMMAND,candidate,,,,high
vgreduce vg0 /dev/sdc1,vgreduce vg0 /dev/sdc1,vgreduce,Storage,reduce VG. CAUTION (ensure PV empty),vgreduce vg0 /dev/sdc1,10013,201,runtime/knowledge/source/linux_master_library_v1.pdf,komendy,candidate,,,,high
vgreduce vgname,vgreduce vgname,vgreduce,Storage,Sekcja Komend,vgreduce vgname,10018,201,runtime/knowledge/source/linux_master_library_v1.pdf,RHCSA_Command_Library.pdf,candidate,,,weak_description,medium
vgremove,vgremove,vgremove,Storage,Usuwa VG,vgremove vg_data,10023,201,runtime/knowledge/source/linux_master_library_v1.pdf,LINUX COMMAND,candidate,,,,high
vgremove vg0,vgremove vg0,vgremove,Storage,remove VG. DANGEROUS,vgremove vg0,10028,201,runtime/knowledge/source/linux_master_library_v1.pdf,komendy,candidate,,,,high
vgremove vgname,vgremove vgname,vgremove,Storage,Sekcja Komend,vgremove vgname,10033,201,runtime/knowledge/source/linux_master_library_v1.pdf,RHCSA_Command_Library.pdf,candidate,,,weak_description,medium
vgrename,vgrename,vgrename,Storage,Zmienia nazwę VG,vgrename vg_old vg_new,10038,201,runtime/knowledge/source/linux_master_library_v1.pdf,LINUX COMMAND,candidate,,,,high
vgrename oldname,vgrename oldname,vgrename,Storage,Sekcja Komend 201,vgrename oldname,10043,201,runtime/knowledge/source/linux_master_library_v1.pdf,RHCSA_Command_Library.pdf,candidate,,,,high
vgs,vgs,vgs,Storage,summary. SAFE,vgs,10053,202,runtime/knowledge/source/linux_master_library_v1.pdf,LINUX COMMAND | RHCSA_Command_Library.pdf | komendy,duplicate_existing,canonical+command_index,vgs,,high
vgscan,vgscan,vgscan,Storage,Sekcja Komend,vgscan,10058,202,runtime/knowledge/source/linux_master_library_v1.pdf,LINUX COMMAND | RHCSA_Command_Library.pdf,duplicate_existing,canonical+command_index,vgscan,weak_description,high
wipefs,wipefs,wipefs,Storage,Czyści sygnatury FS,wipefs -a /dev/sda1,10063,202,runtime/knowledge/source/linux_master_library_v1.pdf,LINUX COMMAND,candidate,,,,high
xfs_admin,xfs_admin,xfs_admin,Storage,Etykieta XFS,"xfs_admin -L ""data"" /dev/sda1",10068,202,runtime/knowledge/source/linux_master_library_v1.pdf,LINUX COMMAND,candidate,,,,high
xfs_admin -L,xfs_admin -L,xfs_admin,Storage,Etykieta XFS,"xfs_admin -L ""data"" /dev/sda1",10073,202,runtime/knowledge/source/linux_master_library_v1.pdf,LINUX COMMAND,candidate,,,,high
xfs_admin -l /dev/sda1,xfs_admin -l /dev/sda1,xfs_admin,Storage,XFS label. SAFE,xfs_admin -l /dev/sda1,10078,202,runtime/knowledge/source/linux_master_library_v1.pdf,komendy,candidate,,,,high
xfs_check,xfs_check,xfs_check,Storage,Sprawdza XFS (deprecated),xfs_check /dev/sda1,10083,202,runtime/knowledge/source/linux_master_library_v1.pdf,LINUX COMMAND,candidate,,,,high
xfs_growfs,xfs_growfs,xfs_growfs,Storage,Rozszerza XFS online 202,xfs_growfs /mnt,10088,202,runtime/knowledge/source/linux_master_library_v1.pdf,LINUX COMMAND,candidate,,,,high
xfs_growfs /mnt,xfs_growfs /mnt,xfs_growfs,Storage,grow XFS online. CAUTION,xfs_growfs /mnt,10098,203,runtime/knowledge/source/linux_master_library_v1.pdf,komendy,candidate,,,,high
xfs_growfs /mountpoint,xfs_growfs /mountpoint,xfs_growfs,Storage,Zaawansowane,xfs_growfs /mountpoint,10103,203,runtime/knowledge/source/linux_master_library_v1.pdf,linux_engineering_book.md | linux_engineering_book.pdf,candidate,,,,high
xfs_growfs /mountpoint #,xfs_growfs /mountpoint #,xfs_growfs,Storage,6.4 LVM (Logical Volume Manager),xfs_growfs /mountpoint #,10108,203,runtime/knowledge/source/linux_master_library_v1.pdf,linux_engineering_book.md | linux_engineering_book.pdf,candidate,,,,high
xfs_info,xfs_info,xfs_info,Storage,Informacje XFS,xfs_info /dev/sda1,10113,203,runtime/knowledge/source/linux_master_library_v1.pdf,LINUX COMMAND,candidate,,,,high
xfs_info /dev/sdb1,xfs_info /dev/sdb1,xfs_info,Storage,Zaawansowane,xfs_info /dev/sdb1,10118,203,runtime/knowledge/source/linux_master_library_v1.pdf,linux_engineering_book.md | linux_engineering_book.pdf,candidate,,,,high
xfs_info /mnt,xfs_info /mnt,xfs_info,Storage,XFS geometry. SAFE,xfs_info /mnt,10123,203,runtime/knowledge/source/linux_master_library_v1.pdf,komendy,candidate,,,,high
xfs_quota,xfs_quota,xfs_quota,Storage,Quota dla XFS,"xfs_quota -x -c ""report -h"" /home",10128,203,runtime/knowledge/source/linux_master_library_v1.pdf,LINUX COMMAND,candidate,,,,high
xfs_repair,xfs_repair,xfs_repair,Storage,Always have backups before running or . 203,xfs_repair /dev/sda1 | xfs_repair,10133,203,runtime/knowledge/source/linux_master_library_v1.pdf,LINUX COMMAND | komendy,candidate,,,,high
xfs_repair -n /dev/sda1,xfs_repair -n /dev/sda1,xfs_repair,Storage,no-modify check. SAFE,xfs_repair -n /dev/sda1,10144,204,runtime/knowledge/source/linux_master_library_v1.pdf,komendy,candidate,,,,high
xfs_repair /dev/sda1,xfs_repair /dev/sda1,xfs_repair,Storage,repair XFS. DANGEROUS,xfs_repair /dev/sda1,10149,204,runtime/knowledge/source/linux_master_library_v1.pdf,komendy,candidate,,,,high
xfs_repair /dev/sdb1,xfs_repair /dev/sdb1,xfs_repair,Storage,Zaawansowane,xfs_repair /dev/sdb1,10154,204,runtime/knowledge/source/linux_master_library_v1.pdf,linux_engineering_book.md | linux_engineering_book.pdf,candidate,,,,high
bootctl,bootctl,bootctl,Systemd,Zarządzanie bootloaderem,bootctl,10160,204,runtime/knowledge/source/linux_master_library_v1.pdf,LINUX COMMAND,candidate,,,,high
hostnamectl,hostnamectl,hostnamectl,Systemd,"static/transient/pretty hostname, chassis, OS. SAFE",hostnamectl set-hostname srv1 | hostnamectl,10165,204,runtime/knowledge/source/linux_master_library_v1.pdf,LINUX COMMAND | RHCSA_Command_Library.pdf | komendy,duplicate_existing,canonical+command_index,hostnamectl,,high
hostnamectl set-hostname srv01,hostnamectl set-hostname srv01,hostnamectl,Systemd,hostname. CAUTION,hostnamectl set-hostname srv01,10171,204,runtime/knowledge/source/linux_master_library_v1.pdf,komendy,candidate,,,,high
journalctl,journalctl,journalctl,Systemd,all logs since boot. SAFE,journalctl -xe | journalctl,10176,204,runtime/knowledge/source/linux_master_library_v1.pdf,LINUX COMMAND | RHCSA_Command_Library.pdf | komendy,duplicate_existing,canonical+command_index,journalctl,,high
journalctl --disk-usage,journalctl --disk-usage,journalctl,Systemd,journal size. SAFE 204,journalctl --disk-usage,10182,204,runtime/knowledge/source/linux_master_library_v1.pdf,komendy,candidate,,,,high
journalctl --disk-usage # zużycie dysku,journalctl --disk-usage # zużycie dysku,journalctl,Systemd,Journald (logi),journalctl --disk-usage # zużycie dysku,10192,205,runtime/knowledge/source/linux_master_library_v1.pdf,linux_engineering_book.md | linux_engineering_book.pdf,candidate,,,,high
journalctl --list-boots,journalctl --list-boots,journalctl,Systemd,available boots. SAFE,journalctl --list-boots,10197,205,runtime/knowledge/source/linux_master_library_v1.pdf,komendy,candidate,,,,high
journalctl --since,journalctl --since,journalctl,Systemd,Od konkretnego czasu,"journalctl --since ""1 hour ago"" | journalctl --since",10202,205,runtime/knowledge/source/linux_master_library_v1.pdf,LINUX COMMAND | RHCSA_Command_Library.pdf,duplicate_existing,canonical+command_index,journalctl --since,,high
"journalctl --since ""1 hour ago""","journalctl --since ""1 hour ago""",journalctl,Systemd,time window. SAFE,"journalctl --since ""1 hour ago""",10208,205,runtime/knowledge/source/linux_master_library_v1.pdf,komendy,candidate,,,,high
"journalctl --since ""1 hour ago"" # od godziny","journalctl --since ""1 hour ago"" # od godziny",journalctl,Systemd,Journald (logi),"journalctl --since ""1 hour ago"" # od godziny",10213,205,runtime/knowledge/source/linux_master_library_v1.pdf,linux_engineering_book.md | linux_engineering_book.pdf,candidate,,,,high
"journalctl --since today --until ""2 hours ago""","journalctl --since today --until ""2 hours ago""",journalctl,Systemd,range. SAFE,"journalctl --since today --until ""2 hours ago""",10218,205,runtime/knowledge/source/linux_master_library_v1.pdf,komendy,candidate,,,,high
journalctl --vacuum-size=100M,journalctl --vacuum-size=100M,journalctl,Systemd,Dodatek B: Komendy Ratunkowe,journalctl --vacuum-size=100M,10223,205,runtime/knowledge/source/linux_master_library_v1.pdf,linux_engineering_book.md | linux_engineering_book.pdf,candidate,,,,high
journalctl --vacuum-size=1G,journalctl --vacuum-size=1G,journalctl,Systemd,limit size. CAUTION 205,journalctl --vacuum-size=1G,10228,205,runtime/knowledge/source/linux_master_library_v1.pdf,komendy,candidate,,,,high
journalctl --vacuum-size=500M # ogranicz rozmiar,journalctl --vacuum-size=500M # ogranicz rozmiar,journalctl,Systemd,Journald (logi),journalctl --vacuum-size=500M # ogranicz rozmiar,10238,206,runtime/knowledge/source/linux_master_library_v1.pdf,linux_engineering_book.md | linux_engineering_book.pdf,candidate,,,,high
journalctl --vacuum-time=1s,journalctl --vacuum-time=1s,journalctl,Systemd,deleting all logs.,journalctl --vacuum-time=1s,10243,206,runtime/knowledge/source/linux_master_library_v1.pdf,komendy,candidate,,,,high
journalctl --vacuum-time=1s deleting all logs.',journalctl --vacuum-time=1s deleting all logs.',journalctl,Systemd,Dangerous Mistakes,journalctl --vacuum-time=1s` deleting all logs.,10248,206,runtime/knowledge/source/linux_master_library_v1.pdf,komendy,candidate,,,weak_description,medium
journalctl --vacuum-time=30d,journalctl --vacuum-time=30d,journalctl,Systemd,retain 30 days. CAUTION,journalctl --vacuum-time=30d,10253,206,runtime/knowledge/source/linux_master_library_v1.pdf,komendy,candidate,,,,high
journalctl -b,journalctl -b,journalctl,Systemd,current boot only. SAFE,journalctl -b,10258,206,runtime/knowledge/source/linux_master_library_v1.pdf,LINUX COMMAND | RHCSA_Command_Library.pdf | komendy,duplicate_existing,canonical+command_index,journalctl -b,,high
journalctl -b -1,journalctl -b -1,journalctl,Systemd,previous boot. SAFE,journalctl -b -1,10263,206,runtime/knowledge/source/linux_master_library_v1.pdf,komendy,duplicate_existing,canonical+command_index,journalctl -b -1,,high
journalctl -b -1 # poprzedni boot,journalctl -b -1 # poprzedni boot,journalctl,Systemd,Journald (logi),journalctl -b -1 # poprzedni boot,10268,206,runtime/knowledge/source/linux_master_library_v1.pdf,linux_engineering_book.md | linux_engineering_book.pdf,candidate,,,,high
journalctl -f,journalctl -f,journalctl,Systemd,Na żywo (follow) 206,journalctl -f,10273,206,runtime/knowledge/source/linux_master_library_v1.pdf,LINUX COMMAND,duplicate_existing,canonical+command_index,journalctl -f,,high
journalctl -f # follow (jak tail -f),journalctl -f # follow (jak tail -f),journalctl,Systemd,Journald (logi),journalctl -f # follow (jak tail -f),10283,207,runtime/knowledge/source/linux_master_library_v1.pdf,linux_engineering_book.md | linux_engineering_book.pdf,candidate,,,,high
journalctl -f ledzenie logów na ywo aureport -l,journalctl -f ledzenie logów na ywo aureport -l,journalctl,Systemd,Sekcja Komend,journalctl -f ledzenie logów na ywo aureport -l,10288,207,runtime/knowledge/source/linux_master_library_v1.pdf,RHCSA_Command_Library.pdf,candidate,,,weak_description,medium
journalctl -k,journalctl -k,journalctl,Systemd,kernel logs only. SAFE,journalctl -k,10293,207,runtime/knowledge/source/linux_master_library_v1.pdf,komendy | linux_engineering_book.pdf,duplicate_existing,canonical+command_index,journalctl -k,,high
journalctl -k | grep -i oom,journalctl -k | grep -i oom,journalctl,Systemd,5.4 OOM Killer,journalctl -k | grep -i oom,10298,207,runtime/knowledge/source/linux_master_library_v1.pdf,linux_engineering_book.md,candidate,,,,high
journalctl -o,journalctl -o,journalctl,Systemd,Sekcja Komend,journalctl -o,10303,207,runtime/knowledge/source/linux_master_library_v1.pdf,RHCSA_Command_Library.pdf,duplicate_existing,canonical+command_index,journalctl -o,weak_description,high
journalctl -p,journalctl -p,journalctl,Systemd,"Po priorytecie (err, warning)",journalctl -p err,10308,207,runtime/knowledge/source/linux_master_library_v1.pdf,LINUX COMMAND,duplicate_existing,canonical+command_index,journalctl -p,,high
journalctl -p err,journalctl -p err,journalctl,Systemd,priority filter. SAFE,journalctl -p err,10313,207,runtime/knowledge/source/linux_master_library_v1.pdf,RHCSA_Command_Library.pdf | komendy,duplicate_existing,canonical+command_index,journalctl -p err,,high
journalctl -p err # tylko błędy,journalctl -p err # tylko błędy,journalctl,Systemd,Journald (logi) 207,journalctl -p err # tylko błędy,10318,207,runtime/knowledge/source/linux_master_library_v1.pdf,linux_engineering_book.md | linux_engineering_book.pdf,candidate,,,,high
journalctl -u,journalctl -u,journalctl,Systemd,Logi konkretnej usługi,journalctl -u sshd,10328,208,runtime/knowledge/source/linux_master_library_v1.pdf,LINUX COMMAND,duplicate_existing,canonical+command_index,journalctl -u,,high
journalctl -u nginx,journalctl -u nginx,journalctl,Systemd,unit-specific logs. SAFE,journalctl -u nginx,10333,208,runtime/knowledge/source/linux_master_library_v1.pdf,komendy,candidate,,,,high
journalctl -u nginx # logi usługi,journalctl -u nginx # logi usługi,journalctl,Systemd,Journald (logi),journalctl -u nginx # logi usługi,10338,208,runtime/knowledge/source/linux_master_library_v1.pdf,linux_engineering_book.md | linux_engineering_book.pdf,candidate,,,,high
journalctl -u nginx -f,journalctl -u nginx -f,journalctl,Systemd,follow unit logs. SAFE,journalctl -u nginx -f,10343,208,runtime/knowledge/source/linux_master_library_v1.pdf,komendy,candidate,,,,high
journalctl -u sshd,journalctl -u sshd,journalctl,Systemd,Sekcja Komend,journalctl -u sshd,10348,208,runtime/knowledge/source/linux_master_library_v1.pdf,RHCSA_Command_Library.pdf,duplicate_existing,canonical+command_index,journalctl -u sshd,weak_description,high
journalctl -xb,journalctl -xb,journalctl,Systemd,current boot logs. SAFE,journalctl -xb,10353,208,runtime/knowledge/source/linux_master_library_v1.pdf,komendy,candidate,,,,high
journalctl -xe,journalctl -xe,journalctl,Systemd,recent errors with context. SAFE,journalctl -xe,10358,208,runtime/knowledge/source/linux_master_library_v1.pdf,RHCSA_Command_Library.pdf | komendy,duplicate_existing,canonical+command_index,journalctl -xe,,high
kernel-install,kernel-install,kernel-install,Systemd,Instalacja jądra 208,kernel-install add 5.14...,10363,208,runtime/knowledge/source/linux_master_library_v1.pdf,LINUX COMMAND,candidate,,,,high
localectl,localectl,localectl,Systemd,Ustawienia lokalizacji,localectl set-locale | localectl,10373,209,runtime/knowledge/source/linux_master_library_v1.pdf,LINUX COMMAND,duplicate_existing,canonical+command_index,localectl,,high
loginctl,loginctl,loginctl,Systemd,Zarządzanie sesjami,loginctl show-user john,10379,209,runtime/knowledge/source/linux_master_library_v1.pdf,LINUX COMMAND,duplicate_existing,canonical+command_index,loginctl,,high
loginctl show-user alice,loginctl show-user alice,loginctl,Systemd,user session info. SAFE,loginctl show-user alice,10384,209,runtime/knowledge/source/linux_master_library_v1.pdf,komendy,candidate,,,,high
machinectl,machinectl,machinectl,Systemd,Zarządzanie maszynami (VM/LXC),machinectl,10389,209,runtime/knowledge/source/linux_master_library_v1.pdf,LINUX COMMAND,candidate,,,,high
systemctl,systemctl,systemctl,Systemd,"Uruchomienie kontenera z pełnymi uprawnieniami roota hosta i dostępem do surowego systemu komendy, linux_engineering_book.md, linux_engineering_book.pdf",systemctl,10394,209,runtime/knowledge/source/linux_master_library_v1.pdf,LINUX COMMAND | RHCSA_Command_Library.pdf | encyklopedia_inzynierii_linux.html | encyklopedia_inzynierii_li,duplicate_existing,canonical+command_index,systemctl,,high
systemctl --failed,systemctl --failed,systemctl,Systemd,failed units. SAFE,systemctl --failed,10400,209,runtime/knowledge/source/linux_master_library_v1.pdf,komendy,candidate,,,,high
systemctl --user enable --now web.service,systemctl --user enable --now web.service,systemctl,Systemd,Podman — drop-in replacement dla Docker (bez daemona),systemctl --user enable --now web.service,10405,209,runtime/knowledge/source/linux_master_library_v1.pdf,linux_engineering_book.md | linux_engineering_book.pdf,candidate,,,,high
systemctl cat,systemctl cat,systemctl,Systemd,Wyświetla definicję usługi 209,systemctl cat httpd | systemctl cat,10410,209,runtime/knowledge/source/linux_master_library_v1.pdf,LINUX COMMAND | RHCSA_Command_Library.pdf,duplicate_existing,canonical+command_index,systemctl cat,,high
systemctl cat nginx,systemctl cat nginx,systemctl,Systemd,show unit file. SAFE,systemctl cat nginx,10421,210,runtime/knowledge/source/linux_master_library_v1.pdf,komendy,candidate,,,,high
systemctl daemon-reload,systemctl daemon-reload,systemctl,Systemd,Przeładowanie konfiguracji menedżera systemd i uruchomienie nowej usługi bezpiecznej,systemctl daemon-reload,10426,210,runtime/knowledge/source/linux_master_library_v1.pdf,LINUX COMMAND | encyklopedia_inzynierii_linux.html | encyklopedia_inzynierii_linux.pdf | komendy,candidate,,,,high
systemctl daemon-reload # przeładuj konfigurację,systemctl daemon-reload # przeładuj konfigurację,systemctl,Systemd,Zarządzanie usługami,systemctl daemon-reload # przeładuj konfigurację,10431,210,runtime/knowledge/source/linux_master_library_v1.pdf,linux_engineering_book.md | linux_engineering_book.pdf,candidate,,,,high
systemctl disable,systemctl disable,systemctl,Systemd,Wyłącza autostart,systemctl disable httpd | systemctl disable,10436,210,runtime/knowledge/source/linux_master_library_v1.pdf,LINUX COMMAND | RHCSA_Command_Library.pdf,duplicate_existing,canonical+command_index,systemctl disable,,high
systemctl disable nginx,systemctl disable nginx,systemctl,Systemd,disable autostart. CAUTION,systemctl disable nginx,10442,210,runtime/knowledge/source/linux_master_library_v1.pdf,komendy,candidate,,,,high
systemctl edit,systemctl edit,systemctl,Systemd,Edytuje override usługi,systemctl edit --full httpd | systemctl edit,10447,210,runtime/knowledge/source/linux_master_library_v1.pdf,LINUX COMMAND | RHCSA_Command_Library.pdf | komendy,duplicate_existing,canonical+command_index,systemctl edit,,high
systemctl edit --full nginx,systemctl edit --full nginx,systemctl,Systemd,override unit. CAUTION,systemctl edit --full nginx,10453,210,runtime/knowledge/source/linux_master_library_v1.pdf,komendy,candidate,,,,high
'systemctl edit“,'systemctl edit“,'systemctl,Systemd,Operational Notes systemctl edit` 210,,10458,210,runtime/knowledge/source/linux_master_library_v1.pdf,komendy,malformed,,,invalid_base_command,none
systemctl emergency,systemctl emergency,systemctl,Systemd,emergency shell. DANGEROUS,systemctl emergency,10468,211,runtime/knowledge/source/linux_master_library_v1.pdf,komendy,duplicate_existing,canonical+command_index,systemctl emergency,,high
systemctl enable,systemctl enable,systemctl,Systemd,Włącza autostart,systemctl enable httpd | systemctl enable,10473,211,runtime/knowledge/source/linux_master_library_v1.pdf,LINUX COMMAND | RHCSA_Command_Library.pdf,duplicate_existing,canonical+command_index,systemctl enable,,high
systemctl enable --now secure_processor.service,systemctl enable --now secure_processor.service,systemctl,Systemd,Przeładowanie konfiguracji menedżera systemd i uruchomienie nowej usługi bezpiecznej,systemctl enable --now secure_processor.service,10479,211,runtime/knowledge/source/linux_master_library_v1.pdf,encyklopedia_inzynierii_linux.html | encyklopedia_inzynierii_linux.pdf,candidate,,,,high
systemctl enable --now systemd-networkd,systemctl enable --now systemd-networkd,systemctl,Systemd,17.4 Networkd i Resolved,systemctl enable --now systemd-networkd,10484,211,runtime/knowledge/source/linux_master_library_v1.pdf,linux_engineering_book.md | linux_engineering_book.pdf,candidate,,,,high
systemctl enable backup.timer,systemctl enable backup.timer,systemctl,Systemd,enable timer. CAUTION,systemctl enable backup.timer,10489,211,runtime/knowledge/source/linux_master_library_v1.pdf,komendy,candidate,,,,high
systemctl enable kdump,systemctl enable kdump,systemctl,Systemd,15.2 Diagnostyka Jądra,systemctl enable kdump,10494,211,runtime/knowledge/source/linux_master_library_v1.pdf,linux_engineering_book.md | linux_engineering_book.pdf,candidate,,,,high
systemctl enable nginx,systemctl enable nginx,systemctl,Systemd,autostart on boot. CAUTION,systemctl enable nginx,10499,211,runtime/knowledge/source/linux_master_library_v1.pdf,komendy,candidate,,,,high
systemctl enable wg-quick@wg0,systemctl enable wg-quick@wg0,systemctl,Systemd,23.3 WireGuard VPN 211,systemctl enable wg-quick@wg0,10504,211,runtime/knowledge/source/linux_master_library_v1.pdf,linux_engineering_book.md | linux_engineering_book.pdf,candidate,,,,high
systemctl enable/disable nginx # autostart,systemctl enable/disable nginx # autostart,systemctl,Systemd,Zarządzanie usługami,systemctl enable/disable nginx # autostart,10514,212,runtime/knowledge/source/linux_master_library_v1.pdf,linux_engineering_book.md | linux_engineering_book.pdf,candidate,,,,high
systemctl get-default,systemctl get-default,systemctl,Systemd,current target. SAFE,systemctl get-default,10519,212,runtime/knowledge/source/linux_master_library_v1.pdf,komendy,candidate,,,,high
systemctl halt,systemctl halt,systemctl,Systemd,Sekcja Komend,systemctl halt,10524,212,runtime/knowledge/source/linux_master_library_v1.pdf,RHCSA_Command_Library.pdf,duplicate_existing,canonical+command_index,systemctl halt,weak_description,high
systemctl hibernate,systemctl hibernate,systemctl,Systemd,Sekcja Komend,systemctl hibernate,10529,212,runtime/knowledge/source/linux_master_library_v1.pdf,RHCSA_Command_Library.pdf,duplicate_existing,canonical+command_index,systemctl hibernate,weak_description,high
systemctl is-active,systemctl is-active,systemctl,Systemd,Czy usługa jest aktywna?,systemctl is-active sshd | systemctl is-active,10534,212,runtime/knowledge/source/linux_master_library_v1.pdf,LINUX COMMAND | RHCSA_Command_Library.pdf | komendy,duplicate_existing,canonical+command_index,systemctl is-active,,high
systemctl is-active nginx,systemctl is-active nginx,systemctl,Systemd,boolean active check. SAFE,systemctl is-active nginx,10540,212,runtime/knowledge/source/linux_master_library_v1.pdf,komendy,candidate,,,,high
systemctl is-active nginx # czy działa,systemctl is-active nginx # czy działa,systemctl,Systemd,Zarządzanie usługami,systemctl is-active nginx # czy działa,10545,212,runtime/knowledge/source/linux_master_library_v1.pdf,linux_engineering_book.md | linux_engineering_book.pdf,candidate,,,,high
systemctl is-active before restart.',systemctl is-active before restart.',systemctl,Systemd,Idempotency Checks 212,systemctl is-active` before `restart`.,10550,212,runtime/knowledge/source/linux_master_library_v1.pdf,komendy,candidate,,,,high
systemctl is-enabled,systemctl is-enabled,systemctl,Systemd,Czy włączona do autostartu?,systemctl is-enabled httpd | systemctl is-enabled,10560,213,runtime/knowledge/source/linux_master_library_v1.pdf,LINUX COMMAND | RHCSA_Command_Library.pdf,duplicate_existing,canonical+command_index,systemctl is-enabled,,high
systemctl is-enabled nginx,systemctl is-enabled nginx,systemctl,Systemd,boolean enabled check. SAFE,systemctl is-enabled nginx,10566,213,runtime/knowledge/source/linux_master_library_v1.pdf,komendy,candidate,,,,high
systemctl is-enabled nginx # czy autostart,systemctl is-enabled nginx # czy autostart,systemctl,Systemd,Zarządzanie usługami,systemctl is-enabled nginx # czy autostart,10571,213,runtime/knowledge/source/linux_master_library_v1.pdf,linux_engineering_book.md | linux_engineering_book.pdf,candidate,,,,high
systemctl is-failed,systemctl is-failed,systemctl,Systemd,Czy usługa jest w stanie failed?,systemctl is-failed httpd | systemctl is-failed,10576,213,runtime/knowledge/source/linux_master_library_v1.pdf,LINUX COMMAND | RHCSA_Command_Library.pdf,duplicate_existing,canonical+command_index,systemctl is-failed,,high
systemctl isolate,systemctl isolate,systemctl,Systemd,Przechodzi do targetu,systemctl isolate multi-user.target | systemctl isolate,10582,213,runtime/knowledge/source/linux_master_library_v1.pdf,LINUX COMMAND | RHCSA_Command_Library.pdf,duplicate_existing,canonical+command_index,systemctl isolate,,high
systemctl list-timers,systemctl list-timers,systemctl,Systemd,active timers. SAFE,systemctl list-timers --all | systemctl list-timers,10588,213,runtime/knowledge/source/linux_master_library_v1.pdf,LINUX COMMAND | komendy,candidate,,,,high
systemctl list-timers --all,systemctl list-timers --all,systemctl,Systemd,scheduled timers. SAFE,systemctl list-timers --all,10594,213,runtime/knowledge/source/linux_master_library_v1.pdf,komendy,candidate,,,,high
systemctl list-unit-files,systemctl list-unit-files,systemctl,Systemd,Lista plików jednostek 213,systemctl list-unit-files,10599,213,runtime/knowledge/source/linux_master_library_v1.pdf,LINUX COMMAND,candidate,,,,high
systemctl list-unit-files #,systemctl list-unit-files #,systemctl,Systemd,Zarządzanie usługami,systemctl list-unit-files #,10609,214,runtime/knowledge/source/linux_master_library_v1.pdf,linux_engineering_book.md | linux_engineering_book.pdf,candidate,,,,high
systemctl list-unit-files --state=enabled,systemctl list-unit-files --state=enabled,systemctl,Systemd,enabled units. SAFE,systemctl list-unit-files --state=enabled,10614,214,runtime/knowledge/source/linux_master_library_v1.pdf,komendy,candidate,,,,high
systemctl list-units,systemctl list-units,systemctl,Systemd,Lista aktywnych jednostek,systemctl list-units --type=service | systemctl list-units,10619,214,runtime/knowledge/source/linux_master_library_v1.pdf,LINUX COMMAND | RHCSA_Command_Library.pdf,duplicate_existing,canonical+command_index,systemctl list-units,,high
systemctl list-units --failed,systemctl list-units --failed,systemctl,Systemd,failed boot units. SAFE,systemctl list-units --failed,10625,214,runtime/knowledge/source/linux_master_library_v1.pdf,komendy,candidate,,,,high
systemctl list-units --type=service #,systemctl list-units --type=service #,systemctl,Systemd,Zarządzanie usługami,systemctl list-units --type=service #,10630,214,runtime/knowledge/source/linux_master_library_v1.pdf,linux_engineering_book.md | linux_engineering_book.pdf,candidate,,,,high
systemctl list-units --type=service --state=running,systemctl list-units --type=service --state=running,systemctl,Systemd,active services. SAFE,systemctl list-units --type=service --state=running,10635,214,runtime/knowledge/source/linux_master_library_v1.pdf,komendy,candidate,,,,high
systemctl mask,systemctl mask,systemctl,Systemd,Maskuje usługę (uniemożliwia start),systemctl mask cups | systemctl mask,10640,214,runtime/knowledge/source/linux_master_library_v1.pdf,LINUX COMMAND | RHCSA_Command_Library.pdf,duplicate_existing,canonical+command_index,systemctl mask,,high
systemctl mask nginx,systemctl mask nginx,systemctl,Systemd,prevent start entirely. CAUTION 214,systemctl mask nginx,10646,214,runtime/knowledge/source/linux_master_library_v1.pdf,komendy,candidate,,,,high
systemctl poweroff,systemctl poweroff,systemctl,Systemd,Sekcja Komend,systemctl poweroff,10656,215,runtime/knowledge/source/linux_master_library_v1.pdf,RHCSA_Command_Library.pdf,duplicate_existing,canonical+command_index,systemctl poweroff,weak_description,high
systemctl reboot,systemctl reboot,systemctl,Systemd,Sekcja Komend,systemctl reboot,10661,215,runtime/knowledge/source/linux_master_library_v1.pdf,RHCSA_Command_Library.pdf,duplicate_existing,canonical+command_index,systemctl reboot,weak_description,high
systemctl rescue,systemctl rescue,systemctl,Systemd,rescue target. DANGEROUS,systemctl rescue,10666,215,runtime/knowledge/source/linux_master_library_v1.pdf,komendy,duplicate_existing,canonical+command_index,systemctl rescue,,high
systemctl set-default multi-user.target,systemctl set-default multi-user.target,systemctl,Systemd,CLI boot. CAUTION,systemctl set-default multi-user.target,10671,215,runtime/knowledge/source/linux_master_library_v1.pdf,komendy,candidate,,,,high
systemctl set-property myservice.service,systemctl set-property myservice.service,systemctl,Systemd,Systemd slice (automatyczne cgroups),systemctl set-property myservice.service,10676,215,runtime/knowledge/source/linux_master_library_v1.pdf,linux_engineering_book.md | linux_engineering_book.pdf,candidate,,,,high
systemctl start/stop/restart/reload nginx,systemctl start/stop/restart/reload nginx,systemctl,Systemd,Zarządzanie usługami,systemctl start/stop/restart/reload nginx,10681,215,runtime/knowledge/source/linux_master_library_v1.pdf,linux_engineering_book.md | linux_engineering_book.pdf,candidate,,,,high
systemctl suspend,systemctl suspend,systemctl,Systemd,Sekcja Komend,systemctl suspend,10686,215,runtime/knowledge/source/linux_master_library_v1.pdf,RHCSA_Command_Library.pdf,duplicate_existing,canonical+command_index,systemctl suspend,weak_description,high
systemctl unmask,systemctl unmask,systemctl,Systemd,Sekcja Komend 215,systemctl unmask cups | systemctl unmask,10691,215,runtime/knowledge/source/linux_master_library_v1.pdf,LINUX COMMAND | RHCSA_Command_Library.pdf,duplicate_existing,canonical+command_index,systemctl unmask,,high
systemctl unmask nginx,systemctl unmask nginx,systemctl,Systemd,restore. CAUTION,systemctl unmask nginx,10702,216,runtime/knowledge/source/linux_master_library_v1.pdf,komendy,candidate,,,,high
systemd-analyze,systemd-analyze,systemd-analyze,Systemd,Czas bootowania,systemd-analyze blame | systemd-analyze critical-chain,10707,216,runtime/knowledge/source/linux_master_library_v1.pdf,LINUX COMMAND,duplicate_existing,canonical+command_index,systemd-analyze,,high
systemd-analyze plot,systemd-analyze plot,systemd-analyze,Systemd,Wykres bootu (SVG),systemd-analyze plot > boot.svg,10713,216,runtime/knowledge/source/linux_master_library_v1.pdf,LINUX COMMAND,candidate,,,,high
systemd-analyze verify /etc/systemd/system/my.service,systemd-analyze verify /etc/systemd/system/my.service,systemd-analyze,Systemd,Validate with .,systemd-analyze verify /etc/systemd/system/my.service,10718,216,runtime/knowledge/source/linux_master_library_v1.pdf,komendy,candidate,,,,high
systemd-ask-password,systemd-ask-password,systemd-ask-password,Systemd,Bezpieczne pytanie o hasło,systemd-ask-password,10723,216,runtime/knowledge/source/linux_master_library_v1.pdf,LINUX COMMAND,candidate,,,,high
systemd-cat,systemd-cat,systemd-cat,Systemd,"Loguje do journal echo ""msg"" \",,10728,216,runtime/knowledge/source/linux_master_library_v1.pdf,LINUX COMMAND,candidate,,,,high
systemd-cgls,systemd-cgls,systemd-cgls,Systemd,Komentarz Komentarz w skrypcie function myfunc() { Definicja funkcji,systemd-cgls,10733,216,runtime/knowledge/source/linux_master_library_v1.pdf,LINUX COMMAND | RHCSA_Command_Library.pdf,duplicate_existing,canonical+command_index,systemd-cgls,,high
systemd-cgtop,systemd-cgtop,systemd-cgtop,Systemd,Komentarz Komentarz w skrypcie function myfunc() { Definicja funkcji 216,systemd-cgtop,10738,216,runtime/knowledge/source/linux_master_library_v1.pdf,LINUX COMMAND | RHCSA_Command_Library.pdf,duplicate_existing,canonical+command_index,systemd-cgtop,,high
systemd-cgtop # top dla cgroups,systemd-cgtop # top dla cgroups,systemd-cgtop,Systemd,17.3 Resource Control,systemd-cgtop # top dla cgroups,10748,217,runtime/knowledge/source/linux_master_library_v1.pdf,linux_engineering_book.md | linux_engineering_book.pdf,candidate,,,,high
systemd-delta,systemd-delta,systemd-delta,Systemd,Różnice w konfiguracji,systemd-delta,10753,217,runtime/knowledge/source/linux_master_library_v1.pdf,LINUX COMMAND,candidate,,,,high
systemd-detect-virt,systemd-detect-virt,systemd-detect-virt,Systemd,Detekcja wirtualizacji,systemd-detect-virt,10758,217,runtime/knowledge/source/linux_master_library_v1.pdf,LINUX COMMAND,candidate,,,,high
systemd-escape,systemd-escape,systemd-escape,Systemd,Escapuje strings dla systemd,"systemd-escape ""foo bar""",10763,217,runtime/knowledge/source/linux_master_library_v1.pdf,LINUX COMMAND,candidate,,,,high
systemd-firstboot,systemd-firstboot,systemd-firstboot,Systemd,Inicjalizacja systemu,systemd-firstboot --prompt,10768,217,runtime/knowledge/source/linux_master_library_v1.pdf,LINUX COMMAND,candidate,,,,high
systemd-inhibit,systemd-inhibit,systemd-inhibit,Systemd,Blokuje wyłączenie,systemd-inhibit --what=shutdown ./script,10773,217,runtime/knowledge/source/linux_master_library_v1.pdf,LINUX COMMAND,candidate,,,,high
systemd-machine-id-setup,systemd-machine-id-setup,systemd-machine-id-setup,Systemd,Ustawia machine-id,systemd-machine-id-setup,10778,217,runtime/knowledge/source/linux_master_library_v1.pdf,LINUX COMMAND,candidate,,,,high
systemd-mount,systemd-mount,systemd-mount,Systemd,Montowanie (user) 217,systemd-mount /dev/sdb1 /mnt,10783,217,runtime/knowledge/source/linux_master_library_v1.pdf,LINUX COMMAND,candidate,,,,high
systemd-notify,systemd-notify,systemd-notify,Systemd,Notify systemd z app,systemd-notify --ready,10793,218,runtime/knowledge/source/linux_master_library_v1.pdf,LINUX COMMAND,candidate,,,,high
systemd-path,systemd-path,systemd-path,Systemd,Ścieżki specjalne,systemd-path systemd-system-unit | systemd-path user-binaries,10798,218,runtime/knowledge/source/linux_master_library_v1.pdf,LINUX COMMAND,candidate,,,,high
systemd-run,systemd-run,systemd-run,Systemd,Uruchamia w przejściowej jednostce,"systemd-run --unit=myservice /bin/sleep 100 | systemd-run --on-calendar=""daily"" /bin/backup.sh",10804,218,runtime/knowledge/source/linux_master_library_v1.pdf,LINUX COMMAND,duplicate_existing,canonical+command_index,systemd-run,,high
"systemd-run --on-calendar=""Mon *-*-1..7 02:00"" /bin/backup.sh","systemd-run --on-calendar=""Mon *-*-1..7 02:00"" /bin/backup.sh",systemd-run,Systemd,monthly timer. SAFE,"systemd-run --on-calendar=""Mon *-*-1..7 02:00"" /bin/backup.sh",10810,218,runtime/knowledge/source/linux_master_library_v1.pdf,komendy,candidate,,,,high
"systemd-run --on-calendar=""daily"" /bin/backup.sh","systemd-run --on-calendar=""daily"" /bin/backup.sh",systemd-run,Systemd,ad-hoc timer. SAFE,"systemd-run --on-calendar=""daily"" /bin/backup.sh",10815,218,runtime/knowledge/source/linux_master_library_v1.pdf,komendy,candidate,,,,high
systemd-run --scope --property=CPUWeight=10,systemd-run --scope --property=CPUWeight=10,systemd-run,Systemd,Use for resource limits.,systemd-run --scope --property=CPUWeight=10,10820,218,runtime/knowledge/source/linux_master_library_v1.pdf,komendy,candidate,,,,high
systemd-run --slice=myslice --property=MemoryMax=512M command,systemd-run --slice=myslice --property=MemoryMax=512M command,systemd-run,Systemd,Systemd slice (automatyczne cgroups),systemd-run --slice=myslice --property=MemoryMax=512M command,10825,218,runtime/knowledge/source/linux_master_library_v1.pdf,linux_engineering_book.md | linux_engineering_book.pdf,candidate,,,,high
systemd-tmpfiles,systemd-tmpfiles,systemd-tmpfiles,Systemd,Zarządzanie plikami tymczasowymi 218,systemd-tmpfiles --create,10830,218,runtime/knowledge/source/linux_master_library_v1.pdf,LINUX COMMAND,candidate,,,,high
systemd-tmpfiles --clean,systemd-tmpfiles --clean,systemd-tmpfiles,Systemd,Czyści tymczasowe,systemd-tmpfiles --clean,10840,219,runtime/knowledge/source/linux_master_library_v1.pdf,LINUX COMMAND,candidate,,,,high
systemd-tmpfiles --create --prefix /var/log/journal,systemd-tmpfiles --create --prefix /var/log/journal,systemd-tmpfiles,Systemd,apply permissions. SAFE,systemd-tmpfiles --create --prefix /var/log/journal,10845,219,runtime/knowledge/source/linux_master_library_v1.pdf,komendy,candidate,,,,high
systemd-umount,systemd-umount,systemd-umount,Systemd,Odmontowanie (user),systemd-umount /mnt,10850,219,runtime/knowledge/source/linux_master_library_v1.pdf,LINUX COMMAND,candidate,,,,high
timedatectl,timedatectl,timedatectl,Systemd,Zarządzanie czasem,timedatectl,10855,219,runtime/knowledge/source/linux_master_library_v1.pdf,LINUX COMMAND,duplicate_existing,canonical+command_index,timedatectl,,high
timedatectl set-ntp,timedatectl set-ntp,timedatectl,Systemd,Włącza/wyłącza NTP,timedatectl set-ntp true,10860,219,runtime/knowledge/source/linux_master_library_v1.pdf,LINUX COMMAND,candidate,,,,high
timedatectl set-timezone,timedatectl set-timezone,timedatectl,Systemd,timezone. CAUTION,timedatectl set-timezone,10865,219,runtime/knowledge/source/linux_master_library_v1.pdf,LINUX COMMAND | komendy,candidate,,,,high
atop,atop,atop,Processes,advanced recorder. SAFE,atop,10871,219,runtime/knowledge/source/linux_master_library_v1.pdf,LINUX COMMAND | komendy,candidate,,,,high
atop # zaawansowany monitor z historią,atop # zaawansowany monitor z historią,atop,Processes,4.4 Narzędzia do Zarządzania Procesami 219,atop # zaawansowany monitor z historią,10876,219,runtime/knowledge/source/linux_master_library_v1.pdf,linux_engineering_book.md | linux_engineering_book.pdf,candidate,,,,high
bg,bg,bg,Processes,Wznawia w tle,bg %1,10886,220,runtime/knowledge/source/linux_master_library_v1.pdf,LINUX COMMAND,candidate,,,,high
bg %1,bg %1,bg,Processes,resume in background. SAFE,bg %1,10891,220,runtime/knowledge/source/linux_master_library_v1.pdf,RHCSA_Command_Library.pdf | komendy,candidate,,,,high
cgclassify,cgclassify,cgclassify,Processes,Przenosi PID do cgroup,cgclassify -g cpu:mygroup 1234,10896,220,runtime/knowledge/source/linux_master_library_v1.pdf,LINUX COMMAND,candidate,,,,high
cgcreate,cgcreate,cgcreate,Processes,Tworzy cgroup (v1),"cgcreate -g cpu,memory:/mygroup",10901,220,runtime/knowledge/source/linux_master_library_v1.pdf,LINUX COMMAND,candidate,,,,high
cgcreate -g,cgcreate -g,cgcreate,Processes,Komentarz Komentarz w skrypcie function myfunc() { Definicja funkcji,cgcreate -g,10906,220,runtime/knowledge/source/linux_master_library_v1.pdf,RHCSA_Command_Library.pdf,candidate,,,,high
cgdelete,cgdelete,cgdelete,Processes,Usuwa cgroup,"cgdelete cpu,memory:/mygroup",10911,220,runtime/knowledge/source/linux_master_library_v1.pdf,LINUX COMMAND,candidate,,,,high
cgexec,cgexec,cgexec,Processes,Uruchamia w cgroup,cgexec -g cpu:mygroup ./app,10916,220,runtime/knowledge/source/linux_master_library_v1.pdf,LINUX COMMAND,candidate,,,,high
cgexec -g,cgexec -g,cgexec,Processes,Komentarz Komentarz w skrypcie function myfunc() { Definicja funkcji 220,cgexec -g,10921,220,runtime/knowledge/source/linux_master_library_v1.pdf,RHCSA_Command_Library.pdf,candidate,,,,high
disown,disown,disown,Processes,Odłącza od terminala,disown %1,10931,221,runtime/knowledge/source/linux_master_library_v1.pdf,LINUX COMMAND,candidate,,,,high
disown %1 # odłącz job od shella,disown %1 # odłącz job od shella,disown,Processes,4.4 Narzędzia do Zarządzania Procesami,disown %1 # odłącz job od shella,10936,221,runtime/knowledge/source/linux_master_library_v1.pdf,linux_engineering_book.md | linux_engineering_book.pdf,candidate,,,,high
disown -h %1,disown -h %1,disown,Processes,remove from job table. SAFE,disown -h %1,10941,221,runtime/knowledge/source/linux_master_library_v1.pdf,komendy,candidate,,,,high
fg,fg,fg,Processes,Przywraca na pierwszy plan,fg %1,10946,221,runtime/knowledge/source/linux_master_library_v1.pdf,LINUX COMMAND,candidate,,,,high
fg %1,fg %1,fg,Processes,bring to foreground. SAFE,fg %1,10951,221,runtime/knowledge/source/linux_master_library_v1.pdf,RHCSA_Command_Library.pdf | komendy,candidate,,,,high
free,free,free,Processes,Użycie pamięci,free -h,10956,221,runtime/knowledge/source/linux_master_library_v1.pdf,LINUX COMMAND,candidate,,,,high
free -h,free -h,free,Processes,memory exhaustion check. SAFE,free -h,10961,221,runtime/knowledge/source/linux_master_library_v1.pdf,RHCSA_Command_Library.pdf | komendy | linux_engineering_book.md | linux_engineering_book.pdf,candidate,,,,high
free -h # podsumowanie,free -h # podsumowanie,free,Processes,5.6 Narzędzia Diagnostyczne Pamięci 221,free -h # podsumowanie,10966,221,runtime/knowledge/source/linux_master_library_v1.pdf,linux_engineering_book.md | linux_engineering_book.pdf,candidate,,,,high
free -h → sprawdź swap usage,free -h → sprawdź swap usage,free,Processes,Dodatek B: Komendy Ratunkowe,free -h → sprawdź swap usage,10976,222,runtime/knowledge/source/linux_master_library_v1.pdf,linux_engineering_book.md | linux_engineering_book.pdf,candidate,,,,high
free -m,free -m,free,Processes,Sekcja Komend,free -m,10981,222,runtime/knowledge/source/linux_master_library_v1.pdf,RHCSA_Command_Library.pdf,candidate,,,weak_description,medium
fuser,fuser,fuser,Processes,Procesy używające pliku/portu,fuser -k 8080/tcp,10986,222,runtime/knowledge/source/linux_master_library_v1.pdf,LINUX COMMAND,candidate,,,,high
fuser -k,fuser -k,fuser,Processes,Zabija procesy używające pliku,fuser -k /mnt,10991,222,runtime/knowledge/source/linux_master_library_v1.pdf,LINUX COMMAND,candidate,,,,high
fuser -v /var/log/syslog,fuser -v /var/log/syslog,fuser,Processes,processes using file. SAFE,fuser -v /var/log/syslog,10996,222,runtime/knowledge/source/linux_master_library_v1.pdf,komendy,candidate,,,,high
htop,htop,htop,Processes,interactive viewer. SAFE,htop,11001,222,runtime/knowledge/source/linux_master_library_v1.pdf,LINUX COMMAND | RHCSA_Command_Library.pdf | komendy,duplicate_existing,canonical+command_index,htop,,high
htop # ulepszona wersja top,htop # ulepszona wersja top,htop,Processes,4.4 Narzędzia do Zarządzania Procesami,htop # ulepszona wersja top,11006,222,runtime/knowledge/source/linux_master_library_v1.pdf,linux_engineering_book.md | linux_engineering_book.pdf,candidate,,,,high
iostat,iostat,iostat,Processes,Statystyki I/O 222,iostat -x 1,11011,222,runtime/knowledge/source/linux_master_library_v1.pdf,LINUX COMMAND,duplicate_existing,canonical+command_index,iostat,,high
iostat -x -d,iostat -x -d,iostat,Processes,Command — klawisz : Tryb komend # Szukaj sowa pod kursorem (do tyu),iostat -x -d 1 5,11021,223,runtime/knowledge/source/linux_master_library_v1.pdf,RHCSA_Command_Library.pdf,candidate,,,,high
iostat -xz,iostat -xz,iostat,Processes,extended I/O stats. SAFE,iostat -xz 1,11026,223,runtime/knowledge/source/linux_master_library_v1.pdf,komendy,candidate,,,,high
iostat -xz 1 # per-urządzenie,iostat -xz 1 # per-urządzenie,iostat,Processes,14.1 Narzędzia Monitoringu,iostat -xz 1 # per-urządzenie,11031,223,runtime/knowledge/source/linux_master_library_v1.pdf,linux_engineering_book.md | linux_engineering_book.pdf,candidate,,,,high
iostat -xz 1 → sprawdź %util dysków,iostat -xz 1 → sprawdź %util dysków,iostat,Processes,Dodatek B: Komendy Ratunkowe,iostat -xz 1 → sprawdź %util dysków,11036,223,runtime/knowledge/source/linux_master_library_v1.pdf,linux_engineering_book.md | linux_engineering_book.pdf,candidate,,,,high
jobs,jobs,jobs,Processes,Lista zadań powłoki,jobs -l | jobs,11041,223,runtime/knowledge/source/linux_master_library_v1.pdf,LINUX COMMAND | RHCSA_Command_Library.pdf,duplicate_existing,canonical+command_index,jobs,,high
jobs -l,jobs -l,jobs,Processes,list jobs with PIDs. SAFE,jobs -l,11047,223,runtime/knowledge/source/linux_master_library_v1.pdf,komendy,candidate,,,,high
kill,kill,kill,Processes,Wysyła sygnał do procesu,kill -9 1234 | kill,11052,223,runtime/knowledge/source/linux_master_library_v1.pdf,LINUX COMMAND | RHCSA_Command_Library.pdf,duplicate_existing,command_index,kill,,high
kill -15,kill -15,kill,Processes,Sekcja Komend 223,kill -15,11058,223,runtime/knowledge/source/linux_master_library_v1.pdf,RHCSA_Command_Library.pdf,candidate,,,,high
kill -9,kill -9,kill,Processes,(init) or on database writers.,kill -9,11068,224,runtime/knowledge/source/linux_master_library_v1.pdf,RHCSA_Command_Library.pdf | komendy,candidate,,,,high
kill -9,kill -9,kill,Processes,(init) or on database writers.,kill -9 1,11073,224,runtime/knowledge/source/linux_master_library_v1.pdf,komendy,duplicate_existing,candidate_internal,kill -9,,high
kill -9 1234 # wyślij,kill -9 1234 # wyślij,kill,Processes,Wysyłanie sygnałów,kill -9 1234 # wyślij,11078,224,runtime/knowledge/source/linux_master_library_v1.pdf,linux_engineering_book.md | linux_engineering_book.pdf,candidate,,,,high
kill -9 1 (init) or kill -9 on database writers.',kill -9 1 (init) or kill -9 on database writers.',kill,Processes,Dangerous Mistakes,kill -9 1` (init) or `kill -9` on database writers.,11083,224,runtime/knowledge/source/linux_master_library_v1.pdf,komendy,candidate,,,weak_description,medium
kill -CONT,kill -CONT,kill,Processes,Sekcja Komend,kill -CONT,11088,224,runtime/knowledge/source/linux_master_library_v1.pdf,RHCSA_Command_Library.pdf,candidate,,,weak_description,medium
kill -HUP,kill -HUP,kill,Processes,Przeładowanie (SIGHUP),kill -HUP $(pidof nginx) | kill -HUP,11093,224,runtime/knowledge/source/linux_master_library_v1.pdf,LINUX COMMAND | RHCSA_Command_Library.pdf,candidate,,,,high
kill -HUP $(pgrep nginx),kill -HUP $(pgrep nginx),kill,Processes,Wysłanie sygnału bezpiecznego przeładowania konfiguracji do serwera Nginx,kill -HUP $(pgrep nginx),11099,224,runtime/knowledge/source/linux_master_library_v1.pdf,encyklopedia_inzynierii_linux.html | encyklopedia_inzynierii_linux.pdf,candidate,,,,high
kill -KILL,kill -KILL,kill,Processes,force kill. CAUTION (no cleanup) 224,kill -KILL 1234,11104,224,runtime/knowledge/source/linux_master_library_v1.pdf,komendy,candidate,,,,high
kill -SIGCHLD <PPID>,kill -SIGCHLD <PPID>,kill,Processes,Dodatek B: Komendy Ratunkowe,kill -SIGCHLD <PPID>,11114,225,runtime/knowledge/source/linux_master_library_v1.pdf,linux_engineering_book.md | linux_engineering_book.pdf,candidate,,,,high
kill -SIGTERM 1234 # wyślij,kill -SIGTERM 1234 # wyślij,kill,Processes,Wysyłanie sygnałów,kill -SIGTERM 1234 # wyślij,11119,225,runtime/knowledge/source/linux_master_library_v1.pdf,linux_engineering_book.md | linux_engineering_book.pdf,candidate,,,,high
kill -STOP,kill -STOP,kill,Processes,Sekcja Komend,kill -STOP,11124,225,runtime/knowledge/source/linux_master_library_v1.pdf,RHCSA_Command_Library.pdf,candidate,,,weak_description,medium
kill -TERM,kill -TERM,kill,Processes,graceful termination. CAUTION,kill -TERM 1234,11129,225,runtime/knowledge/source/linux_master_library_v1.pdf,komendy,candidate,,,,high
kill -USR1,kill -USR1,kill,Processes,Sygnał użytkownika,kill -USR1 1234,11134,225,runtime/knowledge/source/linux_master_library_v1.pdf,LINUX COMMAND,candidate,,,,high
killall,killall,killall,Processes,Zabija procesy po nazwie,killall httpd,11139,225,runtime/knowledge/source/linux_master_library_v1.pdf,LINUX COMMAND,candidate,,,,high
killall -9 -u username,killall -9 -u username,killall,Processes,Zaloguj się jako root (może wymagać konsoli),killall -9 -u username,11144,225,runtime/knowledge/source/linux_master_library_v1.pdf,linux_engineering_book.md | linux_engineering_book.pdf,candidate,,,,high
killall -9 procname,killall -9 procname,killall,Processes,Sekcja Komend 225,killall -9 procname,11149,225,runtime/knowledge/source/linux_master_library_v1.pdf,RHCSA_Command_Library.pdf,candidate,,,,high
killall -u user process,killall -u user process,killall,Processes,kill by name for user. CAUTION,killall -u user process,11159,226,runtime/knowledge/source/linux_master_library_v1.pdf,komendy,candidate,,,,high
killall nginx # wyślij,killall nginx # wyślij,killall,Processes,Wysyłanie sygnałów,killall nginx # wyślij,11164,226,runtime/knowledge/source/linux_master_library_v1.pdf,linux_engineering_book.md | linux_engineering_book.pdf,candidate,,,,high
killall procname,killall procname,killall,Processes,Sekcja Komend,killall procname,11169,226,runtime/knowledge/source/linux_master_library_v1.pdf,RHCSA_Command_Library.pdf,candidate,,,weak_description,medium
lsof,lsof,lsof,Processes,Uruchomienie kontenera z pełnymi uprawnieniami roota hosta i dostępem do surowego systemu,lsof -i :80 | lsof,11174,226,runtime/knowledge/source/linux_master_library_v1.pdf,LINUX COMMAND | encyklopedia_inzynierii_linux.pdf | komendy,duplicate_existing,canonical+command_index,lsof,,high
lsof +L1,lsof +L1,lsof,Processes,deleted files still held open. SAFE,lsof +L1,11180,226,runtime/knowledge/source/linux_master_library_v1.pdf,komendy,candidate,,,,high
lsof -i :80,lsof -i :80,lsof,Processes,processes on port 80. SAFE,lsof -i :80,11185,226,runtime/knowledge/source/linux_master_library_v1.pdf,komendy,candidate,,,,high
lsof -i :8080,lsof -i :8080,lsof,Processes,sieciowych powiązanych z procesami. * Przykład produkcyjny: #,lsof -i :8080,11190,226,runtime/knowledge/source/linux_master_library_v1.pdf,encyklopedia_inzynierii_linux.html | encyklopedia_inzynierii_linux.pdf,candidate,,,,high
lsof -n -P,lsof -n -P,lsof,Processes,grep Porty nasuchujce ulimit -a Wywietl wszystkie limity 226,lsof -n -P,11195,226,runtime/knowledge/source/linux_master_library_v1.pdf,RHCSA_Command_Library.pdf,candidate,,,,high
lsof -p,lsof -p,lsof,Processes,open files by process. SAFE,lsof -p 1234,11205,227,runtime/knowledge/source/linux_master_library_v1.pdf,komendy,candidate,,,,high
ltrace,ltrace,ltrace,Processes,Śledzi wywołania bibliotek,ltrace ls,11210,227,runtime/knowledge/source/linux_master_library_v1.pdf,LINUX COMMAND,candidate,,,,high
ltrace -c ./program,ltrace -c ./program,ltrace,Processes,library call summary. CAUTION,ltrace -c ./program,11215,227,runtime/knowledge/source/linux_master_library_v1.pdf,komendy,candidate,,,,high
ltrace -e malloc+free ./program,ltrace -e malloc+free ./program,ltrace,Processes,,ltrace — śledzenie wywołań bibliotek | ltrace -e malloc+free ./program,11220,227,runtime/knowledge/source/linux_master_library_v1.pdf,linux_engineering_book.md | linux_engineering_book.pdf,candidate,,,,high
ltrace -p,ltrace -p,ltrace,Processes,trace library calls. CAUTION,ltrace -p 1234,11225,227,runtime/knowledge/source/linux_master_library_v1.pdf,komendy,candidate,,,,high
ltrace ./program,ltrace ./program,ltrace,Processes,,ltrace — śledzenie wywołań bibliotek | ltrace ./program,11230,227,runtime/knowledge/source/linux_master_library_v1.pdf,linux_engineering_book.md | linux_engineering_book.pdf,candidate,,,,high
ltrace cmd led wywoania bibliotek sar -n,ltrace cmd led wywoania bibliotek sar -n,ltrace,Processes,Command — klawisz : Tryb komend # Szukaj sowa pod kursorem (do tyu),ltrace cmd led wywoania bibliotek sar -n,11235,227,runtime/knowledge/source/linux_master_library_v1.pdf,RHCSA_Command_Library.pdf,candidate,,,,high
mpstat,mpstat,mpstat,Processes,Statystyki per-CPU 227,mpstat -P,11240,227,runtime/knowledge/source/linux_master_library_v1.pdf,LINUX COMMAND,candidate,,,,high
mpstat -P,mpstat -P,mpstat,Processes,Monitorowanie statystyk utylizacji wszystkich rdzeni procesora z interwałem 1 sekundy linux_engineering_book.pdf,mpstat -P,11250,228,runtime/knowledge/source/linux_master_library_v1.pdf,encyklopedia_inzynierii_linux.html | encyklopedia_inzynierii_linux.pdf | komendy | linux_engineering_book.m,candidate,,,,high
nice,nice,nice,Processes,Uruchamia z priorytetem,nice -n 10 ./script.sh,11256,228,runtime/knowledge/source/linux_master_library_v1.pdf,LINUX COMMAND,candidate,,,,high
nice -n 10 ./script.sh,nice -n 10 ./script.sh,nice,Processes,lower priority. SAFE,nice -n 10 ./script.sh,11261,228,runtime/knowledge/source/linux_master_library_v1.pdf,komendy,candidate,,,,high
nice -n 10 command # uruchom z niższym priorytetem,nice -n 10 command # uruchom z niższym priorytetem,nice,Processes,4.4 Narzędzia do Zarządzania Procesami,nice -n 10 command # uruchom z niższym priorytetem,11266,228,runtime/knowledge/source/linux_master_library_v1.pdf,linux_engineering_book.md | linux_engineering_book.pdf,candidate,,,,high
nohup,nohup,nohup,Processes,Ignoruje SIGHUP,nohup ./script.sh &,11271,228,runtime/knowledge/source/linux_master_library_v1.pdf,LINUX COMMAND,candidate,,,,high
nohup ./script.sh &,nohup ./script.sh &,nohup,Processes,immune to hangup. SAFE,nohup ./script.sh &,11276,228,runtime/knowledge/source/linux_master_library_v1.pdf,komendy,candidate,,,,high
nohup command &,nohup command &,nohup,Processes,Sekcja Komend,nohup command &,11281,228,runtime/knowledge/source/linux_master_library_v1.pdf,RHCSA_Command_Library.pdf,candidate,,,weak_description,medium
nohup command & # odporny na,nohup command & # odporny na,nohup,Processes,4.4 Narzędzia do Zarządzania Procesami 228,nohup command & # odporny na,11286,228,runtime/knowledge/source/linux_master_library_v1.pdf,linux_engineering_book.md | linux_engineering_book.pdf,candidate,,,,high
pgrep,pgrep,pgrep,Processes,Szuka PID po wzorcu,pgrep sshd,11296,229,runtime/knowledge/source/linux_master_library_v1.pdf,LINUX COMMAND,candidate,,,,high
pgrep -l procname,pgrep -l procname,pgrep,Processes,Sekcja Komend,pgrep -l procname,11301,229,runtime/knowledge/source/linux_master_library_v1.pdf,RHCSA_Command_Library.pdf,candidate,,,weak_description,medium
pgrep -u root sshd,pgrep -u root sshd,pgrep,Processes,find PIDs by name. SAFE,pgrep -u root sshd,11306,229,runtime/knowledge/source/linux_master_library_v1.pdf,komendy,candidate,,,,high
pgrep -u user,pgrep -u user,pgrep,Processes,Sekcja Komend,pgrep -u user,11311,229,runtime/knowledge/source/linux_master_library_v1.pdf,RHCSA_Command_Library.pdf,candidate,,,weak_description,medium
pgrep procname,pgrep procname,pgrep,Processes,Sekcja Komend,pgrep procname,11316,229,runtime/knowledge/source/linux_master_library_v1.pdf,RHCSA_Command_Library.pdf,candidate,,,weak_description,medium
pidof,pidof,pidof,Processes,Znajduje PID po nazwie,pidof sshd,11321,229,runtime/knowledge/source/linux_master_library_v1.pdf,LINUX COMMAND,candidate,,,,high
pidof nginx,pidof nginx,pidof,Processes,PIDs of named process. SAFE,pidof nginx,11326,229,runtime/knowledge/source/linux_master_library_v1.pdf,komendy,candidate,,,,high
pidof procname,pidof procname,pidof,Processes,Sekcja Komend 229,pidof procname,11331,229,runtime/knowledge/source/linux_master_library_v1.pdf,RHCSA_Command_Library.pdf,candidate,,,,high
pidstat,pidstat,pidstat,Processes,Statystyki per-proces,pidstat -u 1,11341,230,runtime/knowledge/source/linux_master_library_v1.pdf,LINUX COMMAND,candidate,,,,high
pidstat,pidstat,pidstat,Processes,per-process stats. SAFE,pidstat 1,11346,230,runtime/knowledge/source/linux_master_library_v1.pdf,komendy,duplicate_existing,candidate_internal,pidstat,,high
pidstat 1 # per-proces,pidstat 1 # per-proces,pidstat,Processes,14.1 Narzędzia Monitoringu,pidstat 1 # per-proces,11351,230,runtime/knowledge/source/linux_master_library_v1.pdf,linux_engineering_book.md | linux_engineering_book.pdf,candidate,,,,high
pkill,pkill,pkill,Processes,Zabija po wzorcu,pkill -u username,11356,230,runtime/knowledge/source/linux_master_library_v1.pdf,LINUX COMMAND,candidate,,,,high
pkill -9 -u user,pkill -9 -u user,pkill,Processes,Sekcja Komend,pkill -9 -u user,11361,230,runtime/knowledge/source/linux_master_library_v1.pdf,RHCSA_Command_Library.pdf,candidate,,,weak_description,medium
pkill -9 python,pkill -9 python,pkill,Processes,killing unrelated services.,pkill -9 python,11366,230,runtime/knowledge/source/linux_master_library_v1.pdf,komendy,candidate,,,,high
pkill -9 python killing unrelated services.',pkill -9 python killing unrelated services.',pkill,Processes,Dangerous Mistakes,pkill -9 python` killing unrelated services.,11371,230,runtime/knowledge/source/linux_master_library_v1.pdf,komendy,candidate,,,weak_description,medium
"pkill -f ""python app.py""","pkill -f ""python app.py""",pkill,Processes,pattern kill. CAUTION 230,"pkill -f ""python app.py""",11376,230,runtime/knowledge/source/linux_master_library_v1.pdf,komendy,candidate,,,,high
"pkill -f ""python script"" # wyślij","pkill -f ""python script"" # wyślij",pkill,Processes,Wysyłanie sygnałów,"pkill -f ""python script"" # wyślij",11386,231,runtime/knowledge/source/linux_master_library_v1.pdf,linux_engineering_book.md | linux_engineering_book.pdf,candidate,,,,high
pkill -u user,pkill -u user,pkill,Processes,Sekcja Komend,pkill -u user,11391,231,runtime/knowledge/source/linux_master_library_v1.pdf,RHCSA_Command_Library.pdf,candidate,,,weak_description,medium
pkill procname,pkill procname,pkill,Processes,Sekcja Komend,pkill procname,11396,231,runtime/knowledge/source/linux_master_library_v1.pdf,RHCSA_Command_Library.pdf,candidate,,,weak_description,medium
prlimit,prlimit,prlimit,Processes,Limity procesów (nowoczesne),prlimit --pid 1234 --nofile=4096,11401,231,runtime/knowledge/source/linux_master_library_v1.pdf,LINUX COMMAND,candidate,,,,high
prlimit --pid,prlimit --pid,prlimit,Processes,process limits. SAFE,prlimit --pid 1234,11406,231,runtime/knowledge/source/linux_master_library_v1.pdf,komendy,candidate,,,,high
ps,ps,ps,Processes,Aktualne procesy,ps aux | ps,11411,231,runtime/knowledge/source/linux_master_library_v1.pdf,LINUX COMMAND | RHCSA_Command_Library.pdf,duplicate_existing,canonical+command_index,ps,,high
ps --forest,ps --forest,ps,Processes,Sekcja Komend,ps --forest,11417,231,runtime/knowledge/source/linux_master_library_v1.pdf,RHCSA_Command_Library.pdf,candidate,,,weak_description,medium
ps -Z,ps -Z,ps,Processes,Sekcja Komend 231,ps -Z,11422,231,runtime/knowledge/source/linux_master_library_v1.pdf,RHCSA_Command_Library.pdf,candidate,,,,high
ps -Zp,ps -Zp,ps,Processes,Sekcja Komend,ps -Zp,11432,232,runtime/knowledge/source/linux_master_library_v1.pdf,RHCSA_Command_Library.pdf,candidate,,,weak_description,medium
ps -eZ,ps -eZ,ps,Processes,grep httpd # konteksty procesów,ps -eZ \ | ps -eZ,11437,232,runtime/knowledge/source/linux_master_library_v1.pdf,LINUX COMMAND | linux_engineering_book.pdf,candidate,,,,high
ps -eZ | grep httpd # konteksty procesów,ps -eZ | grep httpd # konteksty procesów,ps,Processes,9.3 SELinux,ps -eZ | grep httpd # konteksty procesów,11443,232,runtime/knowledge/source/linux_master_library_v1.pdf,linux_engineering_book.md,candidate,,,,high
ps -ef,ps -ef,ps,Processes,Sekcja Komend,ps -ef \ | ps -ef,11448,232,runtime/knowledge/source/linux_master_library_v1.pdf,LINUX COMMAND | RHCSA_Command_Library.pdf,candidate,,,weak_description,medium
ps -ef # wszystkie procesy (System,ps -ef # wszystkie procesy (System,ps,Processes,4.4 Narzędzia do Zarządzania Procesami,ps -ef # wszystkie procesy (System,11454,232,runtime/knowledge/source/linux_master_library_v1.pdf,linux_engineering_book.md | linux_engineering_book.pdf,candidate,,,,high
"ps -eo pid,ppid,cmd --sort=-%mem","ps -eo pid,ppid,cmd --sort=-%mem",ps,Processes,custom columns. SAFE,"ps -eo pid,ppid,cmd --sort=-%mem",11459,232,runtime/knowledge/source/linux_master_library_v1.pdf,komendy,candidate,,,,high
"ps -eo pid,ppid,user,%cpu,%mem,cmd --sort=-%cpu # custom format","ps -eo pid,ppid,user,%cpu,%mem,cmd --sort=-%cpu # custom format",ps,Processes,4.4 Narzędzia do Zarządzania Procesami,"ps -eo pid,ppid,user,%cpu,%mem,cmd --sort=-%cpu # custom format",11464,232,runtime/knowledge/source/linux_master_library_v1.pdf,linux_engineering_book.md | linux_engineering_book.pdf,candidate,,,,high
"ps -eo pid,ppid,user,stat,psr,comm --forest","ps -eo pid,ppid,user,stat,psr,comm --forest",ps,Processes,Wyświetlenie pełnego drzewa procesów z uwzględnieniem mapowania użytkowników i kolokacji rdzeni CPU 232,"ps -eo pid,ppid,user,stat,psr,comm --forest",11469,232,runtime/knowledge/source/linux_master_library_v1.pdf,encyklopedia_inzynierii_linux.html | encyklopedia_inzynierii_linux.pdf,candidate,,,,high
"ps -eo pid,user,cmd","ps -eo pid,user,cmd",ps,Processes,Sekcja Komend,"ps -eo pid,user,cmd",11479,233,runtime/knowledge/source/linux_master_library_v1.pdf,RHCSA_Command_Library.pdf,candidate,,,weak_description,medium
ps -o,ps -o,ps,Processes,Niestandardowe kolumny,"ps -o pid,ppid,cmd",11484,233,runtime/knowledge/source/linux_master_library_v1.pdf,LINUX COMMAND,candidate,,,,high
"ps -o pid,ppid,cmd,%","ps -o pid,ppid,cmd,%",ps,Processes,Sekcja Komend,"ps -o pid,ppid,cmd,%",11489,233,runtime/knowledge/source/linux_master_library_v1.pdf,RHCSA_Command_Library.pdf,candidate,,,weak_description,medium
ps -p,ps -p,ps,Processes,Sekcja Komend,ps -p,11494,233,runtime/knowledge/source/linux_master_library_v1.pdf,RHCSA_Command_Library.pdf,candidate,,,weak_description,medium
ps -u user,ps -u user,ps,Processes,Sekcja Komend,ps -u user,11499,233,runtime/knowledge/source/linux_master_library_v1.pdf,RHCSA_Command_Library.pdf,candidate,,,weak_description,medium
ps aux,ps aux,ps,Processes,Sekcja Komend,ps aux,11504,233,runtime/knowledge/source/linux_master_library_v1.pdf,RHCSA_Command_Library.pdf | linux_engineering_book.pdf,candidate,,,weak_description,medium
ps aux # wszystkie procesy (BSD format),ps aux # wszystkie procesy (BSD format),ps,Processes,4.4 Narzędzia do Zarządzania Procesami,ps aux # wszystkie procesy (BSD format),11509,233,runtime/knowledge/source/linux_master_library_v1.pdf,linux_engineering_book.md | linux_engineering_book.pdf,candidate,,,,high
ps aux --sort=-%cpu,ps aux --sort=-%cpu,ps,Processes,Sekcja Komend 233,ps aux --sort=-%cpu,11514,233,runtime/knowledge/source/linux_master_library_v1.pdf,RHCSA_Command_Library.pdf | linux_engineering_book.pdf,candidate,,,,high
ps aux --sort=-%cpu | head -11,ps aux --sort=-%cpu | head -11,ps,Processes,Dodatek A: Przydatne Jednowierszowce,ps aux --sort=-%cpu | head -11,11524,234,runtime/knowledge/source/linux_master_library_v1.pdf,linux_engineering_book.md,candidate,,,,high
ps aux --sort=-%mem,ps aux --sort=-%mem,ps,Processes,Sekcja Komend,ps aux --sort=-%mem,11529,234,runtime/knowledge/source/linux_master_library_v1.pdf,RHCSA_Command_Library.pdf | linux_engineering_book.pdf,candidate,,,weak_description,medium
ps aux --sort=-%mem | head -11,ps aux --sort=-%mem | head -11,ps,Processes,Dodatek A: Przydatne Jednowierszowce,ps aux --sort=-%mem | head -11,11534,234,runtime/knowledge/source/linux_master_library_v1.pdf,linux_engineering_book.md,candidate,,,,high
ps aux | grep,ps aux | grep,ps,Processes,Dodatek B: Komendy Ratunkowe,ps aux | grep,11539,234,runtime/knowledge/source/linux_master_library_v1.pdf,linux_engineering_book.md,candidate,,,,high
ps auxf,ps auxf,ps,Processes,full format forest view. SAFE,ps auxf,11544,234,runtime/knowledge/source/linux_master_library_v1.pdf,komendy,candidate,,,,high
pstree,pstree,pstree,Processes,Drzewo procesów,pstree -p | pstree,11549,234,runtime/knowledge/source/linux_master_library_v1.pdf,LINUX COMMAND | RHCSA_Command_Library.pdf,duplicate_existing,canonical+command_index,pstree,,high
pstree -p,pstree -p,pstree,Processes,process tree with PIDs. SAFE,pstree -p,11555,234,runtime/knowledge/source/linux_master_library_v1.pdf,RHCSA_Command_Library.pdf | komendy,candidate,,,,high
pstree -p # drzewo procesów z,pstree -p # drzewo procesów z,pstree,Processes,4.4 Narzędzia do Zarządzania Procesami 234,pstree -p # drzewo procesów z,11560,234,runtime/knowledge/source/linux_master_library_v1.pdf,linux_engineering_book.md | linux_engineering_book.pdf,candidate,,,,high
pstree -u,pstree -u,pstree,Processes,Sekcja Komend,pstree -u,11570,235,runtime/knowledge/source/linux_master_library_v1.pdf,RHCSA_Command_Library.pdf,candidate,,,weak_description,medium
renice,renice,renice,Processes,Zmienia priorytet,renice -n 5 -p 1234,11575,235,runtime/knowledge/source/linux_master_library_v1.pdf,LINUX COMMAND,candidate,,,,high
renice +5 -p,renice +5 -p,renice,Processes,change priority. CAUTION,renice +5 -p 1234,11580,235,runtime/knowledge/source/linux_master_library_v1.pdf,komendy,candidate,,,,high
renice -n 5 -p 1234 # zmień priorytet działającego procesu,renice -n 5 -p 1234 # zmień priorytet działającego procesu,renice,Processes,4.4 Narzędzia do Zarządzania Procesami,renice -n 5 -p 1234 # zmień priorytet działającego procesu,11585,235,runtime/knowledge/source/linux_master_library_v1.pdf,linux_engineering_book.md | linux_engineering_book.pdf,candidate,,,,high
sar,sar,sar,Processes,Use for baseline establishment.,sar -u 1 10 | sar -u -f /var/log/sa/sa01 | sar,11590,235,runtime/knowledge/source/linux_master_library_v1.pdf,LINUX COMMAND | komendy,candidate,,,,high
sar -A -f,sar -A -f,sar,Processes,Command — klawisz : Tryb komend # Szukaj sowa pod kursorem (do tyu),sar -A -f,11597,235,runtime/knowledge/source/linux_master_library_v1.pdf,RHCSA_Command_Library.pdf,candidate,,,,high
sar -d,sar -d,sar,Processes,block device activity. SAFE,sar -d,11602,235,runtime/knowledge/source/linux_master_library_v1.pdf,komendy,candidate,,,,high
sar -n,sar -n,sar,Processes,network interface stats. SAFE 235,sar -n,11607,235,runtime/knowledge/source/linux_master_library_v1.pdf,komendy,candidate,,,,high
sar -r,sar -r,sar,Processes,memory utilization. SAFE,sar -r,11617,236,runtime/knowledge/source/linux_master_library_v1.pdf,komendy,candidate,,,,high
sar -r 1 # historyczne dane pamięci,sar -r 1 # historyczne dane pamięci,sar,Processes,5.6 Narzędzia Diagnostyczne Pamięci,sar -r 1 # historyczne dane pamięci,11622,236,runtime/knowledge/source/linux_master_library_v1.pdf,linux_engineering_book.md | linux_engineering_book.pdf,candidate,,,,high
sar -u -r -d 1 #,sar -u -r -d 1 #,sar,Processes,14.1 Narzędzia Monitoringu,sar -u -r -d 1 #,11627,236,runtime/knowledge/source/linux_master_library_v1.pdf,linux_engineering_book.md | linux_engineering_book.pdf,candidate,,,,high
sar -u,sar -u,sar,Processes,CPU samples. SAFE,sar -u 1 10,11632,236,runtime/knowledge/source/linux_master_library_v1.pdf,komendy,candidate,,,,high
strace,strace,strace,Processes,Uruchomienie kontenera z pełnymi uprawnieniami roota hosta i dostępem do surowego systemu,strace -p 1234 | strace,11637,236,runtime/knowledge/source/linux_master_library_v1.pdf,LINUX COMMAND | encyklopedia_inzynierii_linux.pdf | komendy,candidate,,,,high
strace -T ./program # czas każdego syscalla,strace -T ./program # czas każdego syscalla,strace,Processes,,strace — śledzenie syscalli | strace -T ./program # czas każdego syscalla,11643,236,runtime/knowledge/source/linux_master_library_v1.pdf,linux_engineering_book.md | linux_engineering_book.pdf,candidate,,,,high
strace -c -p,strace -c -p,strace,Processes,• Przykład produkcyjny:,strace -c -p 1234,11648,236,runtime/knowledge/source/linux_master_library_v1.pdf,encyklopedia_inzynierii_linux.html | encyklopedia_inzynierii_linux.pdf,candidate,,,,high
strace -c ./program,strace -c ./program,strace,Processes,syscall summary. CAUTION (overhead) 236,strace -c ./program,11653,236,runtime/knowledge/source/linux_master_library_v1.pdf,komendy,candidate,,,,high
strace -c ./program # statystyki (podsumowanie),strace -c ./program # statystyki (podsumowanie),strace,Processes,,strace — śledzenie syscalli | strace -c ./program # statystyki (podsumowanie),11663,237,runtime/knowledge/source/linux_master_library_v1.pdf,linux_engineering_book.md | linux_engineering_book.pdf,candidate,,,,high
strace -c cmd,strace -c cmd,strace,Processes,Command — klawisz : Tryb komend # Szukaj sowa pod kursorem (do tyu),strace -c cmd,11668,237,runtime/knowledge/source/linux_master_library_v1.pdf,RHCSA_Command_Library.pdf,candidate,,,,high
"strace -e open,read,write ./prog # filtruj syscalle","strace -e open,read,write ./prog # filtruj syscalle",strace,Processes,,"strace — śledzenie syscalli | strace -e open,read,write ./prog # filtruj syscalle",11673,237,runtime/knowledge/source/linux_master_library_v1.pdf,linux_engineering_book.md | linux_engineering_book.pdf,candidate,,,,high
strace -e openat ls led tylko openat syscall authselect current,strace -e openat ls led tylko openat syscall authselect current,strace,Processes,Komentarz Komentarz w skrypcie function myfunc() { Definicja funkcji,strace -e openat ls led tylko openat syscall authselect current,11678,237,runtime/knowledge/source/linux_master_library_v1.pdf,RHCSA_Command_Library.pdf,candidate,,,,high
strace -e trace=file led tylko wywoania plikowe cat,strace -e trace=file led tylko wywoania plikowe cat,strace,Processes,Command — klawisz : Tryb komend # Szukaj sowa pod kursorem (do tyu),strace -e trace=file led tylko wywoania plikowe cat,11683,237,runtime/knowledge/source/linux_master_library_v1.pdf,RHCSA_Command_Library.pdf,candidate,,,,high
strace -f ./program # śledź fork/clone,strace -f ./program # śledź fork/clone,strace,Processes,,strace — śledzenie syscalli | strace -f ./program # śledź fork/clone,11688,237,runtime/knowledge/source/linux_master_library_v1.pdf,linux_engineering_book.md | linux_engineering_book.pdf,candidate,,,,high
"strace -fr -e trace=file,network -p $(pgrep backend_engine) -o /tmp/engine_syscalls.log","strace -fr -e trace=file,network -p $(pgrep backend_engine) -o /tmp/engine_syscalls.log",strace,Processes,Rejestracja wywołań systemowych powiązanych z plikami i siecią dla konkretnego PID z pomiarem czasu mikrosekun- dowego,"strace -fr -e trace=file,network -p $(pgrep backend_engine) -o /tmp/engine_syscalls.log",11693,,runtime/knowledge/source/linux_master_library_v1.pdf,encyklopedia_inzynierii_linux.html | encyklopedia_inzynierii_linux.pdf,candidate,,,,high
strace -o trace.log,strace -o trace.log,strace,Processes,Command — klawisz : Tryb komend # Szukaj sowa pod kursorem (do tyu) 237,strace -o trace.log,11699,237,runtime/knowledge/source/linux_master_library_v1.pdf,RHCSA_Command_Library.pdf,candidate,,,,high
strace -p,strace -p,strace,Processes,Command — klawisz : Tryb komend # Szukaj sowa pod kursorem (do tyu),strace -p,11709,238,runtime/knowledge/source/linux_master_library_v1.pdf,RHCSA_Command_Library.pdf | komendy | linux_engineering_book.md | linux_engineering_book.pdf,candidate,,,,high
strace -p 1234 -e trace=network,strace -p 1234 -e trace=network,strace,Processes,trace syscalls. CAUTION (performance),strace -p 1234 -e trace=network,11714,238,runtime/knowledge/source/linux_master_library_v1.pdf,komendy,candidate,,,,high
strace -p on',strace -p on',strace,Processes,Dangerous Mistakes,strace -p` on,11719,238,runtime/knowledge/source/linux_master_library_v1.pdf,komendy,candidate,,,weak_description,medium
strace ./program # wszystkie syscalle,strace ./program # wszystkie syscalle,strace,Processes,,strace — śledzenie syscalli | strace ./program # wszystkie syscalle,11724,238,runtime/knowledge/source/linux_master_library_v1.pdf,linux_engineering_book.md | linux_engineering_book.pdf,candidate,,,,high
timeout,timeout,timeout,Processes,Use for unattended long-running jobs.,timeout,11729,238,runtime/knowledge/source/linux_master_library_v1.pdf,LINUX COMMAND | komendy,candidate,,,,high
top,top,top,Processes,Dynamiczny podgląd procesów,top,11734,238,runtime/knowledge/source/linux_master_library_v1.pdf,LINUX COMMAND | RHCSA_Command_Library.pdf,duplicate_existing,canonical+command_index,top,,high
top # interaktywny monitor,top # interaktywny monitor,top,Processes,4.4 Narzędzia do Zarządzania Procesami,top # interaktywny monitor,11739,238,runtime/knowledge/source/linux_master_library_v1.pdf,linux_engineering_book.md | linux_engineering_book.pdf,candidate,,,,high
top -bn1,top -bn1,top,Processes,non-interactive snapshot. SAFE 238,top -bn1,11744,238,runtime/knowledge/source/linux_master_library_v1.pdf,RHCSA_Command_Library.pdf | komendy,candidate,,,,high
top -p,top -p,top,Processes,Sekcja Komend,top -p,11754,239,runtime/knowledge/source/linux_master_library_v1.pdf,RHCSA_Command_Library.pdf,candidate,,,weak_description,medium
top -u user,top -u user,top,Processes,Sekcja Komend,top -u user,11759,239,runtime/knowledge/source/linux_master_library_v1.pdf,RHCSA_Command_Library.pdf,candidate,,,weak_description,medium
top / htop / btop # interaktywne,top / htop / btop # interaktywne,top,Processes,14.1 Narzędzia Monitoringu,top / htop / btop # interaktywne,11764,239,runtime/knowledge/source/linux_master_library_v1.pdf,linux_engineering_book.md | linux_engineering_book.pdf,candidate,,,,high
"top → sprawdź load, %wa (I/O wait)","top → sprawdź load, %wa (I/O wait)",top,Processes,Dodatek B: Komendy Ratunkowe,"top → sprawdź load, %wa (I/O wait)",11769,239,runtime/knowledge/source/linux_master_library_v1.pdf,linux_engineering_book.md | linux_engineering_book.pdf,candidate,,,,high
ulimit,ulimit,ulimit,Processes,Limity zasobów powłoki,ulimit -n 4096,11774,239,runtime/knowledge/source/linux_master_library_v1.pdf,LINUX COMMAND,candidate,,,,high
ulimit -a,ulimit -a,ulimit,Processes,shell resource limits. SAFE,ulimit -a,11779,239,runtime/knowledge/source/linux_master_library_v1.pdf,LINUX COMMAND | komendy,candidate,,,,high
ulimit -c unlimited # włącz core dumps,ulimit -c unlimited # włącz core dumps,ulimit,Processes,15.1 GDB (GNU Debugger),ulimit -c unlimited # włącz core dumps,11784,239,runtime/knowledge/source/linux_master_library_v1.pdf,linux_engineering_book.md | linux_engineering_book.pdf,candidate,,,,high
vmstat,vmstat,vmstat,Processes,Statystyki wirtualnej pamięci 239,vmstat 1 5 | vmstat 1 10,11789,239,runtime/knowledge/source/linux_master_library_v1.pdf,LINUX COMMAND,duplicate_existing,canonical+command_index,vmstat,,high
vmstat -SM,vmstat -SM,vmstat,Processes,Inspekcja rozkładu alokacji pamięci wirtualnej i pamięci podręcznej systemu plików,vmstat -SM 1 10,11800,240,runtime/knowledge/source/linux_master_library_v1.pdf,encyklopedia_inzynierii_linux.html | encyklopedia_inzynierii_linux.pdf,candidate,,,,high
vmstat 1 # si/so = swap in/out,vmstat 1 # si/so = swap in/out,vmstat,Processes,Monitoring,vmstat 1 # si/so = swap in/out,11805,240,runtime/knowledge/source/linux_master_library_v1.pdf,linux_engineering_book.md | linux_engineering_book.pdf,candidate,,,,high
vmstat 1 # statystyki,vmstat 1 # statystyki,vmstat,Processes,5.6 Narzędzia Diagnostyczne Pamięci,vmstat 1 # statystyki,11810,240,runtime/knowledge/source/linux_master_library_v1.pdf,linux_engineering_book.md | linux_engineering_book.pdf,candidate,,,,high
vmstat,vmstat,vmstat,Processes,system-wide stats. SAFE,vmstat 1 5,11815,240,runtime/knowledge/source/linux_master_library_v1.pdf,komendy,duplicate_existing,canonical+command_index+candidate_internal,vmstat,,high
watch,watch,watch,Processes,Wykonuje komendę cyklicznie,watch,11820,240,runtime/knowledge/source/linux_master_library_v1.pdf,LINUX COMMAND,candidate,,,,high
/backup/xfs.dump,/backup/xfs.dump,/backup/xfs.dump,Bash,Sekcja Komend,/backup/xfs.dump,11826,240,runtime/knowledge/source/linux_master_library_v1.pdf,RHCSA_Command_Library.pdf,malformed,,,path_not_command | weak_description,none
/bin/backup.sh,/bin/backup.sh,/bin/backup.sh,Bash,Sekcja Komend,/bin/backup.sh,11831,240,runtime/knowledge/source/linux_master_library_v1.pdf,RHCSA_Command_Library.pdf,malformed,,,path_not_command | weak_description,none
/bin/task.sh,/bin/task.sh,/bin/task.sh,Bash,Sekcja Komend 240,/bin/task.sh,11836,240,runtime/knowledge/source/linux_master_library_v1.pdf,RHCSA_Command_Library.pdf,malformed,,,path_not_command,none
/boot,/boot,/boot,Bash,"• : Montuje całą strukturę katalogów systemowych (, , ) w tryb tylko do odczytu dla danej usługi.",/boot,11846,241,runtime/knowledge/source/linux_master_library_v1.pdf,encyklopedia_inzynierii_linux.html | encyklopedia_inzynierii_linux.pdf,malformed,,,path_not_command,none
/check.sh,/check.sh,/check.sh,Bash,Sekcja Komend,/check.sh,11851,241,runtime/knowledge/source/linux_master_library_v1.pdf,RHCSA_Command_Library.pdf,malformed,,,path_not_command | weak_description,none
/dev/md0,/dev/md0,/dev/md0,Bash,Komentarz Komentarz w skrypcie function myfunc() { Definicja funkcji,/dev/md0,11856,241,runtime/knowledge/source/linux_master_library_v1.pdf,RHCSA_Command_Library.pdf,malformed,canonical+command_index,/dev/md0,path_not_command,none
/dev/null,/dev/null,/dev/null,Bash,"Znakowe (c) — dostęp po znakach (terminale, porty): ,",/dev/null,11861,241,runtime/knowledge/source/linux_master_library_v1.pdf,linux_engineering_book.md,malformed,command_index,/dev/null,path_not_command,none
/dev/nvme0n1,/dev/nvme0n1,/dev/nvme0n1,Bash,"Blokowe (b) — dostęp po blokach (dyski, partycje): ,",/dev/nvme0n1,11866,241,runtime/knowledge/source/linux_master_library_v1.pdf,linux_engineering_book.md,malformed,,,path_not_command,none
/dev/sda,/dev/sda,/dev/sda,Bash,"Blokowe (b) — dostęp po blokach (dyski, partycje): ,",/dev/sda,11871,241,runtime/knowledge/source/linux_master_library_v1.pdf,RHCSA_Command_Library.pdf | linux_engineering_book.md,malformed,,,path_not_command,none
/dev/sdb,/dev/sdb,/dev/sdb,Bash,Komentarz Komentarz w skrypcie function myfunc() { Definicja funkcji,/dev/sdb,11876,241,runtime/knowledge/source/linux_master_library_v1.pdf,RHCSA_Command_Library.pdf,malformed,canonical+command_index,/dev/sdb,path_not_command,none
/dev/sdb1,/dev/sdb1,/dev/sdb1,Bash,Sekcja Komend 241,/dev/sdb1,11881,241,runtime/knowledge/source/linux_master_library_v1.pdf,RHCSA_Command_Library.pdf,malformed,canonical+command_index,/dev/sdb1,path_not_command,none
/dev/sdc,/dev/sdc,/dev/sdc,Bash,Komentarz Komentarz w skrypcie function myfunc() { Definicja funkcji,/dev/sdc,11891,242,runtime/knowledge/source/linux_master_library_v1.pdf,RHCSA_Command_Library.pdf,malformed,canonical+command_index,/dev/sdc,path_not_command,none
/dev/sdd,/dev/sdd,/dev/sdd,Bash,Komentarz Komentarz w skrypcie function myfunc() { Definicja funkcji,/dev/sdd,11896,242,runtime/knowledge/source/linux_master_library_v1.pdf,RHCSA_Command_Library.pdf,malformed,canonical+command_index,/dev/sdd,path_not_command,none
/dev/tty,/dev/tty,/dev/tty,Bash,"Znakowe (c) — dostęp po znakach (terminale, porty): ,",/dev/tty,11901,242,runtime/knowledge/source/linux_master_library_v1.pdf,linux_engineering_book.md,malformed,,,path_not_command,none
/dev/urandom,/dev/urandom,/dev/urandom,Bash,tr -d file.xml,/dev/urandom,11906,242,runtime/knowledge/source/linux_master_library_v1.pdf,RHCSA_Command_Library.pdf,malformed,,,path_not_command,none
/dev/vgname/lvname,/dev/vgname/lvname,/dev/vgname/lvname,Bash,Sekcja Komend,/dev/vgname/lvname,11911,242,runtime/knowledge/source/linux_master_library_v1.pdf,RHCSA_Command_Library.pdf,malformed,,,path_not_command | weak_description,none
/dev/vgname/snapname,/dev/vgname/snapname,/dev/vgname/snapname,Bash,Sekcja Komend,/dev/vgname/snapname,11916,242,runtime/knowledge/source/linux_master_library_v1.pdf,RHCSA_Command_Library.pdf,malformed,,,path_not_command | weak_description,none
/etc,/etc,/etc,Bash,"• : Montuje całą strukturę katalogów systemowych (, , ) w tryb tylko do odczytu dla danej usługi.",/etc,11921,242,runtime/knowledge/source/linux_master_library_v1.pdf,encyklopedia_inzynierii_linux.html | encyklopedia_inzynierii_linux.pdf | komendy,malformed,command_index,/etc,path_not_command,none
/etc/anacrontab,/etc/anacrontab,/etc/anacrontab,Bash,Anacron (dla maszyn nie zawsze włączonych) 242,/etc/anacrontab,11926,242,runtime/knowledge/source/linux_master_library_v1.pdf,linux_engineering_book.md | linux_engineering_book.pdf,malformed,command_index,/etc/anacrontab,path_not_command,none
/etc/audit/auditd.conf,/etc/audit/auditd.conf,/etc/audit/auditd.conf,Bash,Audit daemon config vi /etc/audit/auditd.conf,,11936,243,runtime/knowledge/source/linux_master_library_v1.pdf,LINUX COMMAND,malformed,,,path_not_command,none
/etc/auto.nfs,/etc/auto.nfs,/etc/auto.nfs,Bash,Sekcja Komend,/etc/auto.nfs,11941,243,runtime/knowledge/source/linux_master_library_v1.pdf,RHCSA_Command_Library.pdf,malformed,,,path_not_command | weak_description,none
/etc/centos-release,/etc/centos-release,/etc/centos-release,Bash,Sekcja Komend,/etc/centos-release,11946,243,runtime/knowledge/source/linux_master_library_v1.pdf,RHCSA_Command_Library.pdf,malformed,,,path_not_command | weak_description,none
/etc/chrony.conf,/etc/chrony.conf,/etc/chrony.conf,Bash,Konfiguracja chrony,/etc/chrony.conf,11951,243,runtime/knowledge/source/linux_master_library_v1.pdf,LINUX COMMAND,malformed,command_index,/etc/chrony.conf,path_not_command,none
/etc/cron.d,/etc/cron.d,/etc/cron.d,Bash,Katalog zadań ls /etc/cron.d,,11956,243,runtime/knowledge/source/linux_master_library_v1.pdf,LINUX COMMAND,malformed,,,path_not_command,none
/etc/cron.daily,/etc/cron.daily,/etc/cron.daily,Bash,Codzienne zadania ls /etc/cron.daily,,11961,243,runtime/knowledge/source/linux_master_library_v1.pdf,LINUX COMMAND,malformed,canonical+command_index,/etc/cron.daily,path_not_command,none
/etc/cron.hourly,/etc/cron.hourly,/etc/cron.hourly,Bash,Godzinne zadania ls /etc/cron.hourly,,11966,243,runtime/knowledge/source/linux_master_library_v1.pdf,LINUX COMMAND,malformed,,,path_not_command,none
/etc/cron.monthly,/etc/cron.monthly,/etc/cron.monthly,Bash,Miesięczne zadania ls /etc/cron.monthly 243,,11971,243,runtime/knowledge/source/linux_master_library_v1.pdf,LINUX COMMAND,malformed,,,path_not_command,none
/etc/cron.weekly,/etc/cron.weekly,/etc/cron.weekly,Bash,Tygodniowe zadania ls /etc/cron.weekly,,11981,244,runtime/knowledge/source/linux_master_library_v1.pdf,LINUX COMMAND,malformed,,,path_not_command,none
/etc/crontab,/etc/crontab,/etc/crontab,Bash,Systemowy crontab cat /etc/crontab,,11986,244,runtime/knowledge/source/linux_master_library_v1.pdf,LINUX COMMAND,malformed,command_index,/etc/crontab,path_not_command,none
/etc/crypttab,/etc/crypttab,/etc/crypttab,Bash,Konfiguracja boot-time,/etc/crypttab,11991,244,runtime/knowledge/source/linux_master_library_v1.pdf,LINUX COMMAND,malformed,,,path_not_command,none
/etc/default/grub,/etc/default/grub,/etc/default/grub,Bash,Sekcja Komend,/etc/default/grub,11996,244,runtime/knowledge/source/linux_master_library_v1.pdf,RHCSA_Command_Library.pdf,malformed,,,path_not_command | weak_description,none
/etc/fstab,/etc/fstab,/etc/fstab,Bash,1. Montuje systemy plików z,/etc/fstab,12001,244,runtime/knowledge/source/linux_master_library_v1.pdf,komendy | linux_engineering_book.md,malformed,command_index,/etc/fstab,path_not_command,none
/etc/logrotate.conf,/etc/logrotate.conf,/etc/logrotate.conf,Bash,Sekcja Komend,/etc/logrotate.conf,12006,244,runtime/knowledge/source/linux_master_library_v1.pdf,RHCSA_Command_Library.pdf,malformed,,,path_not_command | weak_description,none
/etc/nftables.conf,/etc/nftables.conf,/etc/nftables.conf,Bash,Komentarz Komentarz w skrypcie function myfunc() { Definicja funkcji,/etc/nftables.conf,12011,244,runtime/knowledge/source/linux_master_library_v1.pdf,RHCSA_Command_Library.pdf,malformed,,,path_not_command,none
/etc/pam.d/system-auth,/etc/pam.d/system-auth,/etc/pam.d/system-auth,Bash,Modyfikacja pliku w celu blokowania słabych haseł i wymuszenia zapamiętywania historii haseł. 244,/etc/pam.d/system-auth,12016,244,runtime/knowledge/source/linux_master_library_v1.pdf,encyklopedia_inzynierii_linux.html | encyklopedia_inzynierii_linux.pdf,malformed,,,path_not_command,none
/etc/passwd,/etc/passwd,/etc/passwd,Bash,Sekcja Komend,/etc/passwd,12026,245,runtime/knowledge/source/linux_master_library_v1.pdf,RHCSA_Command_Library.pdf,malformed,command_index,/etc/passwd,path_not_command | weak_description,none
/etc/redhat-release,/etc/redhat-release,/etc/redhat-release,Bash,Sekcja Komend,/etc/redhat-release,12031,245,runtime/knowledge/source/linux_master_library_v1.pdf,RHCSA_Command_Library.pdf,malformed,,,path_not_command | weak_description,none
/etc/rsyslog.conf,/etc/rsyslog.conf,/etc/rsyslog.conf,Bash,Sekcja Komend,/etc/rsyslog.conf,12036,245,runtime/knowledge/source/linux_master_library_v1.pdf,RHCSA_Command_Library.pdf,malformed,,,path_not_command | weak_description,none
/etc/sssd/sssd.conf,/etc/sssd/sssd.conf,/etc/sssd/sssd.conf,Bash,Komentarz Komentarz w skrypcie function myfunc() { Definicja funkcji,/etc/sssd/sssd.conf,12041,245,runtime/knowledge/source/linux_master_library_v1.pdf,RHCSA_Command_Library.pdf,malformed,,,path_not_command,none
/etc/sudoers,/etc/sudoers,/etc/sudoers,Bash,Always use ; never edit directly.,/etc/sudoers,12046,245,runtime/knowledge/source/linux_master_library_v1.pdf,komendy,malformed,,,path_not_command,none
/etc/sysctl.conf,/etc/sysctl.conf,/etc/sysctl.conf,Bash,Stałe parametry jądra,/etc/sysctl.conf,12051,245,runtime/knowledge/source/linux_master_library_v1.pdf,LINUX COMMAND,malformed,command_index,/etc/sysctl.conf,path_not_command,none
/etc/sysctl.d/99-hardening.conf,/etc/sysctl.d/99-hardening.conf,/etc/sysctl.d/99-hardening.conf,Bash,Apply sysctl via and reload.,/etc/sysctl.d/99-hardening.conf,12056,245,runtime/knowledge/source/linux_master_library_v1.pdf,komendy,malformed,,,path_not_command,none
/etc/systemd/system/secure_processor.service,/etc/systemd/system/secure_processor.service,/etc/systemd/system/secure_processor.service,Bash,Utworzenie pliku konfiguracyjnego usługi w 245,/etc/systemd/system/secure_processor.service,12061,245,runtime/knowledge/source/linux_master_library_v1.pdf,encyklopedia_inzynierii_linux.html | encyklopedia_inzynierii_linux.pdf,malformed,,,path_not_command,none
/etc/updatedb.conf,/etc/updatedb.conf,/etc/updatedb.conf,Bash,Sekcja Komend,/etc/updatedb.conf,12071,246,runtime/knowledge/source/linux_master_library_v1.pdf,RHCSA_Command_Library.pdf,malformed,,,path_not_command | weak_description,none
/hostname,/hostname,/hostname,Bash,Sekcja Komend,/hostname,12076,246,runtime/knowledge/source/linux_master_library_v1.pdf,RHCSA_Command_Library.pdf,malformed,,,path_not_command | weak_description,none
/mnt,/mnt,/mnt,Bash,Sekcja Komend,/mnt,12081,246,runtime/knowledge/source/linux_master_library_v1.pdf,RHCSA_Command_Library.pdf,malformed,canonical+command_index,/mnt,path_not_command | weak_description,none
/path,/path,/path,Bash,Sekcja Komend,/path,12086,246,runtime/knowledge/source/linux_master_library_v1.pdf,RHCSA_Command_Library.pdf,malformed,command_index,/path,path_not_command | weak_description,none
/path/to/file,/path/to/file,/path/to/file,Bash,Sekcja Komend,/path/to/file,12091,246,runtime/knowledge/source/linux_master_library_v1.pdf,RHCSA_Command_Library.pdf,malformed,canonical+command_index,/path/to/file,path_not_command | weak_description,none
/path/to/key.gpg,/path/to/key.gpg,/path/to/key.gpg,Bash,Sekcja Komend,/path/to/key.gpg,12096,246,runtime/knowledge/source/linux_master_library_v1.pdf,RHCSA_Command_Library.pdf,malformed,,,path_not_command | weak_description,none
/path/to/module.ko,/path/to/module.ko,/path/to/module.ko,Bash,Sekcja Komend,/path/to/module.ko,12101,246,runtime/knowledge/source/linux_master_library_v1.pdf,RHCSA_Command_Library.pdf,malformed,,,path_not_command | weak_description,none
/path/to/script.sh,/path/to/script.sh,/path/to/script.sh,Bash,Sekcja Komend 246,/path/to/script.sh,12106,246,runtime/knowledge/source/linux_master_library_v1.pdf,RHCSA_Command_Library.pdf,malformed,,,path_not_command,none
/proc/net/sockstat,/proc/net/sockstat,/proc/net/sockstat,Bash,Command — klawisz : Tryb komend # Szukaj sowa pod kursorem (do tyu),/proc/net/sockstat,12116,247,runtime/knowledge/source/linux_master_library_v1.pdf,RHCSA_Command_Library.pdf,malformed,,,path_not_command,none
/sbin/init,/sbin/init,/sbin/init,Bash,"Po zamontowaniu root filesystem, jądro uruchamia (symlink do systemd). Systemd",/sbin/init,12121,247,runtime/knowledge/source/linux_master_library_v1.pdf,linux_engineering_book.md,malformed,,,path_not_command,none
/tmp,/tmp,/tmp,Bash,"• : Tworzy odizolowaną, prywatną przestrzeń nazw dla katalogów i , niewidoczną dla innych procesów w systemie. komendy",/tmp,12126,247,runtime/knowledge/source/linux_master_library_v1.pdf,RHCSA_Command_Library.pdf | encyklopedia_inzynierii_linux.html | encyklopedia_inzynierii_linux.pdf,malformed,command_index,/tmp,path_not_command,none
/tmp/cap.pcap,/tmp/cap.pcap,/tmp/cap.pcap,Bash,Komentarz Komentarz w skrypcie function myfunc() { Definicja funkcji,/tmp/cap.pcap,12132,247,runtime/knowledge/source/linux_master_library_v1.pdf,RHCSA_Command_Library.pdf,malformed,canonical+command_index,/tmp/cap.pcap,path_not_command,none
/usr,/usr,/usr,Bash,"• : Montuje całą strukturę katalogów systemowych (, , ) w tryb tylko do odczytu dla danej usługi.",/usr,12137,247,runtime/knowledge/source/linux_master_library_v1.pdf,encyklopedia_inzynierii_linux.html | encyklopedia_inzynierii_linux.pdf | komendy,malformed,,,path_not_command,none
/usr/bin/python3,/usr/bin/python3,/usr/bin/python3,Bash,Komentarz Komentarz w skrypcie function myfunc() { Definicja funkcji,/usr/bin/python3,12142,247,runtime/knowledge/source/linux_master_library_v1.pdf,RHCSA_Command_Library.pdf,malformed,,,path_not_command,none
/usr/sbin/sshd,/usr/sbin/sshd,/usr/sbin/sshd,Bash,Sekcja Komend,/usr/sbin/sshd,12147,247,runtime/knowledge/source/linux_master_library_v1.pdf,RHCSA_Command_Library.pdf,malformed,,,path_not_command | weak_description,none
/var,/var,/var,Bash,"Separate state from code: , vs . 247",/var,12152,247,runtime/knowledge/source/linux_master_library_v1.pdf,RHCSA_Command_Library.pdf | komendy,malformed,,,path_not_command,none
/var/log/auth.log,/var/log/auth.log,/var/log/auth.log,Bash,Sekcja Komend,/var/log/auth.log,12162,248,runtime/knowledge/source/linux_master_library_v1.pdf,RHCSA_Command_Library.pdf,malformed,,,path_not_command | weak_description,none
/var/log/boot.log,/var/log/boot.log,/var/log/boot.log,Bash,Sekcja Komend,/var/log/boot.log,12167,248,runtime/knowledge/source/linux_master_library_v1.pdf,RHCSA_Command_Library.pdf,malformed,,,path_not_command | weak_description,none
/var/log/journal,/var/log/journal,/var/log/journal,Bash,Persistent journal requires or existence.,/var/log/journal,12172,248,runtime/knowledge/source/linux_master_library_v1.pdf,komendy,malformed,,,path_not_command,none
/var/log/messages,/var/log/messages,/var/log/messages,Bash,Sekcja Komend,/var/log/messages,12177,248,runtime/knowledge/source/linux_master_library_v1.pdf,RHCSA_Command_Library.pdf,malformed,canonical+command_index,/var/log/messages,path_not_command | weak_description,none
/var/log/secure,/var/log/secure,/var/log/secure,Bash,Sekcja Komend,/var/log/secure,12182,248,runtime/knowledge/source/linux_master_library_v1.pdf,RHCSA_Command_Library.pdf,malformed,command_index,/var/log/secure,path_not_command | weak_description,none
/var/tmp,/var/tmp,/var/tmp,Bash,"• : Tworzy odizolowaną, prywatną przestrzeń nazw dla katalogów i , niewidoczną dla innych procesów w systemie.",/var/tmp,12187,248,runtime/knowledge/source/linux_master_library_v1.pdf,encyklopedia_inzynierii_linux.html | encyklopedia_inzynierii_linux.pdf,malformed,,,path_not_command,none
/var/www/html/file,/var/www/html/file,/var/www/html/file,Bash,Sekcja Komend,/var/www/html/file,12192,248,runtime/knowledge/source/linux_master_library_v1.pdf,RHCSA_Command_Library.pdf,malformed,,,path_not_command | weak_description,none
alias,alias,alias,Bash,Definiuje alias 248,alias ll='ls -la',12197,248,runtime/knowledge/source/linux_master_library_v1.pdf,LINUX COMMAND,duplicate_existing,canonical+command_index,alias,,high
alias ll='ls -alF',alias ll='ls -alF',alias,Bash,create alias. SAFE,alias ll='ls -alF',12207,249,runtime/knowledge/source/linux_master_library_v1.pdf,komendy,candidate,,,,high
alias rm='rm -i',alias rm='rm -i',alias,Bash,interactive remove. SAFE (user-level),alias rm='rm -i',12212,249,runtime/knowledge/source/linux_master_library_v1.pdf,komendy,candidate,,,,high
apropos,apropos,apropos,Bash,Wyszukiwanie w man pages,apropos firewall,12217,249,runtime/knowledge/source/linux_master_library_v1.pdf,LINUX COMMAND,candidate,,,,high
awk,awk,awk,Bash,Uruchomienie kontenera z pełnymi uprawnieniami roota hosta i dostępem do surowego systemu,awk '{print $1}' /etc/passwd | awk,12222,249,runtime/knowledge/source/linux_master_library_v1.pdf,LINUX COMMAND | encyklopedia_inzynierii_linux.pdf | komendy,duplicate_existing,command_index,awk,,high
awk '$3 > 100' file # filtruj po wartości,awk '$3 > 100' file # filtruj po wartości,awk,Bash,,awk — język przetwarzania tekstu | awk '$3 > 100' file # filtruj po wartości,12228,249,runtime/knowledge/source/linux_master_library_v1.pdf,linux_engineering_book.md | linux_engineering_book.pdf,candidate,,,,high
awk '/pattern/' file,awk '/pattern/' file,awk,Bash,Sekcja Komend,awk '/pattern/' file,12233,249,runtime/knowledge/source/linux_master_library_v1.pdf,RHCSA_Command_Library.pdf,duplicate_existing,canonical+command_index,awk '/pattern/' file,weak_description,high
awk 'END{print,awk 'END{print,awk,Bash,Sekcja Komend,awk 'END{print,12238,249,runtime/knowledge/source/linux_master_library_v1.pdf,RHCSA_Command_Library.pdf,candidate,,,weak_description,medium
awk 'NR==5' file,awk 'NR==5' file,awk,Bash,Sekcja Komend 249,awk 'NR==5' file,12243,249,runtime/knowledge/source/linux_master_library_v1.pdf,RHCSA_Command_Library.pdf,duplicate_existing,canonical+command_index,awk 'NR==5' file,,high
"awk 'NR==5,NR==10' file # linie 5-10","awk 'NR==5,NR==10' file # linie 5-10",awk,Bash,,"awk — język przetwarzania tekstu | awk 'NR==5,NR==10' file # linie 5-10",12253,250,runtime/knowledge/source/linux_master_library_v1.pdf,linux_engineering_book.md | linux_engineering_book.pdf,candidate,,,,high
awk 'NR>=5 &&,awk 'NR>=5 &&,awk,Bash,Sekcja Komend,awk 'NR>=5 &&,12258,250,runtime/knowledge/source/linux_master_library_v1.pdf,RHCSA_Command_Library.pdf,duplicate_existing,canonical+command_index,awk 'NR>=5 &&,weak_description,high
awk '{print,awk '{print,awk,Bash,Sekcja Komend,awk '{print,12263,250,runtime/knowledge/source/linux_master_library_v1.pdf,RHCSA_Command_Library.pdf,candidate,,,weak_description,medium
"awk '{print $1, $3}' file # kolumny 1 i","awk '{print $1, $3}' file # kolumny 1 i",awk,Bash,,"awk — język przetwarzania tekstu | awk '{print $1, $3}' file # kolumny 1 i 3",12268,250,runtime/knowledge/source/linux_master_library_v1.pdf,linux_engineering_book.md | linux_engineering_book.pdf,candidate,,,,high
awk '{print $1}',awk '{print $1}',awk,Bash,Sekcja Komend,awk '{print $1}',12273,250,runtime/knowledge/source/linux_master_library_v1.pdf,RHCSA_Command_Library.pdf,duplicate_existing,canonical+command_index,awk '{print $1}',weak_description,high
awk '{print $1}' file,awk '{print $1}' file,awk,Bash,first field. SAFE,awk '{print $1}' file,12278,250,runtime/knowledge/source/linux_master_library_v1.pdf,komendy,candidate,,,,high
awk '{print $NF}',awk '{print $NF}',awk,Bash,Sekcja Komend,awk '{print $NF}',12283,250,runtime/knowledge/source/linux_master_library_v1.pdf,RHCSA_Command_Library.pdf,duplicate_existing,canonical+command_index,awk '{print $NF}',weak_description,high
awk '{sum+=$1},awk '{sum+=$1},awk,Bash,sum column. SAFE 250,awk '{sum+=$1},12288,250,runtime/knowledge/source/linux_master_library_v1.pdf,RHCSA_Command_Library.pdf | komendy | linux_engineering_book.md | linux_engineering_book.pdf,duplicate_existing,canonical+command_index,awk '{sum+=$1},,high
"awk -F':' '{print $1 "" -> "" $6}' /etc/passwd","awk -F':' '{print $1 "" -> "" $6}' /etc/passwd",awk,Bash,podstawie zdefiniowanych kolumn i filtrów. * Przykład produkcyjny:,"awk -F':' '{print $1 "" -> "" $6}' /etc/passwd",12298,251,runtime/knowledge/source/linux_master_library_v1.pdf,encyklopedia_inzynierii_linux.html | encyklopedia_inzynierii_linux.pdf,candidate,,,,high
awk -F: '$3 >= 1000 {print $1}' /etc/passwd,awk -F: '$3 >= 1000 {print $1}' /etc/passwd,awk,Bash,filter by field. SAFE,awk -F: '$3 >= 1000 {print $1}' /etc/passwd,12303,251,runtime/knowledge/source/linux_master_library_v1.pdf,komendy,candidate,,,,high
awk -F: '{print $1}',awk -F: '{print $1}',awk,Bash,Sekcja Komend,awk -F: '{print $1}',12308,251,runtime/knowledge/source/linux_master_library_v1.pdf,RHCSA_Command_Library.pdf,duplicate_existing,canonical+command_index,awk -F: '{print $1}',weak_description,high
awk -F: '{print $1}' /etc/passwd # separator :,awk -F: '{print $1}' /etc/passwd # separator :,awk,Bash,,awk — język przetwarzania tekstu | awk -F: '{print $1}' /etc/passwd # separator :,12313,251,runtime/knowledge/source/linux_master_library_v1.pdf,linux_engineering_book.md | linux_engineering_book.pdf,candidate,,,,high
awk -v,awk -v,awk,Bash,Sekcja Komend,awk -v,12318,251,runtime/knowledge/source/linux_master_library_v1.pdf,RHCSA_Command_Library.pdf,candidate,,,weak_description,medium
base64,base64,base64,Bash,Koduje/dekoduje base64,base64 file.txt,12323,251,runtime/knowledge/source/linux_master_library_v1.pdf,LINUX COMMAND,candidate,,,,high
base64 -d file.b64,base64 -d file.b64,base64,Bash,Komentarz Komentarz w skrypcie function myfunc() { Definicja funkcji,base64 -d file.b64,12328,251,runtime/knowledge/source/linux_master_library_v1.pdf,RHCSA_Command_Library.pdf,candidate,,,,high
base64 file.bin,base64 file.bin,base64,Bash,Komentarz Komentarz w skrypcie function myfunc() { Definicja funkcji 251,base64 file.bin,12333,251,runtime/knowledge/source/linux_master_library_v1.pdf,RHCSA_Command_Library.pdf,candidate,,,,high
bash,bash,bash,Bash,"3. Warstwa Użytkownika (User Space): Biblioteka standardowa C (), menedżer systemu i usług (), powłoka wykonawcza () oraz aplikacje użytkownika.",bash script.sh | bash,12343,252,runtime/knowledge/source/linux_master_library_v1.pdf,LINUX COMMAND | encyklopedia_inzynierii_linux.html | encyklopedia_inzynierii_linux.pdf,duplicate_existing,canonical+command_index,bash,,high
bash -c 'command',bash -c 'command',bash,Bash,Sekcja Komend,bash -c 'command',12350,252,runtime/knowledge/source/linux_master_library_v1.pdf,RHCSA_Command_Library.pdf,candidate,,,weak_description,medium
bash -n script.sh,bash -n script.sh,bash,Bash,Sekcja Komend,bash -n script.sh,12355,252,runtime/knowledge/source/linux_master_library_v1.pdf,RHCSA_Command_Library.pdf,candidate,,,weak_description,medium
bash -v script.sh,bash -v script.sh,bash,Bash,Sekcja Komend,bash -v script.sh,12360,252,runtime/knowledge/source/linux_master_library_v1.pdf,RHCSA_Command_Library.pdf,candidate,,,weak_description,medium
bash -x script.sh,bash -x script.sh,bash,Bash,Sekcja Komend,bash -x script.sh,12365,252,runtime/knowledge/source/linux_master_library_v1.pdf,RHCSA_Command_Library.pdf,candidate,,,weak_description,medium
bash -x script.sh # trace,bash -x script.sh # trace,bash,Bash,28.1 Bash — Zaawansowane Techniki,bash -x script.sh # trace,12370,252,runtime/knowledge/source/linux_master_library_v1.pdf,linux_engineering_book.md | linux_engineering_book.pdf,candidate,,,,high
bash es --set,bash es --set,bash,Bash,Komentarz Komentarz w skrypcie function myfunc() { Definicja funkcji,bash es --set,12375,252,runtime/knowledge/source/linux_master_library_v1.pdf,RHCSA_Command_Library.pdf,candidate,,,,high
bash script.sh,bash script.sh,bash,Bash,Komentarz Komentarz w skrypcie function myfunc() { Definicja funkcji 252,bash script.sh,12380,252,runtime/knowledge/source/linux_master_library_v1.pdf,RHCSA_Command_Library.pdf,candidate,,,,high
break,break,break,Bash,Komentarz Komentarz w skrypcie function myfunc() { Definicja funkcji,break,12390,,runtime/knowledge/source/linux_master_library_v1.pdf,LINUX COMMAND | RHCSA_Command_Library.pdf,duplicate_existing,canonical+command_index,break,,high
bunzip2,bunzip2,bunzip2,Bash,Dekompresuje bzip2,bunzip2 file.txt.bz2,12395,,runtime/knowledge/source/linux_master_library_v1.pdf,LINUX COMMAND,candidate,,,,high
bzcat,bzcat,bzcat,Bash,Wyświetla bzip2,bzcat file.txt.bz2,12400,,runtime/knowledge/source/linux_master_library_v1.pdf,LINUX COMMAND,candidate,,,,high
bzip2,bzip2,bzip2,Bash,Kompresuje bzip2,bzip2 file.txt,12405,,runtime/knowledge/source/linux_master_library_v1.pdf,LINUX COMMAND,candidate,,,,high
bzip2 -d file.bz2,bzip2 -d file.bz2,bzip2,Bash,Sekcja Komend,bzip2 -d file.bz2,12410,,runtime/knowledge/source/linux_master_library_v1.pdf,RHCSA_Command_Library.pdf,candidate,,,weak_description,medium
bzip2 file,bzip2 file,bzip2,Bash,Sekcja Komend,bzip2 file,12415,,runtime/knowledge/source/linux_master_library_v1.pdf,RHCSA_Command_Library.pdf,candidate,,,weak_description,medium
cal,cal,cal,Bash,Kalendarz,cal -3,12420,,runtime/knowledge/source/linux_master_library_v1.pdf,LINUX COMMAND,candidate,,,,high
clear,clear,clear,Bash,Czyści ekran 253,clear,12425,,runtime/knowledge/source/linux_master_library_v1.pdf,LINUX COMMAND,candidate,,,,high
column,column,column,Bash,Formatuje w kolumny,column -t file.txt,12435,,runtime/knowledge/source/linux_master_library_v1.pdf,LINUX COMMAND,duplicate_existing,command_index,column,,high
"column -t -s',' file.csv","column -t -s',' file.csv",column,Bash,table format. SAFE,"column -t -s',' file.csv",12440,,runtime/knowledge/source/linux_master_library_v1.pdf,komendy,candidate,,,,high
comm,comm,comm,Bash,Porównuje posortowane pliki,comm -12 file1 file2,12445,,runtime/knowledge/source/linux_master_library_v1.pdf,LINUX COMMAND,candidate,,,,high
comm -12 <(sort a) <(sort b),comm -12 <(sort a) <(sort b),comm,Bash,common lines. SAFE,comm -12 <(sort a) <(sort b),12450,,runtime/knowledge/source/linux_master_library_v1.pdf,komendy,candidate,,,,high
continue,continue,continue,Bash,Komentarz Komentarz w skrypcie function myfunc() { Definicja funkcji,continue,12455,,runtime/knowledge/source/linux_master_library_v1.pdf,LINUX COMMAND | RHCSA_Command_Library.pdf,duplicate_existing,canonical+command_index,continue,,high
cpio,cpio,cpio,Bash,Archiwizacja (np. initrd) find . \,,12460,,runtime/knowledge/source/linux_master_library_v1.pdf,LINUX COMMAND,candidate,,,,high
cpio -idmv,cpio -idmv,cpio,Bash,Sekcja Komend,cpio -idmv,12465,,runtime/knowledge/source/linux_master_library_v1.pdf,RHCSA_Command_Library.pdf,candidate,,,weak_description,medium
cpio -o >,cpio -o >,cpio,Bash,Sekcja Komend 254,cpio -o >,12470,,runtime/knowledge/source/linux_master_library_v1.pdf,RHCSA_Command_Library.pdf,candidate,,,,high
cut,cut,cut,Bash,Wycina fragmenty linii,cut -d: -f1 /etc/passwd,12480,,runtime/knowledge/source/linux_master_library_v1.pdf,LINUX COMMAND,candidate,,,,high
cut -d: -f1 /etc/passwd,cut -d: -f1 /etc/passwd,cut,Bash,delimiter field cut. SAFE,cut -d: -f1 /etc/passwd,12485,,runtime/knowledge/source/linux_master_library_v1.pdf,komendy,candidate,,,,high
cut -d: -f1 /etc/passwd # wytnij pole,cut -d: -f1 /etc/passwd # wytnij pole,cut,Bash,10.4 Przetwarzanie Tekstu,cut -d: -f1 /etc/passwd # wytnij pole 1,12490,,runtime/knowledge/source/linux_master_library_v1.pdf,linux_engineering_book.md | linux_engineering_book.pdf,candidate,,,,high
date,date,date,Bash,Data i czas,"date +""%Y-%m-%d %H:%M""",12495,,runtime/knowledge/source/linux_master_library_v1.pdf,LINUX COMMAND,duplicate_existing,canonical+command_index,date,,high
date -s,date -s,date,Bash,Ustawia datę,"date -s ""2026-05-24 10:00:00""",12500,,runtime/knowledge/source/linux_master_library_v1.pdf,LINUX COMMAND,candidate,,,,high
declare,declare,declare,Bash,Deklaruje zmienne,declare -i num=5,12505,,runtime/knowledge/source/linux_master_library_v1.pdf,LINUX COMMAND,candidate,,,,high
declare -A,declare -A,declare,Bash,Sekcja Komend,declare -A,12510,,runtime/knowledge/source/linux_master_library_v1.pdf,RHCSA_Command_Library.pdf,candidate,,,weak_description,medium
declare -A assoc,declare -A assoc,declare,Bash,associative array. SAFE 255,declare -A assoc,12515,,runtime/knowledge/source/linux_master_library_v1.pdf,komendy,candidate,,,,high
declare -A map,declare -A map,declare,Bash,10.1 Bash — Podstawy,declare -A map,12525,,runtime/knowledge/source/linux_master_library_v1.pdf,linux_engineering_book.md | linux_engineering_book.pdf,candidate,,,,high
declare -a,declare -a,declare,Bash,Sekcja Komend,declare -a,12530,,runtime/knowledge/source/linux_master_library_v1.pdf,RHCSA_Command_Library.pdf,candidate,,,weak_description,medium
declare -i,declare -i,declare,Bash,Sekcja Komend,declare -i,12535,,runtime/knowledge/source/linux_master_library_v1.pdf,RHCSA_Command_Library.pdf,candidate,,,weak_description,medium
declare -i num,declare -i num,declare,Bash,integer. SAFE,declare -i num,12540,,runtime/knowledge/source/linux_master_library_v1.pdf,komendy,candidate,,,,high
declare -p,declare -p,declare,Bash,Sekcja Komend,declare -p,12545,,runtime/knowledge/source/linux_master_library_v1.pdf,RHCSA_Command_Library.pdf,candidate,,,weak_description,medium
declare -r,declare -r,declare,Bash,Sekcja Komend,declare -r,12550,,runtime/knowledge/source/linux_master_library_v1.pdf,RHCSA_Command_Library.pdf,candidate,,,weak_description,medium
declare -x,declare -x,declare,Bash,Sekcja Komend,declare -x,12555,,runtime/knowledge/source/linux_master_library_v1.pdf,RHCSA_Command_Library.pdf,candidate,,,weak_description,medium
echo,echo,echo,Bash,Require or preview for commands. 256,echo $PATH | echo,12560,,runtime/knowledge/source/linux_master_library_v1.pdf,LINUX COMMAND | komendy,duplicate_existing,command_index,echo,,high
"echo ""$line""","echo ""$line""",echo,Bash,10.2 Struktury Kontrolne,"echo ""$line""",12571,,runtime/knowledge/source/linux_master_library_v1.pdf,linux_engineering_book.md | linux_engineering_book.pdf,candidate,,,,high
"echo ""$var""","echo ""$var""",echo,Bash,Use instead of for arbitrary data.,"echo ""$var""",12576,,runtime/knowledge/source/linux_master_library_v1.pdf,komendy,candidate,,,,high
"echo ""- - -"" > /sys/class/scsi_host/host0/scan","echo ""- - -"" > /sys/class/scsi_host/host0/scan",echo,Bash,Skanowanie magistrali SCSI w celu wykrycia nowo przypisanych jednostek LUN lub dysków NVMe,"echo ""- - -"" > /sys/class/scsi_host/host0/scan",12581,,runtime/knowledge/source/linux_master_library_v1.pdf,encyklopedia_inzynierii_linux.html | encyklopedia_inzynierii_linux.pdf,candidate,,,,high
"echo ""1 2 3""","echo ""1 2 3""",echo,Bash,xargs -n1 # po jednym argumencie,"echo ""1 2 3""",12586,,runtime/knowledge/source/linux_master_library_v1.pdf,linux_engineering_book.pdf,candidate,,,,high
"echo ""1 2 3"" | xargs -n1 # po jednym argumencie","echo ""1 2 3"" | xargs -n1 # po jednym argumencie",echo,Bash,10.4 Przetwarzanie Tekstu,"echo ""1 2 3"" | xargs -n1 # po jednym argumencie",12591,,runtime/knowledge/source/linux_master_library_v1.pdf,linux_engineering_book.md,candidate,,,,high
"echo ""100000 100000"" > /sys/fs/cgroup/mygroup/cpu.max # 100%","echo ""100000 100000"" > /sys/fs/cgroup/mygroup/cpu.max # 100%",echo,Bash,4.6 Cgroups (Control Groups),"echo ""100000 100000"" > /sys/fs/cgroup/mygroup/cpu.max # 100% 1",12596,,runtime/knowledge/source/linux_master_library_v1.pdf,linux_engineering_book.md | linux_engineering_book.pdf,candidate,,,,high
"echo ""50"" > /sys/fs/cgroup/mygroup/pids.max # max 50 procesów","echo ""50"" > /sys/fs/cgroup/mygroup/pids.max # max 50 procesów",echo,Bash,4.6 Cgroups (Control Groups),"echo ""50"" > /sys/fs/cgroup/mygroup/pids.max # max 50 procesów",12601,,runtime/knowledge/source/linux_master_library_v1.pdf,linux_engineering_book.md | linux_engineering_book.pdf,candidate,,,,high
"echo ""50000 100000"" > /sys/fs/cgroup/mygroup/cpu.max","echo ""50000 100000"" > /sys/fs/cgroup/mygroup/cpu.max",echo,Bash,25.2 Cgroups v2 — Zaawansowane 257,"echo ""50000 100000"" > /sys/fs/cgroup/mygroup/cpu.max",12606,,runtime/knowledge/source/linux_master_library_v1.pdf,linux_engineering_book.md | linux_engineering_book.pdf,candidate,,,,high
"echo ""536870912"" > /sys/fs/cgroup/mygroup/memory.max # 512MB","echo ""536870912"" > /sys/fs/cgroup/mygroup/memory.max # 512MB",echo,Bash,4.6 Cgroups (Control Groups),"echo ""536870912"" > /sys/fs/cgroup/mygroup/memory.max # 512MB",12616,,runtime/knowledge/source/linux_master_library_v1.pdf,linux_engineering_book.md | linux_engineering_book.pdf,candidate,,,,high
"echo ""8:0 rbps=1048576 wbps=1048576"" > /sys/fs/cgroup/mygroup/io.max","echo ""8:0 rbps=1048576 wbps=1048576"" > /sys/fs/cgroup/mygroup/io.max",echo,Bash,25.2 Cgroups v2 — Zaawansowane,"echo ""8:0 rbps=1048576 wbps=1048576"" > /sys/fs/cgroup/mygroup/io.max",12621,,runtime/knowledge/source/linux_master_library_v1.pdf,linux_engineering_book.md | linux_engineering_book.pdf,candidate,,,,high
"echo ""Cleaned up""","echo ""Cleaned up""",echo,Bash,10.3 Funkcje,"echo ""Cleaned up""",12626,,runtime/knowledge/source/linux_master_library_v1.pdf,linux_engineering_book.md | linux_engineering_book.pdf,candidate,,,,high
"echo ""Hello $NAME""","echo ""Hello $NAME""",echo,Bash,10.1 Bash — Podstawy,"echo ""Hello $NAME""",12631,,runtime/knowledge/source/linux_master_library_v1.pdf,linux_engineering_book.md | linux_engineering_book.pdf,candidate,,,,high
"echo ""Hello, $name""","echo ""Hello, $name""",echo,Bash,10.3 Funkcje,"echo ""Hello, $name""",12636,,runtime/knowledge/source/linux_master_library_v1.pdf,linux_engineering_book.md | linux_engineering_book.pdf,candidate,,,,high
"echo ""Processing: $file""","echo ""Processing: $file""",echo,Bash,10.2 Struktury Kontrolne,"echo ""Processing: $file""",12641,,runtime/knowledge/source/linux_master_library_v1.pdf,linux_engineering_book.md | linux_engineering_book.pdf,candidate,,,,high
"echo ""Value: $VAR""","echo ""Value: $VAR""",echo,Bash,Komentarz Komentarz w skrypcie function myfunc() { Definicja funkcji,"echo ""Value: $VAR""",12646,,runtime/knowledge/source/linux_master_library_v1.pdf,RHCSA_Command_Library.pdf,duplicate_existing,canonical+command_index,"echo ""Value: $VAR""",,high
"echo ""Wersja: ${BASH_VERSION}""","echo ""Wersja: ${BASH_VERSION}""",echo,Bash,10.1 Bash — Podstawy 258,"echo ""Wersja: ${BASH_VERSION}""",12651,,runtime/knowledge/source/linux_master_library_v1.pdf,linux_engineering_book.md | linux_engineering_book.pdf,candidate,,,,high
"echo ""hello"" >&${myproc[1]}","echo ""hello"" >&${myproc[1]}",echo,Bash,10.5 Zaawansowany Bash,"echo ""hello"" >&${myproc[1]}",12661,,runtime/knowledge/source/linux_master_library_v1.pdf,linux_engineering_book.md | linux_engineering_book.pdf,candidate,,,,high
"echo ""log entry"" >&3","echo ""log entry"" >&3",echo,Bash,28.1 Bash — Zaawansowane Techniki,"echo ""log entry"" >&3",12666,,runtime/knowledge/source/linux_master_library_v1.pdf,linux_engineering_book.md | linux_engineering_book.pdf,candidate,,,,high
"echo ""mniejsze""","echo ""mniejsze""",echo,Bash,10.2 Struktury Kontrolne,"echo ""mniejsze""",12671,,runtime/knowledge/source/linux_master_library_v1.pdf,linux_engineering_book.md | linux_engineering_book.pdf,candidate,,,,high
"echo ""mq-deadline"" > /sys/block/sda/queue/scheduler","echo ""mq-deadline"" > /sys/block/sda/queue/scheduler",echo,Bash,14.4 Tuning Systemowy,"echo ""mq-deadline"" > /sys/block/sda/queue/scheduler",12676,,runtime/knowledge/source/linux_master_library_v1.pdf,linux_engineering_book.md | linux_engineering_book.pdf,candidate,,,,high
"echo ""performance""","echo ""performance""",echo,Bash,tee,"echo ""performance""",12681,,runtime/knowledge/source/linux_master_library_v1.pdf,linux_engineering_book.pdf,candidate,,,,high
"echo ""performance"" | tee /sys/devices/system/cpu/cpu*/cpufreq/scaling_governor","echo ""performance"" | tee /sys/devices/system/cpu/cpu*/cpufreq/scaling_governor",echo,Bash,14.4 Tuning Systemowy,"echo ""performance"" | tee /sys/devices/system/cpu/cpu*/cpufreq/scaling_governor",12686,,runtime/knowledge/source/linux_master_library_v1.pdf,linux_engineering_book.md,candidate,,,,high
"echo ""równe""","echo ""równe""",echo,Bash,10.2 Struktury Kontrolne,"echo ""równe""",12691,,runtime/knowledge/source/linux_master_library_v1.pdf,linux_engineering_book.md | linux_engineering_book.pdf,candidate,,,,high
"echo ""vm.swappiness = 10"" >> /etc/sysctl.d/99-sys-perf.conf","echo ""vm.swappiness = 10"" >> /etc/sysctl.d/99-sys-perf.conf",echo,Bash,Zapewnienie trwałości konfiguracji po restarcie systemu poprzez wpis w katalogu sysctl.d 259,"echo ""vm.swappiness = 10"" >> /etc/sysctl.d/99-sys-perf.conf",12696,,runtime/knowledge/source/linux_master_library_v1.pdf,encyklopedia_inzynierii_linux.html | encyklopedia_inzynierii_linux.pdf,candidate,,,,high
"echo ""vm.swappiness=10"" >> /etc/sysctl.conf","echo ""vm.swappiness=10"" >> /etc/sysctl.conf",echo,Bash,"Kontrola swappiness (0-200, domyślnie 60)","echo ""vm.swappiness=10"" >> /etc/sysctl.conf",12706,,runtime/knowledge/source/linux_master_library_v1.pdf,linux_engineering_book.md | linux_engineering_book.pdf,candidate,,,,high
"echo ""większe""","echo ""większe""",echo,Bash,10.2 Struktury Kontrolne,"echo ""większe""",12711,,runtime/knowledge/source/linux_master_library_v1.pdf,linux_engineering_book.md | linux_engineering_book.pdf,candidate,,,,high
echo $((2**10)) # potęgowanie,echo $((2**10)) # potęgowanie,echo,Bash,10.5 Zaawansowany Bash,echo $((2**10)) # potęgowanie,12716,,runtime/knowledge/source/linux_master_library_v1.pdf,linux_engineering_book.md | linux_engineering_book.pdf,candidate,,,,high
echo $((RANDOM %,echo $((RANDOM %,echo,Bash,.name’ Iteruj po tablicy JSON,echo $((RANDOM %,12721,,runtime/knowledge/source/linux_master_library_v1.pdf,RHCSA_Command_Library.pdf,duplicate_existing,canonical+command_index,echo $((RANDOM %,,high
echo $PID > /sys/fs/cgroup/mygroup/cgroup.procs,echo $PID > /sys/fs/cgroup/mygroup/cgroup.procs,echo,Bash,4.6 Cgroups (Control Groups),echo $PID > /sys/fs/cgroup/mygroup/cgroup.procs,12726,,runtime/knowledge/source/linux_master_library_v1.pdf,linux_engineering_book.md | linux_engineering_book.pdf,candidate,,,,high
echo $VARIABLE,echo $VARIABLE,echo,Bash,Sekcja Komend,echo $VARIABLE,12731,,runtime/knowledge/source/linux_master_library_v1.pdf,RHCSA_Command_Library.pdf,duplicate_existing,canonical+command_index,echo $VARIABLE,weak_description,high
echo $i,echo $i,echo,Bash,10.2 Struktury Kontrolne,echo $i,12736,,runtime/knowledge/source/linux_master_library_v1.pdf,linux_engineering_book.md | linux_engineering_book.pdf,candidate,,,,high
echo ${!map[@]} # wszystkie klucze,echo ${!map[@]} # wszystkie klucze,echo,Bash,10.1 Bash — Podstawy 260,echo ${!map[@]} # wszystkie klucze,12741,,runtime/knowledge/source/linux_master_library_v1.pdf,linux_engineering_book.md | linux_engineering_book.pdf,candidate,,,,high
echo ${#ARRAY[@]},echo ${#ARRAY[@]},echo,Bash,Sekcja Komend,echo ${#ARRAY[@]},12751,,runtime/knowledge/source/linux_master_library_v1.pdf,RHCSA_Command_Library.pdf,duplicate_existing,canonical+command_index,echo ${#ARRAY[@]},weak_description,high
echo ${#arr[@]} # długość tablicy,echo ${#arr[@]} # długość tablicy,echo,Bash,10.1 Bash — Podstawy,echo ${#arr[@]} # długość tablicy,12756,,runtime/knowledge/source/linux_master_library_v1.pdf,linux_engineering_book.md | linux_engineering_book.pdf,candidate,,,,high
echo ${ARRAY[0]},echo ${ARRAY[0]},echo,Bash,Sekcja Komend,echo ${ARRAY[0]},12761,,runtime/knowledge/source/linux_master_library_v1.pdf,RHCSA_Command_Library.pdf,duplicate_existing,canonical+command_index,echo ${ARRAY[0]},weak_description,high
echo ${ARRAY[@]},echo ${ARRAY[@]},echo,Bash,Sekcja Komend,echo ${ARRAY[@]},12766,,runtime/knowledge/source/linux_master_library_v1.pdf,RHCSA_Command_Library.pdf,duplicate_existing,canonical+command_index,echo ${ARRAY[@]},weak_description,high
echo ${arr[0]} # pierwszy element,echo ${arr[0]} # pierwszy element,echo,Bash,10.1 Bash — Podstawy,echo ${arr[0]} # pierwszy element,12771,,runtime/knowledge/source/linux_master_library_v1.pdf,linux_engineering_book.md | linux_engineering_book.pdf,candidate,,,,high
echo ${arr[@]} # wszystkie elementy,echo ${arr[@]} # wszystkie elementy,echo,Bash,10.1 Bash — Podstawy,echo ${arr[@]} # wszystkie elementy,12776,,runtime/knowledge/source/linux_master_library_v1.pdf,linux_engineering_book.md | linux_engineering_book.pdf,candidate,,,,high
echo ${map[key1]},echo ${map[key1]},echo,Bash,10.1 Bash — Podstawy,echo ${map[key1]},12781,,runtime/knowledge/source/linux_master_library_v1.pdf,linux_engineering_book.md | linux_engineering_book.pdf,candidate,,,,high
echo '/swapfile none swap sw 0 0' >> /etc/fstab,echo '/swapfile none swap sw 0 0' >> /etc/fstab,echo,Bash,Trwałe dodanie (fstab) 261,echo '/swapfile none swap sw 0 0' >> /etc/fstab,12786,,runtime/knowledge/source/linux_master_library_v1.pdf,linux_engineering_book.md | linux_engineering_book.pdf,candidate,,,,high
echo -1000 > /proc/[pid]/oom_score_adj,echo -1000 > /proc/[pid]/oom_score_adj,echo,Bash,Ochrona procesu przed OOM,echo -1000 > /proc/[pid]/oom_score_adj,12796,,runtime/knowledge/source/linux_master_library_v1.pdf,linux_engineering_book.md | linux_engineering_book.pdf,candidate,,,,high
echo 0 > tracing_on,echo 0 > tracing_on,echo,Bash,15.2 Diagnostyka Jądra,echo 0 > tracing_on,12801,,runtime/knowledge/source/linux_master_library_v1.pdf,linux_engineering_book.md | linux_engineering_book.pdf,candidate,,,,high
echo 1 > /proc/sys/kernel/sysrq,echo 1 > /proc/sys/kernel/sysrq,echo,Bash,Aktywacja obsługi wszystkich poleceń SysRq w jądrze,echo 1 > /proc/sys/kernel/sysrq,12806,,runtime/knowledge/source/linux_master_library_v1.pdf,encyklopedia_inzynierii_linux.html | encyklopedia_inzynierii_linux.pdf,candidate,,,,high
echo 1 > /proc/sys/net/ipv4/ip_forward,echo 1 > /proc/sys/net/ipv4/ip_forward,echo,Bash,iptables (legacy),echo 1 > /proc/sys/net/ipv4/ip_forward,12811,,runtime/knowledge/source/linux_master_library_v1.pdf,linux_engineering_book.md | linux_engineering_book.pdf,candidate,,,,high
echo 1 > tracing_on,echo 1 > tracing_on,echo,Bash,15.2 Diagnostyka Jądra,echo 1 > tracing_on,12816,,runtime/knowledge/source/linux_master_library_v1.pdf,linux_engineering_book.md | linux_engineering_book.pdf,candidate,,,,high
echo 1024 > /proc/sys/vm/nr_hugepages # zarezerwuj 1024 huge pages,echo 1024 > /proc/sys/vm/nr_hugepages # zarezerwuj 1024 huge pages,echo,Bash,5.2 Strony Pamięci,echo 1024 > /proc/sys/vm/nr_hugepages # zarezerwuj 1024 huge pages,12821,,runtime/knowledge/source/linux_master_library_v1.pdf,linux_engineering_book.md | linux_engineering_book.pdf,candidate,,,,high
echo b > /proc/sysrq-trigger #,echo b > /proc/sysrq-trigger #,echo,Bash,"Sekwencja REISUB (Synchronizacja dysków, Odmontowanie, Natychmiastowy restart)",echo b > /proc/sysrq-trigger #,12826,,runtime/knowledge/source/linux_master_library_v1.pdf,encyklopedia_inzynierii_linux.html | encyklopedia_inzynierii_linux.pdf,candidate,,,,high
echo file{1..3}.txt file1.txt file2.txt file3.txt jq '.' file.json,echo file{1..3}.txt file1.txt file2.txt file3.txt jq '.' file.json,echo,Bash,Komentarz Komentarz w skrypcie function myfunc() { Definicja funkcji 262,echo file{1..3}.txt file1.txt file2.txt file3.txt jq '.' file.json,12831,,runtime/knowledge/source/linux_master_library_v1.pdf,RHCSA_Command_Library.pdf,candidate,,,,high
echo function > current_tracer,echo function > current_tracer,echo,Bash,15.2 Diagnostyka Jądra,echo function > current_tracer,12841,,runtime/knowledge/source/linux_master_library_v1.pdf,linux_engineering_book.md | linux_engineering_book.pdf,candidate,,,,high
echo madvise > /sys/kernel/mm/transparent_hugepage/enabled,echo madvise > /sys/kernel/mm/transparent_hugepage/enabled,echo,Bash,Transparent Huge Pages,echo madvise > /sys/kernel/mm/transparent_hugepage/enabled,12846,,runtime/knowledge/source/linux_master_library_v1.pdf,linux_engineering_book.md | linux_engineering_book.pdf,candidate,,,,high
"echo rm -rf ""$VAR""","echo rm -rf ""$VAR""",echo,Bash,print command before execution. SAFE,"echo rm -rf ""$VAR""",12851,,runtime/knowledge/source/linux_master_library_v1.pdf,komendy,candidate,,,,high
echo s > /proc/sysrq-trigger #,echo s > /proc/sysrq-trigger #,echo,Bash,"Sekwencja REISUB (Synchronizacja dysków, Odmontowanie, Natychmiastowy restart)",echo s > /proc/sysrq-trigger #,12856,,runtime/knowledge/source/linux_master_library_v1.pdf,encyklopedia_inzynierii_linux.html | encyklopedia_inzynierii_linux.pdf,candidate,,,,high
echo u > /proc/sysrq-trigger #,echo u > /proc/sysrq-trigger #,echo,Bash,"Sekwencja REISUB (Synchronizacja dysków, Odmontowanie, Natychmiastowy restart)",echo u > /proc/sysrq-trigger #,12861,,runtime/knowledge/source/linux_master_library_v1.pdf,encyklopedia_inzynierii_linux.html | encyklopedia_inzynierii_linux.pdf,candidate,,,,high
echo {1..5},echo {1..5},echo,Bash,Komentarz Komentarz w skrypcie function myfunc() { Definicja funkcji,echo {1..5},12866,,runtime/knowledge/source/linux_master_library_v1.pdf,RHCSA_Command_Library.pdf,duplicate_existing,canonical+command_index,echo {1..5},,high
"echo {a,b,c}.log a.log b.log c.log jq '.key' file.json","echo {a,b,c}.log a.log b.log c.log jq '.key' file.json",echo,Bash,Komentarz Komentarz w skrypcie function myfunc() { Definicja funkcji,"echo {a,b,c}.log a.log b.log c.log jq '.key' file.json",12871,,runtime/knowledge/source/linux_master_library_v1.pdf,RHCSA_Command_Library.pdf,candidate,,,,high
emacs,emacs,emacs,Bash,Edytor Emacs 263,emacs file.txt,12876,,runtime/knowledge/source/linux_master_library_v1.pdf,LINUX COMMAND,candidate,,,,high
env,env,env,Bash,display environment. SAFE,env \ | env,12886,,runtime/knowledge/source/linux_master_library_v1.pdf,LINUX COMMAND | RHCSA_Command_Library.pdf | komendy,duplicate_existing,canonical+command_index,env,,high
exit,exit,exit,Bash,Kończy skrypt,exit 1,12892,,runtime/knowledge/source/linux_master_library_v1.pdf,LINUX COMMAND,candidate,,,,high
expand,expand,expand,Bash,Zamienia tabulatory na spacje,expand file.txt,12897,,runtime/knowledge/source/linux_master_library_v1.pdf,LINUX COMMAND,candidate,,,,high
export,export,export,Bash,set env var. SAFE,export,12902,,runtime/knowledge/source/linux_master_library_v1.pdf,LINUX COMMAND | RHCSA_Command_Library.pdf | komendy,candidate,,,,high
export conn > user@example.com,export conn > user@example.com,export,Bash,Komentarz Komentarz w skrypcie function myfunc() { Definicja funkcji,export conn > user@example.com,12907,,runtime/knowledge/source/linux_master_library_v1.pdf,RHCSA_Command_Library.pdf,candidate,,,,high
fmt,fmt,fmt,Bash,Formatuje akapity,fmt -w 80 file.txt,12912,,runtime/knowledge/source/linux_master_library_v1.pdf,LINUX COMMAND,candidate,,,,high
fold,fold,fold,Bash,Zawija długie linie,fold -w 80 file.txt,12917,,runtime/knowledge/source/linux_master_library_v1.pdf,LINUX COMMAND,candidate,,,,high
getopts,getopts,getopts,Bash,Parsuje opcje 264,getopts,12922,,runtime/knowledge/source/linux_master_library_v1.pdf,LINUX COMMAND,candidate,,,,high
"getopts ""a:b"" opt","getopts ""a:b"" opt",getopts,Bash,parse short options. SAFE,"getopts ""a:b"" opt",12932,,runtime/knowledge/source/linux_master_library_v1.pdf,komendy,candidate,,,,high
grep,grep,grep,Bash,Wyszukiwanie wzorca w tekście,"grep ""root"" /etc/passwd | grep",12937,,runtime/knowledge/source/linux_master_library_v1.pdf,LINUX COMMAND | RHCSA_Command_Library.pdf | komendy,duplicate_existing,canonical+command_index,grep,,high
"grep ""pattern"" <<< ""$variable""","grep ""pattern"" <<< ""$variable""",grep,Bash,10.5 Zaawansowany Bash,"grep ""pattern"" <<< ""$variable""",12943,,runtime/knowledge/source/linux_master_library_v1.pdf,linux_engineering_book.md | linux_engineering_book.pdf,candidate,,,,high
grep '/etc',grep '/etc',grep,Bash,Sekcja Komend,grep '/etc',12948,,runtime/knowledge/source/linux_master_library_v1.pdf,RHCSA_Command_Library.pdf,candidate,,,weak_description,medium
grep 'Accepted',grep 'Accepted',grep,Bash,Sekcja Komend,grep 'Accepted',12953,,runtime/knowledge/source/linux_master_library_v1.pdf,RHCSA_Command_Library.pdf,duplicate_existing,canonical+command_index,grep 'Accepted',weak_description,high
grep 'Failed,grep 'Failed,grep,Bash,Sekcja Komend,grep 'Failed,12958,,runtime/knowledge/source/linux_master_library_v1.pdf,RHCSA_Command_Library.pdf,duplicate_existing,canonical+command_index,grep 'Failed,weak_description,high
grep 'pattern' file,grep 'pattern' file,grep,Bash,Sekcja Komend,grep 'pattern' file,12963,,runtime/knowledge/source/linux_master_library_v1.pdf,RHCSA_Command_Library.pdf,duplicate_existing,canonical+command_index,grep 'pattern' file,weak_description,high
grep -A 3 'pattern',grep -A 3 'pattern',grep,Bash,Sekcja Komend 265,grep -A 3 'pattern',12968,,runtime/knowledge/source/linux_master_library_v1.pdf,RHCSA_Command_Library.pdf,duplicate_existing,canonical+command_index,grep -A 3 'pattern',,high
grep -B 3 'pattern',grep -B 3 'pattern',grep,Bash,Sekcja Komend,grep -B 3 'pattern',12978,,runtime/knowledge/source/linux_master_library_v1.pdf,RHCSA_Command_Library.pdf,duplicate_existing,canonical+command_index,grep -B 3 'pattern',weak_description,high
grep -C 3 'pattern',grep -C 3 'pattern',grep,Bash,Sekcja Komend,grep -C 3 'pattern',12983,,runtime/knowledge/source/linux_master_library_v1.pdf,RHCSA_Command_Library.pdf,duplicate_existing,canonical+command_index,grep -C 3 'pattern',weak_description,high
grep -E,grep -E,grep,Bash,Rozszerzone wyrażenia regularne,"grep -E ""192\.168\.(1\",12988,,runtime/knowledge/source/linux_master_library_v1.pdf,LINUX COMMAND,candidate,,,,high
"grep -E ""regex"" file # extended regex","grep -E ""regex"" file # extended regex",grep,Bash,,"grep — wyszukiwanie wzorców | grep -E ""regex"" file # extended regex",12993,,runtime/knowledge/source/linux_master_library_v1.pdf,linux_engineering_book.md | linux_engineering_book.pdf,candidate,,,,high
grep -E '(ERROR,grep -E '(ERROR,grep,Bash,FATAL,grep -E '(ERROR,12998,,runtime/knowledge/source/linux_master_library_v1.pdf,linux_engineering_book.pdf,candidate,,,,high
grep -E '(ERROR|FATAL|CRITICAL)' /var/log/app.log,grep -E '(ERROR|FATAL|CRITICAL)' /var/log/app.log,grep,Bash,29.2 Praktyczne Przykłady,grep -E '(ERROR|FATAL|CRITICAL)' /var/log/app.log,13003,,runtime/knowledge/source/linux_master_library_v1.pdf,linux_engineering_book.md,candidate,,,,high
grep -E 'pat1,grep -E 'pat1,grep,Bash,pat2’ Szukaj rozszerzonego wyraenia sort -k2 file.txt Sortuj po 2. kolumnie,grep -E 'pat1,13008,,runtime/knowledge/source/linux_master_library_v1.pdf,RHCSA_Command_Library.pdf,candidate,,,,high
grep -F 'literal',grep -F 'literal',grep,Bash,Sekcja Komend 266,grep -F 'literal',13013,,runtime/knowledge/source/linux_master_library_v1.pdf,RHCSA_Command_Library.pdf,duplicate_existing,canonical+command_index,grep -F 'literal',,high
"grep -P ""perl_regex"" file #","grep -P ""perl_regex"" file #",grep,Bash,,"grep — wyszukiwanie wzorców | grep -P ""perl_regex"" file #",13023,,runtime/knowledge/source/linux_master_library_v1.pdf,linux_engineering_book.md | linux_engineering_book.pdf,candidate,,,,high
grep -P '\d+' file,grep -P '\d+' file,grep,Bash,Sekcja Komend,grep -P '\d+' file,13028,,runtime/knowledge/source/linux_master_library_v1.pdf,RHCSA_Command_Library.pdf,duplicate_existing,canonical+command_index,grep -P '\d+' file,weak_description,high
grep -P '\d{3}-\d{2}',grep -P '\d{3}-\d{2}',grep,Bash,Perl-compatible regex. SAFE,grep -P '\d{3}-\d{2}',13033,,runtime/knowledge/source/linux_master_library_v1.pdf,komendy,candidate,,,,high
"grep -P 'ˆ[a-zA-Z0-9._%+-]+@[a-zA-Z0-9.-]+\.[a-zA-Z]{2,}$' file","grep -P 'ˆ[a-zA-Z0-9._%+-]+@[a-zA-Z0-9.-]+\.[a-zA-Z]{2,}$' file",grep,Bash,29.2 Praktyczne Przykłady,"grep -P 'ˆ[a-zA-Z0-9._%+-]+@[a-zA-Z0-9.-]+\.[a-zA-Z]{2,}$' file",13038,,runtime/knowledge/source/linux_master_library_v1.pdf,linux_engineering_book.md | linux_engineering_book.pdf,candidate,,,,high
"grep -P 'ˆ\d{1,3}\.\d{1,3}\.\d{1,3}\.\d{1,3}$' file","grep -P 'ˆ\d{1,3}\.\d{1,3}\.\d{1,3}\.\d{1,3}$' file",grep,Bash,29.2 Praktyczne Przykłady,"grep -P 'ˆ\d{1,3}\.\d{1,3}\.\d{1,3}\.\d{1,3}$' file",13043,,runtime/knowledge/source/linux_master_library_v1.pdf,linux_engineering_book.md | linux_engineering_book.pdf,candidate,,,,high
"grep -c ""pattern"" file # liczba dopasowań","grep -c ""pattern"" file # liczba dopasowań",grep,Bash,,"grep — wyszukiwanie wzorców | grep -c ""pattern"" file # liczba dopasowań",13048,,runtime/knowledge/source/linux_master_library_v1.pdf,linux_engineering_book.md | linux_engineering_book.pdf,candidate,,,,high
grep -c 'pattern',grep -c 'pattern',grep,Bash,Sekcja Komend,grep -c 'pattern',13053,,runtime/knowledge/source/linux_master_library_v1.pdf,RHCSA_Command_Library.pdf,duplicate_existing,canonical+command_index,grep -c 'pattern',weak_description,high
grep -i,grep -i,grep,Bash,Ignoruje wielkość liter 267,"grep -i ""error"" log.txt",13058,,runtime/knowledge/source/linux_master_library_v1.pdf,LINUX COMMAND,candidate,,,,high
"grep -i ""pattern"" file # case-insensitive","grep -i ""pattern"" file # case-insensitive",grep,Bash,,"grep — wyszukiwanie wzorców | grep -i ""pattern"" file # case-insensitive",13068,,runtime/knowledge/source/linux_master_library_v1.pdf,linux_engineering_book.md | linux_engineering_book.pdf,candidate,,,,high
grep -i 'pattern',grep -i 'pattern',grep,Bash,Sekcja Komend,grep -i 'pattern',13073,,runtime/knowledge/source/linux_master_library_v1.pdf,RHCSA_Command_Library.pdf,duplicate_existing,canonical+command_index,grep -i 'pattern',weak_description,high
grep -i pattern file,grep -i pattern file,grep,Bash,case-insensitive. SAFE,grep -i pattern file,13078,,runtime/knowledge/source/linux_master_library_v1.pdf,komendy,candidate,,,,high
"grep -l ""pattern"" *.txt # tylko nazwy plików","grep -l ""pattern"" *.txt # tylko nazwy plików",grep,Bash,,"grep — wyszukiwanie wzorców | grep -l ""pattern"" *.txt # tylko nazwy plików",13083,,runtime/knowledge/source/linux_master_library_v1.pdf,linux_engineering_book.md | linux_engineering_book.pdf,candidate,,,,high
grep -l 'pattern',grep -l 'pattern',grep,Bash,Sekcja Komend,grep -l 'pattern',13088,,runtime/knowledge/source/linux_master_library_v1.pdf,RHCSA_Command_Library.pdf,duplicate_existing,canonical+command_index,grep -l 'pattern',weak_description,high
grep -m 5 'pattern',grep -m 5 'pattern',grep,Bash,Sekcja Komend,grep -m 5 'pattern',13093,,runtime/knowledge/source/linux_master_library_v1.pdf,RHCSA_Command_Library.pdf,duplicate_existing,canonical+command_index,grep -m 5 'pattern',weak_description,high
grep -n 'pattern',grep -n 'pattern',grep,Bash,Sekcja Komend,grep -n 'pattern',13098,,runtime/knowledge/source/linux_master_library_v1.pdf,RHCSA_Command_Library.pdf,duplicate_existing,canonical+command_index,grep -n 'pattern',weak_description,high
grep -n pattern file,grep -n pattern file,grep,Bash,line numbers. SAFE 268,grep -n pattern file,13103,,runtime/knowledge/source/linux_master_library_v1.pdf,komendy,candidate,,,,high
grep -o,grep -o,grep,Bash,Test regex with before .,grep -o,13113,,runtime/knowledge/source/linux_master_library_v1.pdf,komendy,candidate,,,,high
grep -o 'pattern',grep -o 'pattern',grep,Bash,Sekcja Komend,grep -o 'pattern',13118,,runtime/knowledge/source/linux_master_library_v1.pdf,RHCSA_Command_Library.pdf,duplicate_existing,canonical+command_index,grep -o 'pattern',weak_description,high
"grep -oP 'https?://[ˆ\s""<>]+' file","grep -oP 'https?://[ˆ\s""<>]+' file",grep,Bash,29.2 Praktyczne Przykłady,"grep -oP 'https?://[ˆ\s""<>]+' file",13123,,runtime/knowledge/source/linux_master_library_v1.pdf,linux_engineering_book.md | linux_engineering_book.pdf,candidate,,,,high
grep -oP 'prefix_\K\d+',grep -oP 'prefix_\K\d+',grep,Bash,"output only match, drop prefix. SAFE",grep -oP 'prefix_\K\d+',13128,,runtime/knowledge/source/linux_master_library_v1.pdf,komendy,candidate,,,,high
grep -q 'pattern',grep -q 'pattern',grep,Bash,Sekcja Komend,grep -q 'pattern',13133,,runtime/knowledge/source/linux_master_library_v1.pdf,RHCSA_Command_Library.pdf,duplicate_existing,canonical+command_index,grep -q 'pattern',weak_description,high
grep -q pattern file,grep -q pattern file,grep,Bash,before append.,grep -q pattern file,13138,,runtime/knowledge/source/linux_master_library_v1.pdf,komendy,candidate,,,,high
grep -q pattern file before sed append.',grep -q pattern file before sed append.',grep,Bash,Idempotency Checks,grep -q pattern file` before `sed` append.,13143,,runtime/knowledge/source/linux_master_library_v1.pdf,komendy,candidate,,,,high
grep -r,grep -r,grep,Bash,Rekurencyjne przeszukiwanie 269,"grep -r ""PermitRootLogin"" /etc/ssh/",13148,,runtime/knowledge/source/linux_master_library_v1.pdf,LINUX COMMAND,candidate,,,,high
"grep -r ""pattern"" /path # rekursywne","grep -r ""pattern"" /path # rekursywne",grep,Bash,,"grep — wyszukiwanie wzorców | grep -r ""pattern"" /path # rekursywne",13158,,runtime/knowledge/source/linux_master_library_v1.pdf,linux_engineering_book.md | linux_engineering_book.pdf,candidate,,,,high
grep -r 'pattern',grep -r 'pattern',grep,Bash,Sekcja Komend,grep -r 'pattern',13163,,runtime/knowledge/source/linux_master_library_v1.pdf,RHCSA_Command_Library.pdf,duplicate_existing,canonical+command_index,grep -r 'pattern',weak_description,high
grep -r pattern dir/,grep -r pattern dir/,grep,Bash,recursive. SAFE,grep -r pattern dir/,13168,,runtime/knowledge/source/linux_master_library_v1.pdf,komendy,candidate,,,,high
grep -v,grep -v,grep,Bash,Inwersja dopasowania,"grep -v ""ˆ#"" config.txt",13173,,runtime/knowledge/source/linux_master_library_v1.pdf,LINUX COMMAND,candidate,,,,high
"grep -v ""pattern"" file # odwrócone (linie","grep -v ""pattern"" file # odwrócone (linie",grep,Bash,,"grep — wyszukiwanie wzorców | grep -v ""pattern"" file # odwrócone (linie",13178,,runtime/knowledge/source/linux_master_library_v1.pdf,linux_engineering_book.md | linux_engineering_book.pdf,candidate,,,,high
grep -v 'pattern',grep -v 'pattern',grep,Bash,Sekcja Komend,grep -v 'pattern',13183,,runtime/knowledge/source/linux_master_library_v1.pdf,RHCSA_Command_Library.pdf,duplicate_existing,canonical+command_index,grep -v 'pattern',weak_description,high
grep -v pattern file,grep -v pattern file,grep,Bash,invert match. SAFE,grep -v pattern file,13188,,runtime/knowledge/source/linux_master_library_v1.pdf,komendy,candidate,,,,high
grep -w 'word' file,grep -w 'word' file,grep,Bash,Sekcja Komend 270,grep -w 'word' file,13193,,runtime/knowledge/source/linux_master_library_v1.pdf,RHCSA_Command_Library.pdf,duplicate_existing,canonical+command_index,grep -w 'word' file,,high
grep cifs smb nmb,grep cifs smb nmb,grep,Bash,Komentarz Komentarz w skrypcie function myfunc() { Definicja funkcji,grep cifs smb nmb,13203,,runtime/knowledge/source/linux_master_library_v1.pdf,RHCSA_Command_Library.pdf,candidate,,,,high
grep http,grep http,grep,Bash,Sekcja Komend,grep http,13208,,runtime/knowledge/source/linux_master_library_v1.pdf,RHCSA_Command_Library.pdf,candidate,,,weak_description,medium
gunzip,gunzip,gunzip,Bash,Dekompresuje gzip,gunzip file.txt.gz,13213,,runtime/knowledge/source/linux_master_library_v1.pdf,LINUX COMMAND,candidate,,,,high
gunzip file.gz,gunzip file.gz,gunzip,Bash,Sekcja Komend,gunzip file.gz,13218,,runtime/knowledge/source/linux_master_library_v1.pdf,RHCSA_Command_Library.pdf,candidate,,,weak_description,medium
gzip,gzip,gzip,Bash,Kompresuje plik,gzip file.txt,13223,,runtime/knowledge/source/linux_master_library_v1.pdf,LINUX COMMAND,candidate,,,,high
gzip -9 file,gzip -9 file,gzip,Bash,Sekcja Komend,gzip -9 file,13228,,runtime/knowledge/source/linux_master_library_v1.pdf,RHCSA_Command_Library.pdf,candidate,,,weak_description,medium
gzip -d file.gz,gzip -d file.gz,gzip,Bash,Archiwum cpio przez find,gzip -d file.gz,13233,,runtime/knowledge/source/linux_master_library_v1.pdf,RHCSA_Command_Library.pdf,candidate,,,,high
gzip -k file,gzip -k file,gzip,Bash,Sekcja Komend 271,gzip -k file,13238,,runtime/knowledge/source/linux_master_library_v1.pdf,RHCSA_Command_Library.pdf,candidate,,,,high
gzip -l file.gz,gzip -l file.gz,gzip,Bash,Sekcja Komend,gzip -l file.gz,13248,,runtime/knowledge/source/linux_master_library_v1.pdf,RHCSA_Command_Library.pdf,candidate,,,weak_description,medium
gzip file,gzip file,gzip,Bash,Sekcja Komend,gzip file,13253,,runtime/knowledge/source/linux_master_library_v1.pdf,RHCSA_Command_Library.pdf,candidate,,,weak_description,medium
help,help,help,Bash,Pomoc wbudowanych komend bash,help cd,13258,,runtime/knowledge/source/linux_master_library_v1.pdf,LINUX COMMAND,candidate,,,,high
history,history,history,Bash,with timestamps: . SAFE,history \ | history,13263,,runtime/knowledge/source/linux_master_library_v1.pdf,LINUX COMMAND | RHCSA_Command_Library.pdf | komendy,duplicate_existing,canonical+command_index,history,,high
history -c,history -c,history,Bash,Sekcja Komend,history -c,13269,,runtime/knowledge/source/linux_master_library_v1.pdf,RHCSA_Command_Library.pdf,candidate,,,weak_description,medium
history -w,history -w,history,Bash,Sekcja Komend,history -w,13274,,runtime/knowledge/source/linux_master_library_v1.pdf,RHCSA_Command_Library.pdf,candidate,,,weak_description,medium
iconv,iconv,iconv,Bash,Konwersja kodowania znaków,iconv -f,13279,,runtime/knowledge/source/linux_master_library_v1.pdf,LINUX COMMAND,candidate,,,,high
iconv -f,iconv -f,iconv,Bash,encoding conversion. SAFE 272,iconv -f,13284,,runtime/knowledge/source/linux_master_library_v1.pdf,komendy,candidate,,,,high
info,info,info,Bash,Dokumentacja info,info coreutils,13294,,runtime/knowledge/source/linux_master_library_v1.pdf,LINUX COMMAND,duplicate_existing,command_index,info,,high
join,join,join,Bash,Łączy pliki po kluczu,join file1 file2,13299,,runtime/knowledge/source/linux_master_library_v1.pdf,LINUX COMMAND,candidate,,,,high
local,local,local,Bash,Lokalna zmienna w funkcji,local var=value,13304,,runtime/knowledge/source/linux_master_library_v1.pdf,LINUX COMMAND,candidate,,,,high
local name=$1 # zmienna lokalna,local name=$1 # zmienna lokalna,local,Bash,10.3 Funkcje,local name=$1 # zmienna lokalna,13309,,runtime/knowledge/source/linux_master_library_v1.pdf,linux_engineering_book.md | linux_engineering_book.pdf,candidate,,,,high
local var=value,local var=value,local,Bash,function-local scope. SAFE,local var=value,13314,,runtime/knowledge/source/linux_master_library_v1.pdf,komendy,candidate,,,,high
logger,logger,logger,Bash,Loguje do systemu,"logger -p local0.info ""message"" | logger ""Test message""",13319,,runtime/knowledge/source/linux_master_library_v1.pdf,LINUX COMMAND,candidate,,,,high
"logger ""Test message""","logger ""Test message""",logger,Bash,inject test log. SAFE,"logger ""Test message""",13325,,runtime/knowledge/source/linux_master_library_v1.pdf,komendy,candidate,,,,high
logger 'Test,logger 'Test,logger,Bash,Sekcja Komend 273,logger 'Test,13330,,runtime/knowledge/source/linux_master_library_v1.pdf,RHCSA_Command_Library.pdf,candidate,,,,high
logger -p user.err,logger -p user.err,logger,Bash,Sekcja Komend,logger -p user.err,13340,,runtime/knowledge/source/linux_master_library_v1.pdf,RHCSA_Command_Library.pdf,candidate,,,weak_description,medium
logger -t myapp,logger -t myapp,logger,Bash,Sekcja Komend,logger -t myapp,13345,,runtime/knowledge/source/linux_master_library_v1.pdf,RHCSA_Command_Library.pdf,candidate,,,weak_description,medium
man,man,man,Bash,Podręcznik systemowy,man bash,13350,,runtime/knowledge/source/linux_master_library_v1.pdf,LINUX COMMAND,candidate,,,,high
mandb,mandb,mandb,Bash,Indeksuje strony man,mandb,13355,,runtime/knowledge/source/linux_master_library_v1.pdf,LINUX COMMAND,candidate,,,,high
nano,nano,nano,Bash,Prosty edytor,nano file.txt,13360,,runtime/knowledge/source/linux_master_library_v1.pdf,LINUX COMMAND,candidate,,,,high
paste,paste,paste,Bash,Scala pliki w kolumny,paste file1 file2,13365,,runtime/knowledge/source/linux_master_library_v1.pdf,LINUX COMMAND,candidate,,,,high
"paste -d',' file1 file2","paste -d',' file1 file2",paste,Bash,merge side-by-side. SAFE,"paste -d',' file1 file2",13370,,runtime/knowledge/source/linux_master_library_v1.pdf,komendy,candidate,,,,high
printenv,printenv,printenv,Bash,Drukuje zmienne środowiskowe 274,printenv,13375,,runtime/knowledge/source/linux_master_library_v1.pdf,LINUX COMMAND | RHCSA_Command_Library.pdf,duplicate_existing,canonical+command_index,printenv,,high
printf,printf,printf,Bash,Formatowane wyjście,"printf ""%s\n"" ""hello""",13385,,runtime/knowledge/source/linux_master_library_v1.pdf,LINUX COMMAND,candidate,,,,high
printf '%s ' {a..z},printf '%s ' {a..z},printf,Bash,Komentarz Komentarz w skrypcie function myfunc() { Definicja funkcji,printf '%s ' {a..z},13390,,runtime/knowledge/source/linux_master_library_v1.pdf,RHCSA_Command_Library.pdf,candidate,,,,high
"printf '%s\n' ""$var""","printf '%s\n' ""$var""",printf,Bash,Use instead of for arbitrary data.,"printf '%s\n' ""$var""",13395,,runtime/knowledge/source/linux_master_library_v1.pdf,komendy,candidate,,,,high
read,read,read,Bash,Komentarz Komentarz w skrypcie function myfunc() { Definicja funkcji,"read -p ""Name: "" name | read",13400,,runtime/knowledge/source/linux_master_library_v1.pdf,LINUX COMMAND | RHCSA_Command_Library.pdf,candidate,,,,high
read -a,read -a,read,Bash,Komentarz Komentarz w skrypcie function myfunc() { Definicja funkcji,read -a,13406,,runtime/knowledge/source/linux_master_library_v1.pdf,RHCSA_Command_Library.pdf,candidate,,,,high
read -p 'Enter,read -p 'Enter,read,Bash,Komentarz Komentarz w skrypcie function myfunc() { Definicja funkcji,read -p 'Enter,13411,,runtime/knowledge/source/linux_master_library_v1.pdf,RHCSA_Command_Library.pdf,candidate,,,,high
read -s,read -s,read,Bash,Komentarz Komentarz w skrypcie function myfunc() { Definicja funkcji,read -s,13416,,runtime/knowledge/source/linux_master_library_v1.pdf,RHCSA_Command_Library.pdf,candidate,,,,high
read -t,read -t,read,Bash,Komentarz Komentarz w skrypcie function myfunc() { Definicja funkcji 275,read -t 5,13421,,runtime/knowledge/source/linux_master_library_v1.pdf,RHCSA_Command_Library.pdf,candidate,,,,high
read line <&4,read line <&4,read,Bash,28.1 Bash — Zaawansowane Techniki,read line <&4,13431,,runtime/knowledge/source/linux_master_library_v1.pdf,linux_engineering_book.md | linux_engineering_book.pdf,candidate,,,,high
read response <&${myproc[0]},read response <&${myproc[0]},read,Bash,10.5 Zaawansowany Bash,read response <&${myproc[0]},13436,,runtime/knowledge/source/linux_master_library_v1.pdf,linux_engineering_book.md | linux_engineering_book.pdf,candidate,,,,high
readonly,readonly,readonly,Bash,Sekcja Komend,readonly,13441,,runtime/knowledge/source/linux_master_library_v1.pdf,LINUX COMMAND | RHCSA_Command_Library.pdf,candidate,,,weak_description,medium
readonly var=value,readonly var=value,readonly,Bash,immutable. SAFE,readonly var=value,13446,,runtime/knowledge/source/linux_master_library_v1.pdf,komendy,candidate,,,,high
reset,reset,reset,Bash,Resetuje terminal,reset,13451,,runtime/knowledge/source/linux_master_library_v1.pdf,LINUX COMMAND,duplicate_existing,command_index,reset,,high
rev,rev,rev,Bash,"Odwraca linie echo ""abc"" \",,13456,,runtime/knowledge/source/linux_master_library_v1.pdf,LINUX COMMAND,candidate,,,,high
rev < file,rev < file,rev,Bash,reverse characters per line. SAFE,rev < file,13461,,runtime/knowledge/source/linux_master_library_v1.pdf,komendy,candidate,,,,high
sed,sed,sed,Bash,Use for field-based; for line-based. 276,sed 's/old/new/g' file | sed,13466,,runtime/knowledge/source/linux_master_library_v1.pdf,LINUX COMMAND | komendy,candidate,,,,high
sed '/ˆ#/d' file,sed '/ˆ#/d' file,sed,Bash,delete comment lines. SAFE,sed '/ˆ#/d' file,13477,,runtime/knowledge/source/linux_master_library_v1.pdf,komendy,candidate,,,,high
sed '/ˆ#/d; /ˆ$/d' config.file,sed '/ˆ#/d; /ˆ$/d' config.file,sed,Bash,29.2 Praktyczne Przykłady,sed '/ˆ#/d; /ˆ$/d' config.file,13482,,runtime/knowledge/source/linux_master_library_v1.pdf,linux_engineering_book.md | linux_engineering_book.pdf,candidate,,,,high
sed '/ˆ$/d' file # usuń puste linie,sed '/ˆ$/d' file # usuń puste linie,sed,Bash,10.4 Przetwarzanie Tekstu,sed '/ˆ$/d' file # usuń puste linie,13487,,runtime/knowledge/source/linux_master_library_v1.pdf,linux_engineering_book.md | linux_engineering_book.pdf,candidate,,,,high
sed '/pattern/d' file # usuń linie z wzorcem,sed '/pattern/d' file # usuń linie z wzorcem,sed,Bash,10.4 Przetwarzanie Tekstu,sed '/pattern/d' file # usuń linie z wzorcem,13492,,runtime/knowledge/source/linux_master_library_v1.pdf,linux_engineering_book.md | linux_engineering_book.pdf,candidate,,,,high
sed 's/old/new/',sed 's/old/new/',sed,Bash,Sekcja Komend,sed 's/old/new/',13497,,runtime/knowledge/source/linux_master_library_v1.pdf,RHCSA_Command_Library.pdf,candidate,,,weak_description,medium
sed 's/old/new/' file # zamień pierwsze wystąpienie,sed 's/old/new/' file # zamień pierwsze wystąpienie,sed,Bash,10.4 Przetwarzanie Tekstu,sed 's/old/new/' file # zamień pierwsze wystąpienie,13502,,runtime/knowledge/source/linux_master_library_v1.pdf,linux_engineering_book.md | linux_engineering_book.pdf,candidate,,,,high
sed 's/old/new/g',sed 's/old/new/g',sed,Bash,Sekcja Komend,sed 's/old/new/g',13507,,runtime/knowledge/source/linux_master_library_v1.pdf,RHCSA_Command_Library.pdf,candidate,,,weak_description,medium
sed 's/old/new/g' file # zamień wszystkie,sed 's/old/new/g' file # zamień wszystkie,sed,Bash,10.4 Przetwarzanie Tekstu 277,sed 's/old/new/g' file # zamień wszystkie,13512,,runtime/knowledge/source/linux_master_library_v1.pdf,linux_engineering_book.md | linux_engineering_book.pdf,candidate,,,,high
sed -E 's/([0-9]{2})\/([0-9]{2})\/([0-9]{4})/\3-\2-\1/g' file,sed -E 's/([0-9]{2})\/([0-9]{2})\/([0-9]{4})/\3-\2-\1/g' file,sed,Bash,29.2 Praktyczne Przykłady,sed -E 's/([0-9]{2})\/([0-9]{2})\/([0-9]{4})/\3-\2-\1/g' file,13522,,runtime/knowledge/source/linux_master_library_v1.pdf,linux_engineering_book.md | linux_engineering_book.pdf,candidate,,,,high
sed -i,sed -i,sed,Bash,Never on critical files without backup.,sed -i,13527,,runtime/knowledge/source/linux_master_library_v1.pdf,komendy,candidate,,,,high
sed -i 's/old/new/g',sed -i 's/old/new/g',sed,Bash,Sekcja Komend,sed -i 's/old/new/g',13532,,runtime/knowledge/source/linux_master_library_v1.pdf,RHCSA_Command_Library.pdf,candidate,,,weak_description,medium
sed -i 's/old/new/g' file,sed -i 's/old/new/g' file,sed,Bash,in-place replace. CAUTION,sed -i 's/old/new/g' file,13537,,runtime/knowledge/source/linux_master_library_v1.pdf,komendy,candidate,,,,high
sed -i 's/old/new/g' file # edycja in-place,sed -i 's/old/new/g' file # edycja in-place,sed,Bash,10.4 Przetwarzanie Tekstu,sed -i 's/old/new/g' file # edycja in-place,13542,,runtime/knowledge/source/linux_master_library_v1.pdf,linux_engineering_book.md | linux_engineering_book.pdf,candidate,,,,high
sed -i.bak,sed -i.bak,sed,Bash,Sekcja Komend,sed -i.bak,13547,,runtime/knowledge/source/linux_master_library_v1.pdf,RHCSA_Command_Library.pdf,candidate,,,weak_description,medium
sed -i.bak 's/old/new/g' file,sed -i.bak 's/old/new/g' file,sed,Bash,in-place with backup. CAUTION,sed -i.bak 's/old/new/g' file,13552,,runtime/knowledge/source/linux_master_library_v1.pdf,komendy,candidate,,,,high
"sed -n '5,10p' file","sed -n '5,10p' file",sed,Bash,print lines 5-10. SAFE 278,"sed -n '5,10p' file",13557,,runtime/knowledge/source/linux_master_library_v1.pdf,RHCSA_Command_Library.pdf | komendy,candidate,,,,high
"sed -n '5,10p' file # wyświetl linie 5-10","sed -n '5,10p' file # wyświetl linie 5-10",sed,Bash,10.4 Przetwarzanie Tekstu,"sed -n '5,10p' file # wyświetl linie 5-10",13567,,runtime/knowledge/source/linux_master_library_v1.pdf,linux_engineering_book.md | linux_engineering_book.pdf,candidate,,,,high
set,set,set,Bash,all shell variables/functions. SAFE,set -o vi | set -e | set,13572,,runtime/knowledge/source/linux_master_library_v1.pdf,LINUX COMMAND | RHCSA_Command_Library.pdf | komendy,duplicate_existing,canonical+command_index,set,,high
set +x,set +x,set,Bash,Sekcja Komend,set +x,13579,,runtime/knowledge/source/linux_master_library_v1.pdf,RHCSA_Command_Library.pdf,candidate,,,weak_description,medium
set -e,set -e,set,Bash,Sekcja Komend,set -e,13584,,runtime/knowledge/source/linux_master_library_v1.pdf,RHCSA_Command_Library.pdf,candidate,,,weak_description,medium
set -e # zakończ przy błędzie,set -e # zakończ przy błędzie,set,Bash,Obsługa błędów,set -e # zakończ przy błędzie,13589,,runtime/knowledge/source/linux_master_library_v1.pdf,linux_engineering_book.md | linux_engineering_book.pdf,candidate,,,,high
set -euo pipefail,set -euo pipefail,set,Bash,"exit on error, unset vars, pipe failures. SAFE",set -euo pipefail,13594,,runtime/knowledge/source/linux_master_library_v1.pdf,komendy,candidate,,,,high
set -o pipefail,set -o pipefail,set,Bash,Sekcja Komend,set -o pipefail,13599,,runtime/knowledge/source/linux_master_library_v1.pdf,RHCSA_Command_Library.pdf,candidate,,,weak_description,medium
set -o pipefail # propaguj błędy w pipe,set -o pipefail # propaguj błędy w pipe,set,Bash,Obsługa błędów 279,set -o pipefail # propaguj błędy w pipe,13604,,runtime/knowledge/source/linux_master_library_v1.pdf,linux_engineering_book.md | linux_engineering_book.pdf,candidate,,,,high
set -u,set -u,set,Bash,Sekcja Komend,set -u,13614,,runtime/knowledge/source/linux_master_library_v1.pdf,RHCSA_Command_Library.pdf,candidate,,,weak_description,medium
set -u # błąd przy niezdefiniowanej zmiennej,set -u # błąd przy niezdefiniowanej zmiennej,set,Bash,Obsługa błędów,set -u # błąd przy niezdefiniowanej zmiennej,13619,,runtime/knowledge/source/linux_master_library_v1.pdf,linux_engineering_book.md | linux_engineering_book.pdf,candidate,,,,high
set -x,set -x,set,Bash,in scripts to trace actual commands. SAFE,set -x,13624,,runtime/knowledge/source/linux_master_library_v1.pdf,RHCSA_Command_Library.pdf | komendy | linux_engineering_book.md | linux_engineering_book.pdf,candidate,,,,high
set -x # debug — wyświetlaj polecenia,set -x # debug — wyświetlaj polecenia,set,Bash,Obsługa błędów,set -x # debug — wyświetlaj polecenia,13629,,runtime/knowledge/source/linux_master_library_v1.pdf,linux_engineering_book.md | linux_engineering_book.pdf,candidate,,,,high
set -x in scripts to trace actual commands. SAFE',set -x in scripts to trace actual commands. SAFE',set,Bash,Verification Before Execution,set -x` in scripts to trace actual commands. **SAFE**,13634,,runtime/knowledge/source/linux_master_library_v1.pdf,komendy,candidate,,,,high
sh,sh,sh,Bash,POSIX shell,sh script.sh,13639,,runtime/knowledge/source/linux_master_library_v1.pdf,LINUX COMMAND,candidate,,,,high
sh script.sh,sh script.sh,sh,Bash,Komentarz Komentarz w skrypcie function myfunc() { Definicja funkcji,sh script.sh,13644,,runtime/knowledge/source/linux_master_library_v1.pdf,RHCSA_Command_Library.pdf,candidate,,,,high
shift,shift,shift,Bash,consume positional args. SAFE 280,shift 2 | shift,13649,,runtime/knowledge/source/linux_master_library_v1.pdf,LINUX COMMAND | komendy,candidate,,,,high
sort,sort,sort,Bash,Sortuje linie,sort -t: -k3 -n /etc/passwd,13660,,runtime/knowledge/source/linux_master_library_v1.pdf,LINUX COMMAND,candidate,,,,high
sort -k2 -n file # sortuj po kolumnie 2 numerycznie,sort -k2 -n file # sortuj po kolumnie 2 numerycznie,sort,Bash,10.4 Przetwarzanie Tekstu,sort -k2 -n file # sortuj po kolumnie 2 numerycznie,13665,,runtime/knowledge/source/linux_master_library_v1.pdf,linux_engineering_book.md | linux_engineering_book.pdf,candidate,,,,high
sort -t: -k3 -n /etc/passwd,sort -t: -k3 -n /etc/passwd,sort,Bash,numeric sort by field. SAFE,sort -t: -k3 -n /etc/passwd,13670,,runtime/knowledge/source/linux_master_library_v1.pdf,komendy,candidate,,,,high
sort -u file # sortuj i usuń duplikaty,sort -u file # sortuj i usuń duplikaty,sort,Bash,10.4 Przetwarzanie Tekstu,sort -u file # sortuj i usuń duplikaty,13675,,runtime/knowledge/source/linux_master_library_v1.pdf,linux_engineering_book.md | linux_engineering_book.pdf,candidate,,,,high
source,source,source,Bash,on untrusted files.,source,13680,,runtime/knowledge/source/linux_master_library_v1.pdf,RHCSA_Command_Library.pdf | komendy,duplicate_existing,canonical+command_index,source,,high
"source ""$file""","source ""$file""",source,Bash,execute file in current shell. DANGEROUS (if untrusted),"source ""$file""",13685,,runtime/knowledge/source/linux_master_library_v1.pdf,komendy,candidate,,,,high
source / .,source / .,source,Bash,Wykonuje w obecnej powłoce,source script.sh,13690,,runtime/knowledge/source/linux_master_library_v1.pdf,LINUX COMMAND,candidate,,,,high
source /etc/profile,source /etc/profile,source,Bash,reload profile. SAFE 281,source /etc/profile,13695,,runtime/knowledge/source/linux_master_library_v1.pdf,komendy,candidate,,,,high
source /opt/venv/bin/activate,source /opt/venv/bin/activate,source,Bash,activate venv. SAFE,source /opt/venv/bin/activate,13705,,runtime/knowledge/source/linux_master_library_v1.pdf,komendy,candidate,,,,high
source ~/.bashrc,source ~/.bashrc,source,Bash,Sekcja Komend,source ~/.bashrc,13710,,runtime/knowledge/source/linux_master_library_v1.pdf,RHCSA_Command_Library.pdf,candidate,,,weak_description,medium
star,star,star,Bash,Archiwizacja (xattr/ACL),star -c -f=backup.star /etc,13715,,runtime/knowledge/source/linux_master_library_v1.pdf,LINUX COMMAND,candidate,,,,high
stty,stty,stty,Bash,Ustawienia terminala,stty -a,13720,,runtime/knowledge/source/linux_master_library_v1.pdf,LINUX COMMAND,candidate,,,,high
tar,tar,tar,Bash,Sekcja Komend,tar,13725,,runtime/knowledge/source/linux_master_library_v1.pdf,RHCSA_Command_Library.pdf,duplicate_existing,canonical+command_index,tar,weak_description,high
tar --delete -f,tar --delete -f,tar,Bash,Sekcja Komend,tar --delete -f,13730,,runtime/knowledge/source/linux_master_library_v1.pdf,RHCSA_Command_Library.pdf,duplicate_existing,canonical+command_index,tar --delete -f,weak_description,high
tar --exclude-vcs,tar --exclude-vcs,tar,Bash,Sekcja Komend,tar --exclude-vcs,13735,,runtime/knowledge/source/linux_master_library_v1.pdf,RHCSA_Command_Library.pdf,duplicate_existing,canonical+command_index,tar --exclude-vcs,weak_description,high
tar --listed-incremental=snapshot.snar -czf inc.tar.gz /data # incremental,tar --listed-incremental=snapshot.snar -czf inc.tar.gz /data # incremental,tar,Bash,19.1 Narzędzia Backup 282,tar --listed-incremental=snapshot.snar -czf inc.tar.gz /data # incremental,13740,,runtime/knowledge/source/linux_master_library_v1.pdf,linux_engineering_book.md | linux_engineering_book.pdf,candidate,,,,high
tar -C,tar -C,tar,Bash,Rozpakowuje do katalogu,tar -xvf backup.tar -C /tmp,13750,,runtime/knowledge/source/linux_master_library_v1.pdf,LINUX COMMAND,candidate,,,,high
tar -cjvf,tar -cjvf,tar,Bash,Tworzy archiwum bzip2,tar -cjvf backup.tar.bz2 /etc,13755,,runtime/knowledge/source/linux_master_library_v1.pdf,LINUX COMMAND,candidate,,,,high
tar -cvJf,tar -cvJf,tar,Bash,Sekcja Komend,tar -cvJf,13760,,runtime/knowledge/source/linux_master_library_v1.pdf,RHCSA_Command_Library.pdf,duplicate_existing,canonical+command_index,tar -cvJf,weak_description,high
tar -cvf,tar -cvf,tar,Bash,Tworzy archiwum tar,tar -cvf backup.tar /etc,13765,,runtime/knowledge/source/linux_master_library_v1.pdf,LINUX COMMAND,candidate,,,,high
tar -cvf archive.tar,tar -cvf archive.tar,tar,Bash,Sekcja Komend,tar -cvf archive.tar,13770,,runtime/knowledge/source/linux_master_library_v1.pdf,RHCSA_Command_Library.pdf,duplicate_existing,canonical+command_index,tar -cvf archive.tar,weak_description,high
tar -cvjf,tar -cvjf,tar,Bash,Sekcja Komend,tar -cvjf,13775,,runtime/knowledge/source/linux_master_library_v1.pdf,RHCSA_Command_Library.pdf,duplicate_existing,canonical+command_index,tar -cvjf,weak_description,high
tar -cvzf,tar -cvzf,tar,Bash,Sekcja Komend,tar -cvzf,13780,,runtime/knowledge/source/linux_master_library_v1.pdf,RHCSA_Command_Library.pdf,duplicate_existing,canonical+command_index,tar -cvzf,weak_description,high
tar -czf - /path,tar -czf - /path,tar,Bash,Archiwum przez SSH unzip -o archive.zip Nadpisz istniejce pliki 283,tar -czf - /path,13785,,runtime/knowledge/source/linux_master_library_v1.pdf,RHCSA_Command_Library.pdf,candidate,,,,high
tar -czf arch.tar.gz,tar -czf arch.tar.gz,tar,Bash,Sekcja Komend,tar -czf arch.tar.gz,13795,,runtime/knowledge/source/linux_master_library_v1.pdf,RHCSA_Command_Library.pdf,duplicate_existing,canonical+command_index,tar -czf arch.tar.gz,weak_description,high
tar -czvf,tar -czvf,tar,Bash,Tworzy archiwum gzip,tar -czvf backup.tar.gz /etc,13800,,runtime/knowledge/source/linux_master_library_v1.pdf,LINUX COMMAND,candidate,,,,high
tar -rvf archive.tar,tar -rvf archive.tar,tar,Bash,Sekcja Komend,tar -rvf archive.tar,13805,,runtime/knowledge/source/linux_master_library_v1.pdf,RHCSA_Command_Library.pdf,duplicate_existing,canonical+command_index,tar -rvf archive.tar,weak_description,high
tar -tvf archive.tar,tar -tvf archive.tar,tar,Bash,Sekcja Komend,tar -tvf archive.tar,13810,,runtime/knowledge/source/linux_master_library_v1.pdf,RHCSA_Command_Library.pdf,duplicate_existing,canonical+command_index,tar -tvf archive.tar,weak_description,high
tar -tvzf,tar -tvzf,tar,Bash,Sekcja Komend,tar -tvzf,13815,,runtime/knowledge/source/linux_master_library_v1.pdf,RHCSA_Command_Library.pdf,duplicate_existing,canonical+command_index,tar -tvzf,weak_description,high
tar -uvf archive.tar,tar -uvf archive.tar,tar,Bash,Sekcja Komend,tar -uvf archive.tar,13820,,runtime/knowledge/source/linux_master_library_v1.pdf,RHCSA_Command_Library.pdf,duplicate_existing,canonical+command_index,tar -uvf archive.tar,weak_description,high
tar -xvJf,tar -xvJf,tar,Bash,Sekcja Komend,tar -xvJf,13825,,runtime/knowledge/source/linux_master_library_v1.pdf,RHCSA_Command_Library.pdf,duplicate_existing,canonical+command_index,tar -xvJf,weak_description,high
tar -xvf,tar -xvf,tar,Bash,Rozpakowuje archiwum tar 284,tar -xvf backup.tar,13830,,runtime/knowledge/source/linux_master_library_v1.pdf,LINUX COMMAND,candidate,,,,high
tar -xvf archive.tar,tar -xvf archive.tar,tar,Bash,Sekcja Komend,tar -xvf archive.tar,13840,,runtime/knowledge/source/linux_master_library_v1.pdf,RHCSA_Command_Library.pdf,duplicate_existing,canonical+command_index,tar -xvf archive.tar,weak_description,high
tar -xvjf,tar -xvjf,tar,Bash,Sekcja Komend,tar -xvjf,13845,,runtime/knowledge/source/linux_master_library_v1.pdf,RHCSA_Command_Library.pdf,duplicate_existing,canonical+command_index,tar -xvjf,weak_description,high
tar -xvzf,tar -xvzf,tar,Bash,Sekcja Komend,tar -xvzf,13850,,runtime/knowledge/source/linux_master_library_v1.pdf,RHCSA_Command_Library.pdf,duplicate_existing,canonical+command_index,tar -xvzf,weak_description,high
tar -xzvf,tar -xzvf,tar,Bash,Rozpakowuje gzip tar,tar -xzvf backup.tar.gz,13855,,runtime/knowledge/source/linux_master_library_v1.pdf,LINUX COMMAND,candidate,,,,high
tar czf /backup/$(hostname)-$(date +%Y%m%d-%H%M%S).tar.gz /important/data,tar czf /backup/$(hostname)-$(date +%Y%m%d-%H%M%S).tar.gz /important/data,tar,Bash,Dodatek A: Przydatne Jednowierszowce,tar czf /backup/$(hostname)-$(date +%Y%m%d-%H%M%S).tar.gz /important/data,13860,,runtime/knowledge/source/linux_master_library_v1.pdf,linux_engineering_book.md | linux_engineering_book.pdf,candidate,,,,high
tar czf backup-$(date +%Y%m%d).tar.gz /data # z datą,tar czf backup-$(date +%Y%m%d).tar.gz /data # z datą,tar,Bash,19.1 Narzędzia Backup,tar czf backup-$(date +%Y%m%d).tar.gz /data # z datą,13865,,runtime/knowledge/source/linux_master_library_v1.pdf,linux_engineering_book.md | linux_engineering_book.pdf,candidate,,,,high
tar czf backup.tar.gz /data # tworzenie,tar czf backup.tar.gz /data # tworzenie,tar,Bash,19.1 Narzędzia Backup,tar czf backup.tar.gz /data # tworzenie,13870,,runtime/knowledge/source/linux_master_library_v1.pdf,linux_engineering_book.md | linux_engineering_book.pdf,candidate,,,,high
tar xf linux-6.8.tar.xz,tar xf linux-6.8.tar.xz,tar,Bash,16.1 Pobieranie i Konfiguracja 285,tar xf linux-6.8.tar.xz,13875,,runtime/knowledge/source/linux_master_library_v1.pdf,linux_engineering_book.md | linux_engineering_book.pdf,candidate,,,,high
tar xzf backup.tar.gz -C /restore # rozpakowywanie,tar xzf backup.tar.gz -C /restore # rozpakowywanie,tar,Bash,19.1 Narzędzia Backup,tar xzf backup.tar.gz -C /restore # rozpakowywanie,13885,,runtime/knowledge/source/linux_master_library_v1.pdf,linux_engineering_book.md | linux_engineering_book.pdf,candidate,,,,high
tar xzvf backup.tar.gz -C /restore,tar xzvf backup.tar.gz -C /restore,tar,Bash,extract backup. CAUTION,tar xzvf backup.tar.gz -C /restore,13890,,runtime/knowledge/source/linux_master_library_v1.pdf,komendy,candidate,,,,high
tee,tee,tee,Bash,"Zapisuje do pliku i pokazuje na ekranie echo ""test"" \",tee,13895,,runtime/knowledge/source/linux_master_library_v1.pdf,LINUX COMMAND,candidate,,,,high
tee -a logfile,tee -a logfile,tee,Bash,append to file and stdout. SAFE,tee -a logfile,13901,,runtime/knowledge/source/linux_master_library_v1.pdf,komendy,candidate,,,,high
test,test,test,Bash,.gitlab-ci.yml (GitLab CI),test,13906,,runtime/knowledge/source/linux_master_library_v1.pdf,linux_engineering_book.pdf,candidate,,,,high
test -f file,test -f file,test,Bash,before .,test -f file,13911,,runtime/knowledge/source/linux_master_library_v1.pdf,komendy,candidate,,,,high
test -f file before touch file.',test -f file before touch file.',test,Bash,Idempotency Checks,test -f file` before `touch file`.,13916,,runtime/knowledge/source/linux_master_library_v1.pdf,komendy,candidate,,,,high
test / [,test / [,test,Bash,Testowanie warunków 286,test -f file,13921,,runtime/knowledge/source/linux_master_library_v1.pdf,LINUX COMMAND,candidate,,,,high
tput,tput,tput,Bash,Steruje terminalem,tput setaf 1,13931,,runtime/knowledge/source/linux_master_library_v1.pdf,LINUX COMMAND,candidate,,,,high
tr,tr,tr,Bash,Zamiana/zusuwanie znaków cat file \,,13936,,runtime/knowledge/source/linux_master_library_v1.pdf,LINUX COMMAND,candidate,,,,high
tr 'a-z' 'A-Z' < file,tr 'a-z' 'A-Z' < file,tr,Bash,character translate. SAFE,tr 'a-z' 'A-Z' < file,13941,,runtime/knowledge/source/linux_master_library_v1.pdf,komendy,candidate,,,,high
tr -d '\r',tr -d '\r',tr,Bash,delete carriage returns. SAFE,tr -d '\r',13946,,runtime/knowledge/source/linux_master_library_v1.pdf,komendy,candidate,,,,high
tr -s ' ',tr -s ' ',tr,Bash,squeeze repeats. SAFE,tr -s ' ',13951,,runtime/knowledge/source/linux_master_library_v1.pdf,komendy,candidate,,,,high
trap,trap,trap,Bash,Obsługa sygnałów,"trap ""echo exit""",13956,,runtime/knowledge/source/linux_master_library_v1.pdf,LINUX COMMAND,candidate,,,,high
trap 'cleanup; exit',trap 'cleanup; exit',trap,Bash,Przechwytywanie sygnałów w bash,trap 'cleanup; exit',13961,,runtime/knowledge/source/linux_master_library_v1.pdf,linux_engineering_book.md | linux_engineering_book.pdf,candidate,,,,high
"trap 'echo ""Caught","trap 'echo ""Caught",trap,Bash,Przechwytywanie sygnałów w bash 287,"trap 'echo ""Caught",13966,,runtime/knowledge/source/linux_master_library_v1.pdf,linux_engineering_book.md | linux_engineering_book.pdf,candidate,,,,high
"trap 'rm -f ""$tmpfile""'","trap 'rm -f ""$tmpfile""'",trap,Bash,cleanup on exit. SAFE,"trap 'rm -f ""$tmpfile""'",13976,,runtime/knowledge/source/linux_master_library_v1.pdf,komendy,candidate,,,,high
trap cleanup,trap cleanup,trap,Bash,10.3 Funkcje,trap cleanup,13981,,runtime/knowledge/source/linux_master_library_v1.pdf,linux_engineering_book.md | linux_engineering_book.pdf,candidate,,,,high
tty,tty,tty,Bash,Nazwa terminala,tty,13986,,runtime/knowledge/source/linux_master_library_v1.pdf,LINUX COMMAND,candidate,,,,high
unalias,unalias,unalias,Bash,Usuwa alias,unalias ll,13991,,runtime/knowledge/source/linux_master_library_v1.pdf,LINUX COMMAND,candidate,,,,high
unexpand,unexpand,unexpand,Bash,Zamienia spacje na tabulatory,unexpand -a file.txt,13996,,runtime/knowledge/source/linux_master_library_v1.pdf,LINUX COMMAND,candidate,,,,high
uniq,uniq,uniq,Bash,Usuwa/raportuje duplikaty sort file \,,14001,,runtime/knowledge/source/linux_master_library_v1.pdf,LINUX COMMAND,candidate,,,,high
uniq -c file # zlicz powtórzenia,uniq -c file # zlicz powtórzenia,uniq,Bash,10.4 Przetwarzanie Tekstu,uniq -c file # zlicz powtórzenia,14006,,runtime/knowledge/source/linux_master_library_v1.pdf,linux_engineering_book.md | linux_engineering_book.pdf,candidate,,,,high
unset,unset,unset,Bash,remove env var. SAFE 288,unset,14011,,runtime/knowledge/source/linux_master_library_v1.pdf,LINUX COMMAND | RHCSA_Command_Library.pdf | komendy,candidate,,,,high
unxz,unxz,unxz,Bash,Dekompresuje xz,unxz file.txt.xz,14021,,runtime/knowledge/source/linux_master_library_v1.pdf,LINUX COMMAND,candidate,,,,high
unzip,unzip,unzip,Bash,Rozpakowuje zip,unzip backup.zip,14026,,runtime/knowledge/source/linux_master_library_v1.pdf,LINUX COMMAND,candidate,,,,high
vim +/pattern,vim +/pattern,vim,Bash,Sekcja Komend,vim +/pattern,14031,,runtime/knowledge/source/linux_master_library_v1.pdf,RHCSA_Command_Library.pdf,duplicate_existing,canonical+command_index,vim +/pattern,weak_description,high
vim +10 file.txt,vim +10 file.txt,vim,Bash,Sekcja Komend,vim +10 file.txt,14036,,runtime/knowledge/source/linux_master_library_v1.pdf,RHCSA_Command_Library.pdf,duplicate_existing,canonical+command_index,vim +10 file.txt,weak_description,high
vim -R file.txt,vim -R file.txt,vim,Bash,Sekcja Komend,vim -R file.txt,14041,,runtime/knowledge/source/linux_master_library_v1.pdf,RHCSA_Command_Library.pdf,duplicate_existing,canonical+command_index,vim -R file.txt,weak_description,high
vim -d file1 file2,vim -d file1 file2,vim,Bash,Sekcja Komend,vim -d file1 file2,14046,,runtime/knowledge/source/linux_master_library_v1.pdf,RHCSA_Command_Library.pdf,duplicate_existing,canonical+command_index,vim -d file1 file2,weak_description,high
vim -u,vim -u,vim,Bash,Sekcja Komend,vim -u,14051,,runtime/knowledge/source/linux_master_library_v1.pdf,RHCSA_Command_Library.pdf,candidate,,,weak_description,medium
vim / vi,vim / vi,vim,Bash,Zaawansowany edytor 289,vim /etc/hosts,14056,,runtime/knowledge/source/linux_master_library_v1.pdf,LINUX COMMAND,candidate,,,,high
vim file.txt,vim file.txt,vim,Bash,Sekcja Komend,vim file.txt,14066,,runtime/knowledge/source/linux_master_library_v1.pdf,RHCSA_Command_Library.pdf,duplicate_existing,canonical+command_index,vim file.txt,weak_description,high
wc,wc,wc,Bash,"Liczy linie, słowa, bajty",wc -l /etc/passwd,14071,,runtime/knowledge/source/linux_master_library_v1.pdf,LINUX COMMAND,duplicate_existing,command_index,wc,,high
wc -l file # liczba linii,wc -l file # liczba linii,wc,Bash,10.4 Przetwarzanie Tekstu,wc -l file # liczba linii,14076,,runtime/knowledge/source/linux_master_library_v1.pdf,linux_engineering_book.md | linux_engineering_book.pdf,candidate,,,,high
wc file.txt,wc file.txt,wc,Bash,Sekcja Komend,wc file.txt,14081,,runtime/knowledge/source/linux_master_library_v1.pdf,RHCSA_Command_Library.pdf,candidate,,,weak_description,medium
whatis,whatis,whatis,Bash,Krótki opis komendy,whatis ls,14086,,runtime/knowledge/source/linux_master_library_v1.pdf,LINUX COMMAND,candidate,,,,high
xz,xz,xz,Bash,Kompresuje xz,xz file.txt,14091,,runtime/knowledge/source/linux_master_library_v1.pdf,LINUX COMMAND,candidate,,,,high
xzcat,xzcat,xzcat,Bash,Wyświetla xz,xzcat file.txt.xz,14096,,runtime/knowledge/source/linux_master_library_v1.pdf,LINUX COMMAND,candidate,,,,high
zcat,zcat,zcat,Bash,Wyświetla skompresowany plik 290,zcat file.txt.gz,14101,,runtime/knowledge/source/linux_master_library_v1.pdf,LINUX COMMAND,candidate,,,,high
zip,zip,zip,Bash,Tworzy zip,zip backup.zip file1 file2,14111,,runtime/knowledge/source/linux_master_library_v1.pdf,LINUX COMMAND,candidate,,,,high
/etc/ssh/ssh_config,/etc/ssh/ssh_config,/etc/ssh/ssh_config,SSH,Konfig klienta SSH,/etc/ssh/ssh_config,14117,291,runtime/knowledge/source/linux_master_library_v1.pdf,LINUX COMMAND,malformed,,,path_not_command,none
/etc/ssh/sshd_config,/etc/ssh/sshd_config,/etc/ssh/sshd_config,SSH,Always backup before edits.,/etc/ssh/sshd_config,14122,291,runtime/knowledge/source/linux_master_library_v1.pdf,LINUX COMMAND | RHCSA_Command_Library.pdf | komendy,malformed,,,path_not_command,none
"nft add rule inet edge_firewall inbound tcp dport { 22, 443 } ct state new accept","nft add rule inet edge_firewall inbound tcp dport { 22, 443 } ct state new accept",nft,SSH,Otwarcie portów dla usług SSH oraz HTTPS pod warunkiem inicjalizacji nowego połączenia (New),"nft add rule inet edge_firewall inbound tcp dport { 22, 443 } ct state new accept",14127,,runtime/knowledge/source/linux_master_library_v1.pdf,encyklopedia_inzynierii_linux.html | encyklopedia_inzynierii_linux.pdf,candidate,,,,high
scp,scp,scp,SSH,Kopiowanie przez SSH,scp file.txt user@host:/tmp | scp file user@server:/tmp | scp file user@host:/path,14132,291,runtime/knowledge/source/linux_master_library_v1.pdf,LINUX COMMAND,duplicate_existing,canonical+command_index,scp,,high
scp -P,scp -P,scp,SSH,Inny port SCP,scp -P 2222 file user@host:/tmp,14139,291,runtime/knowledge/source/linux_master_library_v1.pdf,LINUX COMMAND,candidate,,,,high
scp -P 2222 file.txt user@host:/path/,scp -P 2222 file.txt user@host:/path/,scp,SSH,secure copy. SAFE,scp -P 2222 file.txt user@host:/path/,14144,291,runtime/knowledge/source/linux_master_library_v1.pdf,komendy,candidate,,,,high
scp -r,scp -r,scp,SSH,Kopiowanie katalogu 291,scp -r /local user@server:/remote,14149,291,runtime/knowledge/source/linux_master_library_v1.pdf,LINUX COMMAND,candidate,,,,high
scp -r /etc root@host:/tmp,scp -r /etc root@host:/tmp,scp,SSH,copying sensitive configs.,scp -r /etc root@host:/tmp,14159,292,runtime/knowledge/source/linux_master_library_v1.pdf,komendy,candidate,,,,high
scp -r /etc root@host:/tmp copying sensitive configs.',scp -r /etc root@host:/tmp copying sensitive configs.',scp,SSH,Dangerous Mistakes,scp -r /etc root@host:/tmp` copying sensitive configs.,14164,292,runtime/knowledge/source/linux_master_library_v1.pdf,komendy,candidate,,,weak_description,medium
sftp,sftp,sftp,SSH,Interaktywny transfer SFTP,sftp user@host | sftp user@server,14169,292,runtime/knowledge/source/linux_master_library_v1.pdf,LINUX COMMAND,candidate,,,,high
sftp -P,sftp -P,sftp,SSH,Inny port SFTP,sftp -P 2222 user@host,14175,292,runtime/knowledge/source/linux_master_library_v1.pdf,LINUX COMMAND,candidate,,,,high
sftp user@host,sftp user@host,sftp,SSH,interactive SFTP. SAFE,sftp user@host,14180,292,runtime/knowledge/source/linux_master_library_v1.pdf,komendy,candidate,,,,high
ssh,ssh,ssh,SSH,Zdalna powłoka,ssh user@server,14185,292,runtime/knowledge/source/linux_master_library_v1.pdf,LINUX COMMAND,duplicate_existing,command_index,ssh,,high
"ssh $host ""uptime"" &","ssh $host ""uptime"" &",ssh,SSH,28.1 Bash — Zaawansowane Techniki,"ssh $host ""uptime"" &",14190,292,runtime/knowledge/source/linux_master_library_v1.pdf,linux_engineering_book.md | linux_engineering_book.pdf,candidate,,,,high
ssh -A user@host,ssh -A user@host,ssh,SSH,Sekcja Komend 292,ssh -A user@host,14195,292,runtime/knowledge/source/linux_master_library_v1.pdf,RHCSA_Command_Library.pdf,duplicate_existing,canonical+command_index,ssh -A user@host,,high
ssh -D,ssh -D,ssh,SSH,Dynamiczny SOCKS proxy,ssh -D 1080 user@server,14205,293,runtime/knowledge/source/linux_master_library_v1.pdf,LINUX COMMAND,duplicate_existing,canonical+command_index,ssh -D,,high
ssh -D,ssh -D,ssh,SSH,Sekcja Komend,ssh -D 1080,14210,293,runtime/knowledge/source/linux_master_library_v1.pdf,RHCSA_Command_Library.pdf,duplicate_existing,canonical+command_index+candidate_internal,ssh -D,weak_description,high
ssh -D 1080 user@host,ssh -D 1080 user@host,ssh,SSH,dynamic SOCKS proxy. CAUTION,ssh -D 1080 user@host,14215,293,runtime/knowledge/source/linux_master_library_v1.pdf,komendy,candidate,,,,high
ssh -J bastion user@internal,ssh -J bastion user@internal,ssh,SSH,jump host. SAFE,ssh -J bastion user@internal,14220,293,runtime/knowledge/source/linux_master_library_v1.pdf,komendy,candidate,,,,high
ssh -J jumphost,ssh -J jumphost,ssh,SSH,Sekcja Komend,ssh -J jumphost,14225,293,runtime/knowledge/source/linux_master_library_v1.pdf,RHCSA_Command_Library.pdf,duplicate_existing,canonical+command_index,ssh -J jumphost,weak_description,high
ssh -L,ssh -L,ssh,SSH,Lokalny port forwarding,ssh -L 8080:localhost:80 user@server | ssh -L,14230,293,runtime/knowledge/source/linux_master_library_v1.pdf,LINUX COMMAND | RHCSA_Command_Library.pdf,duplicate_existing,canonical+command_index,ssh -L,,high
ssh -L 8080:localhost:80 user@host,ssh -L 8080:localhost:80 user@host,ssh,SSH,local port forward. CAUTION,ssh -L 8080:localhost:80 user@host,14236,293,runtime/knowledge/source/linux_master_library_v1.pdf,komendy,candidate,,,,high
ssh -N -f -L,ssh -N -f -L,ssh,SSH,Sekcja Komend 293,ssh -N -f -L,14241,293,runtime/knowledge/source/linux_master_library_v1.pdf,RHCSA_Command_Library.pdf,duplicate_existing,canonical+command_index,ssh -N -f -L,,high
ssh -R,ssh -R,ssh,SSH,Zdalny port forwarding,ssh -R 9090:localhost:3000 user@server | ssh -R,14251,294,runtime/knowledge/source/linux_master_library_v1.pdf,LINUX COMMAND | RHCSA_Command_Library.pdf,duplicate_existing,canonical+command_index,ssh -R,,high
ssh -R 9090:localhost:3000 user@host,ssh -R 9090:localhost:3000 user@host,ssh,SSH,remote port forward. CAUTION,ssh -R 9090:localhost:3000 user@host,14257,294,runtime/knowledge/source/linux_master_library_v1.pdf,komendy,candidate,,,,high
ssh -X,ssh -X,ssh,SSH,X11 forwarding,ssh -X user@server,14262,294,runtime/knowledge/source/linux_master_library_v1.pdf,LINUX COMMAND,candidate,,,,high
ssh -X user@host,ssh -X user@host,ssh,SSH,Sekcja Komend,ssh -X user@host,14267,294,runtime/knowledge/source/linux_master_library_v1.pdf,RHCSA_Command_Library.pdf,duplicate_existing,canonical+command_index,ssh -X user@host,weak_description,high
ssh -i,ssh -i,ssh,SSH,Klucz prywatny,ssh -i ~/.ssh/id_rsa user@server | ssh -i,14272,294,runtime/knowledge/source/linux_master_library_v1.pdf,LINUX COMMAND | RHCSA_Command_Library.pdf,duplicate_existing,canonical+command_index,ssh -i,,high
ssh -i ~/.ssh/id_ed25519 user@host,ssh -i ~/.ssh/id_ed25519 user@host,ssh,SSH,specific key. SAFE,ssh -i ~/.ssh/id_ed25519 user@host,14278,294,runtime/knowledge/source/linux_master_library_v1.pdf,komendy,candidate,,,,high
ssh -o,ssh -o,ssh,SSH,bypass host key check. DANGEROUS,ssh -o,14283,294,runtime/knowledge/source/linux_master_library_v1.pdf,LINUX COMMAND | RHCSA_Command_Library.pdf | komendy,duplicate_existing,canonical+command_index,ssh -o,,high
ssh -p,ssh -p,ssh,SSH,Inny port 294,ssh -p 2222 user@server,14288,294,runtime/knowledge/source/linux_master_library_v1.pdf,LINUX COMMAND,duplicate_existing,canonical+command_index,ssh -p,,high
ssh -p,ssh -p,ssh,SSH,Sekcja Komend,ssh -p 2222,14298,295,runtime/knowledge/source/linux_master_library_v1.pdf,RHCSA_Command_Library.pdf,duplicate_existing,canonical+command_index+candidate_internal,ssh -p,weak_description,high
ssh -p 2222 user@host,ssh -p 2222 user@host,ssh,SSH,alternate port. SAFE,ssh -p 2222 user@host,14303,295,runtime/knowledge/source/linux_master_library_v1.pdf,komendy,candidate,,,,high
ssh -t user@host,ssh -t user@host,ssh,SSH,Sekcja Komend,ssh -t user@host,14308,295,runtime/knowledge/source/linux_master_library_v1.pdf,RHCSA_Command_Library.pdf,duplicate_existing,canonical+command_index,ssh -t user@host,weak_description,high
ssh -v user@host,ssh -v user@host,ssh,SSH,Sekcja Komend,ssh -v user@host,14313,295,runtime/knowledge/source/linux_master_library_v1.pdf,RHCSA_Command_Library.pdf,duplicate_existing,canonical+command_index,ssh -v user@host,weak_description,high
ssh -vvv user@host,ssh -vvv user@host,ssh,SSH,Sekcja Komend,ssh -vvv user@host,14318,295,runtime/knowledge/source/linux_master_library_v1.pdf,RHCSA_Command_Library.pdf,duplicate_existing,canonical+command_index,ssh -vvv user@host,weak_description,high
ssh user@host 'cat >,ssh user@host 'cat >,ssh,SSH,Sekcja Komend,ssh user@host 'cat >,14323,295,runtime/knowledge/source/linux_master_library_v1.pdf,RHCSA_Command_Library.pdf,candidate,,,weak_description,medium
ssh user@hostname,ssh user@hostname,ssh,SSH,Sekcja Komend,ssh user@hostname,14328,295,runtime/knowledge/source/linux_master_library_v1.pdf,RHCSA_Command_Library.pdf,duplicate_existing,canonical+command_index,ssh user@hostname,weak_description,high
ssh-add,ssh-add,ssh-add,SSH,Dodaje klucz do agenta 295,ssh-add ~/.ssh/id_rsa | ssh-add,14333,295,runtime/knowledge/source/linux_master_library_v1.pdf,LINUX COMMAND | RHCSA_Command_Library.pdf,duplicate_existing,canonical+command_index,ssh-add,,high
ssh-add -D,ssh-add -D,ssh-add,SSH,Usuwa wszystkie klucze,ssh-add -D,14344,296,runtime/knowledge/source/linux_master_library_v1.pdf,LINUX COMMAND,candidate,,,,high
ssh-add -l,ssh-add -l,ssh-add,SSH,list loaded keys. SAFE,ssh-add -l,14349,296,runtime/knowledge/source/linux_master_library_v1.pdf,LINUX COMMAND | RHCSA_Command_Library.pdf | komendy,candidate,,,,high
ssh-add ~/.ssh/id_ed25519,ssh-add ~/.ssh/id_ed25519,ssh-add,SSH,add key to agent. SAFE,ssh-add ~/.ssh/id_ed25519,14354,296,runtime/knowledge/source/linux_master_library_v1.pdf,komendy,candidate,,,,high
ssh-agent,ssh-agent,ssh-agent,SSH,Agent kluczy,ssh-agent,14359,296,runtime/knowledge/source/linux_master_library_v1.pdf,LINUX COMMAND,candidate,,,,high
ssh-agent -k,ssh-agent -k,ssh-agent,SSH,Kill agent,ssh-agent -k,14364,296,runtime/knowledge/source/linux_master_library_v1.pdf,LINUX COMMAND,candidate,,,,high
ssh-agent -s,ssh-agent -s,ssh-agent,SSH,start agent. SAFE,ssh-agent -s,14369,296,runtime/knowledge/source/linux_master_library_v1.pdf,komendy,candidate,,,,high
ssh-copy-id,ssh-copy-id,ssh-copy-id,SSH,Kopiuje klucz publiczny,ssh-copy-id user@server | ssh-copy-id,14374,296,runtime/knowledge/source/linux_master_library_v1.pdf,LINUX COMMAND | RHCSA_Command_Library.pdf,duplicate_existing,canonical+command_index,ssh-copy-id,,high
ssh-copy-id -i,ssh-copy-id -i,ssh-copy-id,SSH,Sekcja Komend 296,ssh-copy-id -i,14380,296,runtime/knowledge/source/linux_master_library_v1.pdf,RHCSA_Command_Library.pdf,candidate,,,,high
ssh-copy-id -i ~/.ssh/id_ed25519.pub user@host,ssh-copy-id -i ~/.ssh/id_ed25519.pub user@host,ssh-copy-id,SSH,install public key. SAFE,ssh-copy-id -i ~/.ssh/id_ed25519.pub user@host,14390,297,runtime/knowledge/source/linux_master_library_v1.pdf,komendy,candidate,,,,high
ssh-copy-id -i ~/.ssh/id_ed25519.pub user@server # kopiuj klucz,ssh-copy-id -i ~/.ssh/id_ed25519.pub user@server # kopiuj klucz,ssh-copy-id,SSH,9.2 SSH Hardening,ssh-copy-id -i ~/.ssh/id_ed25519.pub user@server # kopiuj klucz,14395,297,runtime/knowledge/source/linux_master_library_v1.pdf,linux_engineering_book.md | linux_engineering_book.pdf,candidate,,,,high
ssh-keygen,ssh-keygen,ssh-keygen,SSH,Generuje klucz SSH,ssh-keygen -t ed25519,14400,297,runtime/knowledge/source/linux_master_library_v1.pdf,LINUX COMMAND,candidate,,,,high
ssh-keygen -R,ssh-keygen -R,ssh-keygen,SSH,Usuwa z known_hosts,ssh-keygen -R server | ssh-keygen -R,14405,297,runtime/knowledge/source/linux_master_library_v1.pdf,LINUX COMMAND | RHCSA_Command_Library.pdf,candidate,,,,high
ssh-keygen -f,ssh-keygen -f,ssh-keygen,SSH,Sekcja Komend,ssh-keygen -f,14411,297,runtime/knowledge/source/linux_master_library_v1.pdf,RHCSA_Command_Library.pdf,candidate,,,weak_description,medium
ssh-keygen -l -f,ssh-keygen -l -f,ssh-keygen,SSH,Sekcja Komend,ssh-keygen -l -f,14416,297,runtime/knowledge/source/linux_master_library_v1.pdf,RHCSA_Command_Library.pdf,candidate,,,weak_description,medium
ssh-keygen -p -f,ssh-keygen -p -f,ssh-keygen,SSH,Sekcja Komend,ssh-keygen -p -f,14421,297,runtime/knowledge/source/linux_master_library_v1.pdf,RHCSA_Command_Library.pdf,candidate,,,weak_description,medium
ssh-keygen -t,ssh-keygen -t,ssh-keygen,SSH,Sekcja Komend 297,ssh-keygen -t,14426,297,runtime/knowledge/source/linux_master_library_v1.pdf,RHCSA_Command_Library.pdf,candidate,,,,high
ssh-keygen -t ecdsa,ssh-keygen -t ecdsa,ssh-keygen,SSH,Sekcja Komend,ssh-keygen -t ecdsa,14436,298,runtime/knowledge/source/linux_master_library_v1.pdf,LINUX COMMAND | RHCSA_Command_Library.pdf,candidate,,,weak_description,medium
ssh-keygen -t ed25519,ssh-keygen -t ed25519,ssh-keygen,SSH,Ed25519 key,ssh-keygen -t ed25519,14441,298,runtime/knowledge/source/linux_master_library_v1.pdf,LINUX COMMAND,candidate,,,,high
"ssh-keygen -t ed25519 -C ""alice@example.com""","ssh-keygen -t ed25519 -C ""alice@example.com""",ssh-keygen,SSH,generate modern key. SAFE,"ssh-keygen -t ed25519 -C ""alice@example.com""",14446,298,runtime/knowledge/source/linux_master_library_v1.pdf,komendy,candidate,,,,high
"ssh-keygen -t ed25519 -C ""user@host"" # generuj klucz","ssh-keygen -t ed25519 -C ""user@host"" # generuj klucz",ssh-keygen,SSH,9.2 SSH Hardening,"ssh-keygen -t ed25519 -C ""user@host"" # generuj klucz",14451,298,runtime/knowledge/source/linux_master_library_v1.pdf,linux_engineering_book.md | linux_engineering_book.pdf,candidate,,,,high
ssh-keygen -t rsa,ssh-keygen -t rsa,ssh-keygen,SSH,RSA key,ssh-keygen -t rsa -b 4096,14456,298,runtime/knowledge/source/linux_master_library_v1.pdf,LINUX COMMAND,candidate,,,,high
ssh-keygen -t rsa -b,ssh-keygen -t rsa -b,ssh-keygen,SSH,Sekcja Komend,ssh-keygen -t rsa -b,14461,298,runtime/knowledge/source/linux_master_library_v1.pdf,RHCSA_Command_Library.pdf,candidate,,,weak_description,medium
ssh-keygen -t rsa -b,ssh-keygen -t rsa -b,ssh-keygen,SSH,legacy RSA. SAFE,ssh-keygen -t rsa -b 4096,14466,298,runtime/knowledge/source/linux_master_library_v1.pdf,komendy,duplicate_existing,candidate_internal,ssh-keygen -t rsa -b,,high
ssh-keygen -y -f,ssh-keygen -y -f,ssh-keygen,SSH,Sekcja Komend 298,ssh-keygen -y -f,14471,298,runtime/knowledge/source/linux_master_library_v1.pdf,RHCSA_Command_Library.pdf,candidate,,,,high
ssh-keyscan,ssh-keyscan,ssh-keyscan,SSH,Zbiera host keys,ssh-keyscan github.com,14481,299,runtime/knowledge/source/linux_master_library_v1.pdf,LINUX COMMAND,candidate,,,,high
sshpass,sshpass,sshpass,SSH,SSH z hasłem (niezalecane),sshpass -p pass ssh user@server,14486,299,runtime/knowledge/source/linux_master_library_v1.pdf,LINUX COMMAND,candidate,,,,high
abrt-cli,abrt-cli,abrt-cli,Logs,Analiza crashy,abrt-cli,14492,299,runtime/knowledge/source/linux_master_library_v1.pdf,LINUX COMMAND,candidate,,,,high
audisp-remote,audisp-remote,audisp-remote,Logs,Remote logging,audisp-remote,14497,299,runtime/knowledge/source/linux_master_library_v1.pdf,LINUX COMMAND,candidate,,,,high
audispd,audispd,audispd,Logs,Audit dispatcher systemctl,,14502,299,runtime/knowledge/source/linux_master_library_v1.pdf,LINUX COMMAND,candidate,,,,high
auditctl,auditctl,auditctl,Logs,for system call auditing. SAFE,auditctl -l | auditctl,14507,299,runtime/knowledge/source/linux_master_library_v1.pdf,LINUX COMMAND | komendy,candidate,,,,high
auditctl --backlog_wait_time,auditctl --backlog_wait_time,auditctl,Logs,Backlog wait,auditctl --backlog_wait_time 60000,14513,299,runtime/knowledge/source/linux_master_library_v1.pdf,LINUX COMMAND,candidate,,,,high
auditctl -A,auditctl -A,auditctl,Logs,Append rule 299,"auditctl -A exit,always -S openat",14518,299,runtime/knowledge/source/linux_master_library_v1.pdf,LINUX COMMAND,candidate,,,,high
auditctl -C,auditctl -C,auditctl,Logs,Compare fields,"auditctl -a always,exit -C uid!=euid",14528,300,runtime/knowledge/source/linux_master_library_v1.pdf,LINUX COMMAND,candidate,,,,high
auditctl -D,auditctl -D,auditctl,Logs,Delete all rules,auditctl -D,14533,300,runtime/knowledge/source/linux_master_library_v1.pdf,LINUX COMMAND,candidate,,,,high
auditctl -F,auditctl -F,auditctl,Logs,Filter field,"auditctl -a always,exit -F arch=b64 -S setuid",14538,300,runtime/knowledge/source/linux_master_library_v1.pdf,LINUX COMMAND,candidate,,,,high
auditctl -I,auditctl -I,auditctl,Logs,Insert rule,auditctl -I 1 -w /etc/passwd -p wa,14543,300,runtime/knowledge/source/linux_master_library_v1.pdf,LINUX COMMAND,candidate,,,,high
auditctl -R,auditctl -R,auditctl,Logs,Read rules from file,auditctl -R /etc/audit/rules.d/audit.rules,14548,300,runtime/knowledge/source/linux_master_library_v1.pdf,LINUX COMMAND,candidate,,,,high
auditctl -S,auditctl -S,auditctl,Logs,Syscall,"auditctl -a always,exit -S all -F uid=0",14553,300,runtime/knowledge/source/linux_master_library_v1.pdf,LINUX COMMAND,candidate,,,,high
auditctl -a,auditctl -a,auditctl,Logs,Add rule,"auditctl -a always,exit -F arch=b64 -S openat",14558,300,runtime/knowledge/source/linux_master_library_v1.pdf,LINUX COMMAND,candidate,,,,high
"auditctl -a always,exit -F arch=b64 -S execve -k exec_log","auditctl -a always,exit -F arch=b64 -S execve -k exec_log",auditctl,Logs,9.5 Hardening Systemu 300,"auditctl -a always,exit -F arch=b64 -S execve -k exec_log",14563,300,runtime/knowledge/source/linux_master_library_v1.pdf,linux_engineering_book.md | linux_engineering_book.pdf,candidate,,,,high
auditctl -b,auditctl -b,auditctl,Logs,Backlog limit,auditctl -b 8192,14573,301,runtime/knowledge/source/linux_master_library_v1.pdf,LINUX COMMAND,candidate,,,,high
auditctl -d,auditctl -d,auditctl,Logs,Delete rule,"auditctl -d always,exit -F arch=b64 -S openat",14578,301,runtime/knowledge/source/linux_master_library_v1.pdf,LINUX COMMAND,candidate,,,,high
auditctl -e,auditctl -e,auditctl,Logs,Enable/disable,auditctl -e 1,14583,301,runtime/knowledge/source/linux_master_library_v1.pdf,LINUX COMMAND,candidate,,,,high
auditctl -f,auditctl -f,auditctl,Logs,Failure mode,auditctl -f 1,14588,301,runtime/knowledge/source/linux_master_library_v1.pdf,LINUX COMMAND,candidate,,,,high
auditctl -h,auditctl -h,auditctl,Logs,Help,auditctl -h,14593,301,runtime/knowledge/source/linux_master_library_v1.pdf,LINUX COMMAND,candidate,,,,high
auditctl -k,auditctl -k,auditctl,Logs,Key for rule,auditctl -w /etc/shadow -p wa -k shadow_watch,14598,301,runtime/knowledge/source/linux_master_library_v1.pdf,LINUX COMMAND,candidate,,,,high
auditctl -l,auditctl -l,auditctl,Logs,List rules,auditctl -l,14603,301,runtime/knowledge/source/linux_master_library_v1.pdf,LINUX COMMAND,candidate,,,,high
auditctl -m,auditctl -m,auditctl,Logs,Send user message 301,"auditctl -m ""Message""",14608,301,runtime/knowledge/source/linux_master_library_v1.pdf,LINUX COMMAND,candidate,,,,high
auditctl -p,auditctl -p,auditctl,Logs,Permissions (rwxa),auditctl -w /etc/passwd -p rwxa,14618,302,runtime/knowledge/source/linux_master_library_v1.pdf,LINUX COMMAND,candidate,,,,high
auditctl -q,auditctl -q,auditctl,Logs,Query,auditctl -q,14623,302,runtime/knowledge/source/linux_master_library_v1.pdf,LINUX COMMAND,candidate,,,,high
auditctl -r,auditctl -r,auditctl,Logs,Rate limit,auditctl -r 0,14628,302,runtime/knowledge/source/linux_master_library_v1.pdf,LINUX COMMAND,candidate,,,,high
auditctl -s,auditctl -s,auditctl,Logs,Status,auditctl -s,14633,302,runtime/knowledge/source/linux_master_library_v1.pdf,LINUX COMMAND,candidate,,,,high
auditctl -t,auditctl -t,auditctl,Logs,Trim logs,auditctl -t,14638,302,runtime/knowledge/source/linux_master_library_v1.pdf,LINUX COMMAND,candidate,,,,high
auditctl -v,auditctl -v,auditctl,Logs,Version,auditctl -v,14643,302,runtime/knowledge/source/linux_master_library_v1.pdf,LINUX COMMAND,candidate,,,,high
auditctl -w,auditctl -w,auditctl,Logs,Watch file,auditctl -w /etc/passwd -p wa -k passwd_changes,14648,302,runtime/knowledge/source/linux_master_library_v1.pdf,LINUX COMMAND,candidate,,,,high
auditctl -w /etc/passwd -p wa -k identity,auditctl -w /etc/passwd -p wa -k identity,auditctl,Logs,watch file. SAFE 302,auditctl -w /etc/passwd -p wa -k identity,14653,302,runtime/knowledge/source/linux_master_library_v1.pdf,komendy,candidate,,,,high
auditctl -w /etc/passwd -p wa -k passwd_changes,auditctl -w /etc/passwd -p wa -k passwd_changes,auditctl,Logs,9.5 Hardening Systemu,auditctl -w /etc/passwd -p wa -k passwd_changes,14663,303,runtime/knowledge/source/linux_master_library_v1.pdf,linux_engineering_book.md | linux_engineering_book.pdf,candidate,,,,high
auditctl -w /etc/shadow -p wa -k shadow_changes,auditctl -w /etc/shadow -p wa -k shadow_changes,auditctl,Logs,9.5 Hardening Systemu,auditctl -w /etc/shadow -p wa -k shadow_changes,14668,303,runtime/knowledge/source/linux_master_library_v1.pdf,linux_engineering_book.md | linux_engineering_book.pdf,candidate,,,,high
auditd,auditd,auditd,Logs,Audit daemon systemctl,,14673,303,runtime/knowledge/source/linux_master_library_v1.pdf,LINUX COMMAND,candidate,,,,high
augenrules,augenrules,augenrules,Logs,Generate rules,augenrules --load,14678,303,runtime/knowledge/source/linux_master_library_v1.pdf,LINUX COMMAND,candidate,,,,high
aureport,aureport,aureport,Logs,Audit report,aureport --login,14683,303,runtime/knowledge/source/linux_master_library_v1.pdf,LINUX COMMAND,duplicate_existing,canonical+command_index,aureport,,high
aureport --login --summary,aureport --login --summary,aureport,Logs,login report. SAFE,aureport --login --summary,14688,303,runtime/knowledge/source/linux_master_library_v1.pdf,komendy,candidate,,,,high
aureport --summary,aureport --summary,aureport,Logs,9.5 Hardening Systemu,aureport --summary,14693,303,runtime/knowledge/source/linux_master_library_v1.pdf,LINUX COMMAND | linux_engineering_book.md | linux_engineering_book.pdf,candidate,,,,high
aureport -au,aureport -au,aureport,Logs,Authentication report 303,aureport -au,14698,303,runtime/knowledge/source/linux_master_library_v1.pdf,LINUX COMMAND,candidate,,,,high
aureport -f,aureport -f,aureport,Logs,File report,aureport -f,14708,304,runtime/knowledge/source/linux_master_library_v1.pdf,LINUX COMMAND,candidate,,,,high
aureport -l,aureport -l,aureport,Logs,Login report,aureport -l,14713,304,runtime/knowledge/source/linux_master_library_v1.pdf,LINUX COMMAND,candidate,,,,high
aureport -x,aureport -x,aureport,Logs,Executable report,aureport -x,14718,304,runtime/knowledge/source/linux_master_library_v1.pdf,LINUX COMMAND,candidate,,,,high
ausearch,ausearch,ausearch,Logs,Wyszukiwanie w audit.log,ausearch -m avc -ts recent,14723,304,runtime/knowledge/source/linux_master_library_v1.pdf,LINUX COMMAND,candidate,,,,high
ausearch -c,ausearch -c,ausearch,Logs,By command,ausearch -c httpd,14728,304,runtime/knowledge/source/linux_master_library_v1.pdf,LINUX COMMAND,candidate,,,,high
ausearch -f,ausearch -f,ausearch,Logs,By file,ausearch -f /etc/passwd,14733,304,runtime/knowledge/source/linux_master_library_v1.pdf,LINUX COMMAND,candidate,,,,high
ausearch -ga,ausearch -ga,ausearch,Logs,By GID,ausearch -ga 1000,14738,304,runtime/knowledge/source/linux_master_library_v1.pdf,LINUX COMMAND,candidate,,,,high
ausearch -i,ausearch -i,ausearch,Logs,Interpret 304,ausearch -i,14743,304,runtime/knowledge/source/linux_master_library_v1.pdf,LINUX COMMAND,candidate,,,,high
ausearch -k,ausearch -k,ausearch,Logs,By key,ausearch -k mykey,14753,305,runtime/knowledge/source/linux_master_library_v1.pdf,LINUX COMMAND,candidate,,,,high
ausearch -k identity,ausearch -k identity,ausearch,Logs,search by key. SAFE,ausearch -k identity,14758,305,runtime/knowledge/source/linux_master_library_v1.pdf,komendy,candidate,,,,high
ausearch -k passwd_changes,ausearch -k passwd_changes,ausearch,Logs,9.5 Hardening Systemu,ausearch -k passwd_changes,14763,305,runtime/knowledge/source/linux_master_library_v1.pdf,linux_engineering_book.md | linux_engineering_book.pdf,candidate,,,,high
ausearch -m,ausearch -m,ausearch,Logs,24.1 SELinux — Tworzenie Polityk,ausearch -m,14768,305,runtime/knowledge/source/linux_master_library_v1.pdf,RHCSA_Command_Library.pdf | linux_engineering_book.md | linux_engineering_book.pdf,candidate,,,,high
ausearch -m avc,ausearch -m avc,ausearch,Logs,AVC messages,ausearch -m avc -ts recent,14773,305,runtime/knowledge/source/linux_master_library_v1.pdf,LINUX COMMAND,candidate,,,,high
ausearch -m avc -ts recent,ausearch -m avc -ts recent,ausearch,Logs,recent denials. SAFE,ausearch -m avc -ts recent,14778,305,runtime/knowledge/source/linux_master_library_v1.pdf,komendy,candidate,,,,high
ausearch -m selinux_err,ausearch -m selinux_err,ausearch,Logs,SELinux errors,ausearch -m selinux_err,14783,305,runtime/knowledge/source/linux_master_library_v1.pdf,LINUX COMMAND,candidate,,,,high
ausearch -m user_avc,ausearch -m user_avc,ausearch,Logs,User AVC 305,ausearch -m user_avc,14788,305,runtime/knowledge/source/linux_master_library_v1.pdf,LINUX COMMAND,candidate,,,,high
ausearch -m user_login,ausearch -m user_login,ausearch,Logs,Login messages,ausearch -m user_login,14798,306,runtime/knowledge/source/linux_master_library_v1.pdf,LINUX COMMAND,candidate,,,,high
ausearch -m user_logout,ausearch -m user_logout,ausearch,Logs,Logout messages,ausearch -m user_logout,14803,306,runtime/knowledge/source/linux_master_library_v1.pdf,LINUX COMMAND,candidate,,,,high
ausearch -pp,ausearch -pp,ausearch,Logs,By PID,ausearch -pp 1234,14808,306,runtime/knowledge/source/linux_master_library_v1.pdf,LINUX COMMAND,candidate,,,,high
ausearch -r,ausearch -r,ausearch,Logs,Raw,ausearch -r,14813,306,runtime/knowledge/source/linux_master_library_v1.pdf,LINUX COMMAND,candidate,,,,high
ausearch -sc,ausearch -sc,ausearch,Logs,By syscall,ausearch -sc openat,14818,306,runtime/knowledge/source/linux_master_library_v1.pdf,LINUX COMMAND,candidate,,,,high
ausearch -te,ausearch -te,ausearch,Logs,Time end,ausearch -te now,14823,306,runtime/knowledge/source/linux_master_library_v1.pdf,LINUX COMMAND,candidate,,,,high
ausearch -ts,ausearch -ts,ausearch,Logs,Time start,ausearch -ts today,14828,306,runtime/knowledge/source/linux_master_library_v1.pdf,LINUX COMMAND,candidate,,,,high
ausearch -ui,ausearch -ui,ausearch,Logs,By UID 306,ausearch -ui 1000,14833,306,runtime/knowledge/source/linux_master_library_v1.pdf,LINUX COMMAND,candidate,,,,high
ausearch -x,ausearch -x,ausearch,Logs,Exact match,ausearch -x /usr/bin/bash,14843,307,runtime/knowledge/source/linux_master_library_v1.pdf,LINUX COMMAND,candidate,,,,high
dmesg,dmesg,dmesg,Logs,grep -i Komunikaty jdra o sobie shutdown -h +10 Wycz za 10 minut,dmesg -T | dmesg,14848,307,runtime/knowledge/source/linux_master_library_v1.pdf,LINUX COMMAND | RHCSA_Command_Library.pdf | komendy | linux_engineering_book.pdf,duplicate_existing,canonical+command_index,dmesg,,high
dmesg -H,dmesg -H,dmesg,Logs,Sekcja Komend,dmesg -H,14854,307,runtime/knowledge/source/linux_master_library_v1.pdf,RHCSA_Command_Library.pdf,candidate,,,weak_description,medium
dmesg -T,dmesg -T,dmesg,Logs,Czytelne timestamps,dmesg -T \ | dmesg -T,14859,307,runtime/knowledge/source/linux_master_library_v1.pdf,LINUX COMMAND | RHCSA_Command_Library.pdf,candidate,,,,high
dmesg -T # z timestampami,dmesg -T # z timestampami,dmesg,Logs,,dmesg — ring buffer jądra | dmesg -T # z timestampami,14865,307,runtime/knowledge/source/linux_master_library_v1.pdf,linux_engineering_book.md | linux_engineering_book.pdf,candidate,,,,high
"dmesg -T --level=err,warn","dmesg -T --level=err,warn",dmesg,Logs,"kernel ring buffer, readable timestamps. CAUTION (verbose)","dmesg -T --level=err,warn",14870,307,runtime/knowledge/source/linux_master_library_v1.pdf,komendy,candidate,,,,high
dmesg -c,dmesg -c,dmesg,Logs,Sekcja Komend,dmesg -c,14875,307,runtime/knowledge/source/linux_master_library_v1.pdf,RHCSA_Command_Library.pdf,candidate,,,weak_description,medium
"dmesg -l err,warn # tylko błędy i ostrzeżenia","dmesg -l err,warn # tylko błędy i ostrzeżenia",dmesg,Logs,307,"dmesg — ring buffer jądra | dmesg -l err,warn # tylko błędy i ostrzeżenia",14880,307,runtime/knowledge/source/linux_master_library_v1.pdf,linux_engineering_book.md | linux_engineering_book.pdf,candidate,,,,high
dmesg -w,dmesg -w,dmesg,Logs,Na żywo,dmesg -w,14890,308,runtime/knowledge/source/linux_master_library_v1.pdf,LINUX COMMAND,candidate,,,,high
dmesg -w # follow,dmesg -w # follow,dmesg,Logs,,dmesg — ring buffer jądra | dmesg -w # follow,14895,308,runtime/knowledge/source/linux_master_library_v1.pdf,linux_engineering_book.md | linux_engineering_book.pdf,candidate,,,,high
dmesg -w ledzenie nowych komunikatów jdra cat /etc/audit/audit,dmesg -w ledzenie nowych komunikatów jdra cat /etc/audit/audit,dmesg,Logs,Sekcja Komend,dmesg -w ledzenie nowych komunikatów jdra cat /etc/audit/audit,14900,308,runtime/knowledge/source/linux_master_library_v1.pdf,RHCSA_Command_Library.pdf,candidate,,,weak_description,medium
"dmesg | grep -i ""out of memory""","dmesg | grep -i ""out of memory""",dmesg,Logs,5.4 OOM Killer,"dmesg | grep -i ""out of memory""",14905,308,runtime/knowledge/source/linux_master_library_v1.pdf,linux_engineering_book.md,candidate,,,,high
dmesg | tail,dmesg | tail,dmesg,Logs,27.1 Prosty Moduł,dmesg | tail,14910,308,runtime/knowledge/source/linux_master_library_v1.pdf,linux_engineering_book.md,candidate,,,,high
dmesg → sprawdź,dmesg → sprawdź,dmesg,Logs,Dodatek B: Komendy Ratunkowe,dmesg → sprawdź,14915,308,runtime/knowledge/source/linux_master_library_v1.pdf,linux_engineering_book.md | linux_engineering_book.pdf,candidate,,,,high
logrotate,logrotate,logrotate,Logs,Rotacja logów,logrotate -d /etc/logrotate.conf,14920,308,runtime/knowledge/source/linux_master_library_v1.pdf,LINUX COMMAND,candidate,,,,high
logrotate -d /etc/logrotate.conf,logrotate -d /etc/logrotate.conf,logrotate,Logs,debug mode (dry-run). SAFE 308,logrotate -d /etc/logrotate.conf,14925,308,runtime/knowledge/source/linux_master_library_v1.pdf,komendy,candidate,,,,high
logrotate -f /etc/logrotate.conf,logrotate -f /etc/logrotate.conf,logrotate,Logs,force rotation. CAUTION,logrotate -f /etc/logrotate.conf,14935,309,runtime/knowledge/source/linux_master_library_v1.pdf,komendy,candidate,,,,high
script,script,script,Logs,record terminal session. SAFE,script session.log | script,14940,309,runtime/knowledge/source/linux_master_library_v1.pdf,LINUX COMMAND | komendy,candidate,,,,high
sealert,sealert,sealert,Logs,Analiza alertów (SETroubleshoot),sealert -a /var/log/audit/audit.log,14946,309,runtime/knowledge/source/linux_master_library_v1.pdf,LINUX COMMAND,candidate,,,,high
sealert -a /var/log/audit/audit.log,sealert -a /var/log/audit/audit.log,sealert,Logs,9.3 SELinux,sealert -a /var/log/audit/audit.log,14951,309,runtime/knowledge/source/linux_master_library_v1.pdf,linux_engineering_book.md | linux_engineering_book.pdf,candidate,,,,high
sosreport,sosreport,sosreport,Logs,Zbiera diagnostykę,sosreport,14956,309,runtime/knowledge/source/linux_master_library_v1.pdf,LINUX COMMAND,candidate,,,,high
/etc/selinux/config,/etc/selinux/config,/etc/selinux/config,Security,Disabling SELinux in without reboot planning.,/etc/selinux/config,14962,309,runtime/knowledge/source/linux_master_library_v1.pdf,LINUX COMMAND | komendy,malformed,canonical+command_index,/etc/selinux/config,path_not_command,none
/var/log/audit/audit.log,/var/log/audit/audit.log,/var/log/audit/audit.log,Security,Logi audytu tail -f /var/log/audit/audit.log,,14967,309,runtime/knowledge/source/linux_master_library_v1.pdf,LINUX COMMAND,malformed,,,path_not_command,none
aide,aide,aide,Security,Intrusion detection 309,aide --init,14972,309,runtime/knowledge/source/linux_master_library_v1.pdf,LINUX COMMAND,candidate,,,,high
aide --check,aide --check,aide,Security,Sprawdza integralność,aide --check,14982,310,runtime/knowledge/source/linux_master_library_v1.pdf,LINUX COMMAND | komendy,candidate,,,,high
aide --update,aide --update,aide,Security,Aktualizuje bazę,aide --update,14987,310,runtime/knowledge/source/linux_master_library_v1.pdf,LINUX COMMAND,candidate,,,,high
audit2allow,audit2allow,audit2allow,Security,SELinux denials logged as ; use and for analysis.,audit2allow -a -M mymodule | audit2allow,14992,310,runtime/knowledge/source/linux_master_library_v1.pdf,LINUX COMMAND | komendy,candidate,,,,high
audit2allow -M mymodule,audit2allow -M mymodule,audit2allow,Security,Running and blindly applying without review.,audit2allow -M mymodule,14998,310,runtime/knowledge/source/linux_master_library_v1.pdf,komendy,candidate,,,,high
audit2allow -a,audit2allow -a,audit2allow,Security,Generate allow from audit,audit2allow -a -M local,15003,310,runtime/knowledge/source/linux_master_library_v1.pdf,LINUX COMMAND,candidate,,,,high
audit2allow -a # generuj politykę z odmów,audit2allow -a # generuj politykę z odmów,audit2allow,Security,9.3 SELinux,audit2allow -a # generuj politykę z odmów,15008,310,runtime/knowledge/source/linux_master_library_v1.pdf,linux_engineering_book.md | linux_engineering_book.pdf,candidate,,,,high
audit2allow -i,audit2allow -i,audit2allow,Security,From specific file,audit2allow -i /var/log/audit/audit.log,15013,310,runtime/knowledge/source/linux_master_library_v1.pdf,LINUX COMMAND,candidate,,,,high
audit2why,audit2why,audit2why,Security,SELinux denials logged as ; use and for analysis. 310,audit2why < /var/log/audit/audit.log | audit2why,15018,310,runtime/knowledge/source/linux_master_library_v1.pdf,LINUX COMMAND | komendy,candidate,,,,high
audit2why -w,audit2why -w,audit2why,Security,Why denied,audit2why -w,15029,311,runtime/knowledge/source/linux_master_library_v1.pdf,LINUX COMMAND,candidate,,,,high
authselect,authselect,authselect,Security,Nowoczesna auth config,authselect select sssd,15034,311,runtime/knowledge/source/linux_master_library_v1.pdf,LINUX COMMAND,duplicate_existing,canonical+command_index,authselect,,high
authselect current,authselect current,authselect,Security,Aktualny profil,authselect current,15039,311,runtime/knowledge/source/linux_master_library_v1.pdf,LINUX COMMAND,candidate,,,,high
certmonger,certmonger,certmonger,Security,Certificate management,certmonger,15044,311,runtime/knowledge/source/linux_master_library_v1.pdf,LINUX COMMAND,candidate,,,,high
certtool,certtool,certtool,Security,GnuTLS cert tool,certtool --generate-self-signed ...,15049,311,runtime/knowledge/source/linux_master_library_v1.pdf,LINUX COMMAND,candidate,,,,high
chcon,chcon,chcon,Security,Tymczasowa zmiana kontekstu,chcon -t httpd_sys_content_t file,15054,311,runtime/knowledge/source/linux_master_library_v1.pdf,LINUX COMMAND,candidate,,,,high
chcon --reference,chcon --reference,chcon,Security,Reference file context,chcon --reference /etc/hosts file,15059,311,runtime/knowledge/source/linux_master_library_v1.pdf,LINUX COMMAND,candidate,,,,high
chcon --reference=/e,chcon --reference=/e,chcon,Security,Sekcja Komend 311,chcon --reference=/e,15064,311,runtime/knowledge/source/linux_master_library_v1.pdf,RHCSA_Command_Library.pdf,candidate,,,,high
chcon -R,chcon -R,chcon,Security,Rekurencyjnie,chcon -R -t httpd_sys_content_t /web,15074,312,runtime/knowledge/source/linux_master_library_v1.pdf,LINUX COMMAND,candidate,,,,high
chcon -R -t,chcon -R -t,chcon,Security,Sekcja Komend,chcon -R -t,15079,312,runtime/knowledge/source/linux_master_library_v1.pdf,RHCSA_Command_Library.pdf,candidate,,,weak_description,medium
chcon -r,chcon -r,chcon,Security,SELinux role change,chcon -r object_r file,15084,312,runtime/knowledge/source/linux_master_library_v1.pdf,LINUX COMMAND,candidate,,,,high
chcon -t,chcon -t,chcon,Security,SELinux type change,chcon -t httpd_sys_content_t file | chcon -t,15089,312,runtime/knowledge/source/linux_master_library_v1.pdf,LINUX COMMAND | RHCSA_Command_Library.pdf,candidate,,,,high
chcon -t httpd_sys_content_t file,chcon -t httpd_sys_content_t file,chcon,Security,temporary context change. CAUTION,chcon -t httpd_sys_content_t file,15095,312,runtime/knowledge/source/linux_master_library_v1.pdf,komendy,candidate,,,,high
chcon -u,chcon -u,chcon,Security,SELinux user change,chcon -u system_u file,15100,312,runtime/knowledge/source/linux_master_library_v1.pdf,LINUX COMMAND,candidate,,,,high
checkmodule,checkmodule,checkmodule,Security,Kompiluje moduł,checkmodule -M -m -o mymod.mod mymod.te,15105,312,runtime/knowledge/source/linux_master_library_v1.pdf,LINUX COMMAND,candidate,,,,high
checkmodule -M -m,checkmodule -M -m,checkmodule,Security,Compile module 312,checkmodule -M -m -o mymod.mod mymod.te,15110,312,runtime/knowledge/source/linux_master_library_v1.pdf,LINUX COMMAND,candidate,,,,high
checkmodule -M -m -o mypolicy.mod mypolicy.te,checkmodule -M -m -o mypolicy.mod mypolicy.te,checkmodule,Security,24.1 SELinux — Tworzenie Polityk,checkmodule -M -m -o mypolicy.mod mypolicy.te,15120,313,runtime/knowledge/source/linux_master_library_v1.pdf,linux_engineering_book.md | linux_engineering_book.pdf,candidate,,,,high
checkpolicy,checkpolicy,checkpolicy,Security,Check policy,checkpolicy -M -o policy.conf policy.te,15125,313,runtime/knowledge/source/linux_master_library_v1.pdf,LINUX COMMAND,candidate,,,,high
chkrootkit,chkrootkit,chkrootkit,Security,Rootkit checker,chkrootkit,15130,313,runtime/knowledge/source/linux_master_library_v1.pdf,LINUX COMMAND,candidate,,,,high
fixfiles,fixfiles,fixfiles,Security,Naprawia konteksty masowo,fixfiles onboot | fixfiles,15135,313,runtime/knowledge/source/linux_master_library_v1.pdf,LINUX COMMAND,candidate,,,,high
fixfiles relabel,fixfiles relabel,fixfiles,Security,Relabel,fixfiles relabel,15141,313,runtime/knowledge/source/linux_master_library_v1.pdf,LINUX COMMAND,candidate,,,,high
fixfiles restore,fixfiles restore,fixfiles,Security,Restore contexts,fixfiles restore /var/www,15146,313,runtime/knowledge/source/linux_master_library_v1.pdf,LINUX COMMAND,candidate,,,,high
genhomedircon,genhomedircon,genhomedircon,Security,Generuje konteksty home,genhomedircon,15151,313,runtime/knowledge/source/linux_master_library_v1.pdf,LINUX COMMAND,candidate,,,,high
getenforce,getenforce,getenforce,Security,current mode. SAFE 313,getenforce,15156,313,runtime/knowledge/source/linux_master_library_v1.pdf,LINUX COMMAND | RHCSA_Command_Library.pdf | komendy,duplicate_existing,canonical+command_index,getenforce,,high
getenforce #,getenforce #,getenforce,Security,9.3 SELinux,getenforce #,15166,314,runtime/knowledge/source/linux_master_library_v1.pdf,linux_engineering_book.md | linux_engineering_book.pdf,candidate,,,,high
getsebool,getsebool,getsebool,Security,Wartość boolean,getsebool httpd_enable_homedirs,15171,314,runtime/knowledge/source/linux_master_library_v1.pdf,LINUX COMMAND,candidate,,,,high
getsebool httpd_enable_homedirs,getsebool httpd_enable_homedirs,getsebool,Security,boolean value. SAFE,getsebool httpd_enable_homedirs,15176,314,runtime/knowledge/source/linux_master_library_v1.pdf,komendy,candidate,,,,high
gpg,gpg,gpg,Security,Komentarz Komentarz w skrypcie function myfunc() { Definicja funkcji,gpg --gen-key | gpg,15181,314,runtime/knowledge/source/linux_master_library_v1.pdf,LINUX COMMAND | RHCSA_Command_Library.pdf,duplicate_existing,canonical+command_index,gpg,,high
gpg --armor --export alice@example.com,gpg --armor --export alice@example.com,gpg,Security,export public key. SAFE,gpg --armor --export alice@example.com,15187,314,runtime/knowledge/source/linux_master_library_v1.pdf,komendy,candidate,,,,high
gpg --decrypt,gpg --decrypt,gpg,Security,Komentarz Komentarz w skrypcie function myfunc() { Definicja funkcji,gpg --decrypt file.txt.gpg | gpg --decrypt,15192,314,runtime/knowledge/source/linux_master_library_v1.pdf,LINUX COMMAND | RHCSA_Command_Library.pdf,candidate,,,,high
gpg --encrypt,gpg --encrypt,gpg,Security,Szyfrowanie,gpg --encrypt --recipient john file.txt,15198,314,runtime/knowledge/source/linux_master_library_v1.pdf,LINUX COMMAND,candidate,,,,high
gpg --encrypt -r,gpg --encrypt -r,gpg,Security,Komentarz Komentarz w skrypcie function myfunc() { Definicja funkcji 314,gpg --encrypt -r,15203,314,runtime/knowledge/source/linux_master_library_v1.pdf,RHCSA_Command_Library.pdf,candidate,,,,high
gpg --export,gpg --export,gpg,Security,Komentarz Komentarz w skrypcie function myfunc() { Definicja funkcji,gpg --export -a john > john.asc | gpg --export,15213,315,runtime/knowledge/source/linux_master_library_v1.pdf,LINUX COMMAND | RHCSA_Command_Library.pdf,candidate,,,,high
gpg --full-generate-key,gpg --full-generate-key,gpg,Security,generate GPG key. SAFE,gpg --full-generate-key,15219,315,runtime/knowledge/source/linux_master_library_v1.pdf,komendy,candidate,,,,high
gpg --gen-key,gpg --gen-key,gpg,Security,Komentarz Komentarz w skrypcie function myfunc() { Definicja funkcji,gpg --gen-key,15224,315,runtime/knowledge/source/linux_master_library_v1.pdf,RHCSA_Command_Library.pdf,candidate,,,,high
gpg --import,gpg --import,gpg,Security,Import klucza,gpg --import key.asc,15229,315,runtime/knowledge/source/linux_master_library_v1.pdf,LINUX COMMAND,candidate,,,,high
gpg --import key.gpg,gpg --import key.gpg,gpg,Security,Komentarz Komentarz w skrypcie function myfunc() { Definicja funkcji,gpg --import key.gpg,15234,315,runtime/knowledge/source/linux_master_library_v1.pdf,RHCSA_Command_Library.pdf,candidate,,,,high
gpg --list-keys,gpg --list-keys,gpg,Security,Komentarz Komentarz w skrypcie function myfunc() { Definicja funkcji,gpg --list-keys,15239,315,runtime/knowledge/source/linux_master_library_v1.pdf,RHCSA_Command_Library.pdf,candidate,,,,high
gpg --sign,gpg --sign,gpg,Security,Podpis,gpg --sign file.txt,15244,315,runtime/knowledge/source/linux_master_library_v1.pdf,LINUX COMMAND,candidate,,,,high
gpg --sign file,gpg --sign file,gpg,Security,Komentarz Komentarz w skrypcie function myfunc() { Definicja funkcji 315,gpg --sign file,15249,315,runtime/knowledge/source/linux_master_library_v1.pdf,RHCSA_Command_Library.pdf,candidate,,,,high
gpg --verify,gpg --verify,gpg,Security,Komentarz Komentarz w skrypcie function myfunc() { Definicja funkcji,gpg --verify file.txt.sig | gpg --verify,15259,316,runtime/knowledge/source/linux_master_library_v1.pdf,LINUX COMMAND | RHCSA_Command_Library.pdf,candidate,,,,high
gpg --verify file.sig file,gpg --verify file.sig file,gpg,Security,signature verification. SAFE,gpg --verify file.sig file,15265,316,runtime/knowledge/source/linux_master_library_v1.pdf,komendy,candidate,,,,high
ipa,ipa,ipa,Security,FreeIPA CLI,ipa user-add john,15270,316,runtime/knowledge/source/linux_master_library_v1.pdf,LINUX COMMAND,candidate,,,,high
kdestroy,kdestroy,kdestroy,Security,Niszczy tickety,kdestroy,15275,316,runtime/knowledge/source/linux_master_library_v1.pdf,LINUX COMMAND,candidate,,,,high
kinit,kinit,kinit,Security,Kerberos ticket,kinit john@EXAMPLE.COM,15280,316,runtime/knowledge/source/linux_master_library_v1.pdf,LINUX COMMAND,candidate,,,,high
klist,klist,klist,Security,Lista ticketów,klist,15285,316,runtime/knowledge/source/linux_master_library_v1.pdf,LINUX COMMAND,candidate,,,,high
load_policy,load_policy,load_policy,Security,Load policy into kernel,load_policy,15290,316,runtime/knowledge/source/linux_master_library_v1.pdf,LINUX COMMAND,candidate,,,,high
lynis,lynis,lynis,Security,Security audit 316,lynis audit system,15295,316,runtime/knowledge/source/linux_master_library_v1.pdf,LINUX COMMAND,candidate,,,,high
openssl,openssl,openssl,Security,Crypto toolkit,openssl genrsa -out key.pem 2048,15305,317,runtime/knowledge/source/linux_master_library_v1.pdf,LINUX COMMAND,candidate,,,,high
openssl dgst,openssl dgst,openssl,Security,Digest,openssl dgst -sha256 file,15310,317,runtime/knowledge/source/linux_master_library_v1.pdf,LINUX COMMAND,candidate,,,,high
openssl dgst -sha256,openssl dgst -sha256,openssl,Security,Komentarz Komentarz w skrypcie function myfunc() { Definicja funkcji,openssl dgst -sha256,15315,317,runtime/knowledge/source/linux_master_library_v1.pdf,RHCSA_Command_Library.pdf,candidate,,,,high
openssl enc,openssl enc,openssl,Security,Komentarz Komentarz w skrypcie function myfunc() { Definicja funkcji,openssl enc -aes-256-cbc -in file -out file.enc | openssl enc,15320,317,runtime/knowledge/source/linux_master_library_v1.pdf,LINUX COMMAND | RHCSA_Command_Library.pdf,candidate,,,,high
openssl enc -d,openssl enc -d,openssl,Security,Komentarz Komentarz w skrypcie function myfunc() { Definicja funkcji,openssl enc -d,15326,317,runtime/knowledge/source/linux_master_library_v1.pdf,RHCSA_Command_Library.pdf,candidate,,,,high
openssl passwd,openssl passwd,openssl,Security,Hash hasła,openssl passwd -6,15331,317,runtime/knowledge/source/linux_master_library_v1.pdf,LINUX COMMAND,candidate,,,,high
openssl passwd -6,openssl passwd -6,openssl,Security,Komentarz Komentarz w skrypcie function myfunc() { Definicja funkcji,openssl passwd -6,15336,317,runtime/knowledge/source/linux_master_library_v1.pdf,RHCSA_Command_Library.pdf,candidate,,,,high
openssl pkcs12,openssl pkcs12,openssl,Security,PKCS#12 operations 317,openssl pkcs12 -export -out cert.p12 ...,15341,317,runtime/knowledge/source/linux_master_library_v1.pdf,LINUX COMMAND,candidate,,,,high
openssl rand,openssl rand,openssl,Security,Random bytes,openssl rand -base64 32,15351,318,runtime/knowledge/source/linux_master_library_v1.pdf,LINUX COMMAND,candidate,,,,high
openssl rand -base64,openssl rand -base64,openssl,Security,Komentarz Komentarz w skrypcie function myfunc() { Definicja funkcji,openssl rand -base64,15356,318,runtime/knowledge/source/linux_master_library_v1.pdf,RHCSA_Command_Library.pdf,candidate,,,,high
openssl rand -base64,openssl rand -base64,openssl,Security,Dodatek A: Przydatne Jednowierszowce,openssl rand -base64 32,15361,318,runtime/knowledge/source/linux_master_library_v1.pdf,linux_engineering_book.md | linux_engineering_book.pdf,duplicate_existing,candidate_internal,openssl rand -base64,,high
openssl rand -hex 16 32 znaki hex losowe xmllint --xpath,openssl rand -hex 16 32 znaki hex losowe xmllint --xpath,openssl,Security,Komentarz Komentarz w skrypcie function myfunc() { Definicja funkcji,openssl rand -hex 16 32 znaki hex losowe xmllint --xpath,15366,318,runtime/knowledge/source/linux_master_library_v1.pdf,RHCSA_Command_Library.pdf,candidate,,,,high
openssl req,openssl req,openssl,Security,CSR generation,openssl req -new -key key.pem -out csr.pem,15371,318,runtime/knowledge/source/linux_master_library_v1.pdf,LINUX COMMAND,candidate,,,,high
openssl req -new,openssl req -new,openssl,Security,Komentarz Komentarz w skrypcie function myfunc() { Definicja funkcji,openssl req -new,15376,318,runtime/knowledge/source/linux_master_library_v1.pdf,RHCSA_Command_Library.pdf,candidate,,,,high
openssl s_client,openssl s_client,openssl,Security,Komentarz Komentarz w skrypcie function myfunc() { Definicja funkcji,openssl s_client -connect host:443 | openssl s_client,15381,318,runtime/knowledge/source/linux_master_library_v1.pdf,LINUX COMMAND | RHCSA_Command_Library.pdf,candidate,,,,high
openssl s_client -connect example.com:443 -servername example.com </dev/null,openssl s_client -connect example.com:443 -servername example.com </dev/null,openssl,Security,Sprawdź certyfikat SSL 318,openssl s_client -connect example.com:443 -servername example.com </dev/null,15387,318,runtime/knowledge/source/linux_master_library_v1.pdf,linux_engineering_book.pdf,candidate,,,,high
openssl s_client -connect example.com:443 -servername example.com </dev/null 2>/dev/null |,openssl s_client -connect example.com:443 -servername example.com </dev/null 2>/dev/null |,openssl,Security,Dodatek A: Przydatne Jednowierszowce,openssl x509 -noout -dates | openssl s_client -connect example.com:443 -servername example.com </dev/null 2>/dev/null | openssl x509 -noou,15397,,runtime/knowledge/source/linux_master_library_v1.pdf,linux_engineering_book.md,candidate,,,,high
openssl s_client -connect host:443 -tls1_3,openssl s_client -connect host:443 -tls1_3,openssl,Security,test TLS. SAFE,openssl s_client -connect host:443 -tls1_3,15403,319,runtime/knowledge/source/linux_master_library_v1.pdf,komendy,candidate,,,,high
openssl s_server,openssl s_server,openssl,Security,SSL server test,openssl s_server -cert cert.pem -key key.pem,15408,319,runtime/knowledge/source/linux_master_library_v1.pdf,LINUX COMMAND,candidate,,,,high
openssl speed,openssl speed,openssl,Security,Benchmark,openssl speed rsa2048,15413,319,runtime/knowledge/source/linux_master_library_v1.pdf,LINUX COMMAND,candidate,,,,high
openssl x509,openssl x509,openssl,Security,Cert operations,openssl x509 -in cert.pem -text,15418,319,runtime/knowledge/source/linux_master_library_v1.pdf,LINUX COMMAND,candidate,,,,high
openssl x509 -in,openssl x509 -in,openssl,Security,Komentarz Komentarz w skrypcie function myfunc() { Definicja funkcji,openssl x509 -in,15423,319,runtime/knowledge/source/linux_master_library_v1.pdf,RHCSA_Command_Library.pdf,candidate,,,,high
openssl x509 -in cert.pem -text -noout,openssl x509 -in cert.pem -text -noout,openssl,Security,inspect cert. SAFE,openssl x509 -in cert.pem -text -noout,15428,319,runtime/knowledge/source/linux_master_library_v1.pdf,komendy,candidate,,,,high
openssl x509 -req,openssl x509 -req,openssl,Security,Komentarz Komentarz w skrypcie function myfunc() { Definicja funkcji 319,openssl x509 -req,15433,319,runtime/knowledge/source/linux_master_library_v1.pdf,RHCSA_Command_Library.pdf,candidate,,,,high
openssl x509 -text,openssl x509 -text,openssl,Security,Komentarz Komentarz w skrypcie function myfunc() { Definicja funkcji,openssl x509 -text,15443,320,runtime/knowledge/source/linux_master_library_v1.pdf,RHCSA_Command_Library.pdf,candidate,,,,high
oscap,oscap,oscap,Security,OpenSCAP scanner,oscap xccdf eval --profile xccdf...,15448,320,runtime/knowledge/source/linux_master_library_v1.pdf,LINUX COMMAND,candidate,,,,high
realm,realm,realm,Security,Zarządzanie domeną,realm,15453,320,runtime/knowledge/source/linux_master_library_v1.pdf,LINUX COMMAND,candidate,,,,high
realmd,realmd,realmd,Security,Join do AD/FreeIPA realm join ad.example.com,,15458,320,runtime/knowledge/source/linux_master_library_v1.pdf,LINUX COMMAND,candidate,,,,high
restorecon,restorecon,restorecon,Security,Przywraca konteksty,restorecon -Rv /var/www | restorecon,15463,320,runtime/knowledge/source/linux_master_library_v1.pdf,LINUX COMMAND | RHCSA_Command_Library.pdf,duplicate_existing,canonical+command_index,restorecon,,high
restorecon -F,restorecon -F,restorecon,Security,Force reset context,restorecon -F -R /var/www,15469,320,runtime/knowledge/source/linux_master_library_v1.pdf,LINUX COMMAND,candidate,,,,high
restorecon -F /path/,restorecon -F /path/,restorecon,Security,Sekcja Komend,restorecon -F /path/,15474,320,runtime/knowledge/source/linux_master_library_v1.pdf,RHCSA_Command_Library.pdf,duplicate_existing,canonical+command_index,restorecon -F /path/,weak_description,high
restorecon -R,restorecon -R,restorecon,Security,Rekurencyjnie 320,restorecon -R /home | restorecon -R,15479,320,runtime/knowledge/source/linux_master_library_v1.pdf,LINUX COMMAND | RHCSA_Command_Library.pdf,duplicate_existing,canonical+command_index,restorecon -R,,high
restorecon -Rv,restorecon -Rv,restorecon,Security,Sekcja Komend,restorecon -Rv,15490,321,runtime/knowledge/source/linux_master_library_v1.pdf,RHCSA_Command_Library.pdf,duplicate_existing,canonical+command_index,restorecon -Rv,weak_description,high
restorecon -Rv /web,restorecon -Rv /web,restorecon,Security,restore contexts. CAUTION,restorecon -Rv /web,15495,321,runtime/knowledge/source/linux_master_library_v1.pdf,komendy,candidate,,,,high
restorecon -Rv /web # przywróć konteksty,restorecon -Rv /web # przywróć konteksty,restorecon,Security,9.3 SELinux,restorecon -Rv /web # przywróć konteksty,15500,321,runtime/knowledge/source/linux_master_library_v1.pdf,linux_engineering_book.md | linux_engineering_book.pdf,candidate,,,,high
restorecon -i,restorecon -i,restorecon,Security,Ignore errors,restorecon -i -R /var/www,15505,321,runtime/knowledge/source/linux_master_library_v1.pdf,LINUX COMMAND,candidate,,,,high
restorecon -v,restorecon -v,restorecon,Security,Verbose,restorecon -v /etc/hosts,15510,321,runtime/knowledge/source/linux_master_library_v1.pdf,LINUX COMMAND,candidate,,,,high
rkhunter,rkhunter,rkhunter,Security,Rootkit hunter,rkhunter --check,15515,321,runtime/knowledge/source/linux_master_library_v1.pdf,LINUX COMMAND,candidate,,,,high
seinfo,seinfo,seinfo,Security,Informacje o polityce,seinfo,15520,321,runtime/knowledge/source/linux_master_library_v1.pdf,LINUX COMMAND,candidate,,,,high
seinfo --class,seinfo --class,seinfo,Security,Class info 321,seinfo --class file,15525,321,runtime/knowledge/source/linux_master_library_v1.pdf,LINUX COMMAND,candidate,,,,high
seinfo --common,seinfo --common,seinfo,Security,Common permissions,seinfo --common,15535,,runtime/knowledge/source/linux_master_library_v1.pdf,LINUX COMMAND,candidate,,,,high
seinfo -b,seinfo -b,seinfo,Security,List booleans,seinfo -b,15540,,runtime/knowledge/source/linux_master_library_v1.pdf,LINUX COMMAND,candidate,,,,high
seinfo -c,seinfo -c,seinfo,Security,List classes,seinfo -c,15545,,runtime/knowledge/source/linux_master_library_v1.pdf,LINUX COMMAND,candidate,,,,high
seinfo -r,seinfo -r,seinfo,Security,List roles,seinfo -r,15550,,runtime/knowledge/source/linux_master_library_v1.pdf,LINUX COMMAND,candidate,,,,high
seinfo -t,seinfo -t,seinfo,Security,List types,seinfo -t,15555,,runtime/knowledge/source/linux_master_library_v1.pdf,LINUX COMMAND,candidate,,,,high
seinfo -u,seinfo -u,seinfo,Security,List users,seinfo -u,15560,,runtime/knowledge/source/linux_master_library_v1.pdf,LINUX COMMAND,candidate,,,,high
selinuxenabled,selinuxenabled,selinuxenabled,Security,Check if enabled,selinuxenabled,15565,,runtime/knowledge/source/linux_master_library_v1.pdf,LINUX COMMAND,candidate,,,,high
semanage boolean,semanage boolean,semanage,Security,Lista boole’ów 322,semanage boolean -l,15570,,runtime/knowledge/source/linux_master_library_v1.pdf,LINUX COMMAND,candidate,,,,high
semanage boolean -C,semanage boolean -C,semanage,Security,Custom booleans,semanage boolean -C -l,15580,,runtime/knowledge/source/linux_master_library_v1.pdf,LINUX COMMAND,candidate,,,,high
semanage boolean -D,semanage boolean -D,semanage,Security,Delete custom boolean,semanage boolean -D,15585,,runtime/knowledge/source/linux_master_library_v1.pdf,LINUX COMMAND,candidate,,,,high
semanage boolean -l,semanage boolean -l,semanage,Security,List booleans,semanage boolean -l,15590,,runtime/knowledge/source/linux_master_library_v1.pdf,LINUX COMMAND | RHCSA_Command_Library.pdf,duplicate_existing,canonical+command_index,semanage boolean -l,,high
semanage boolean -m,semanage boolean -m,semanage,Security,Modify boolean,semanage boolean -m -1 httpd_enable_homedirs,15595,,runtime/knowledge/source/linux_master_library_v1.pdf,LINUX COMMAND,candidate,,,,high
semanage dontaudit,semanage dontaudit,semanage,Security,Toggle dontaudit,semanage dontaudit off,15600,,runtime/knowledge/source/linux_master_library_v1.pdf,LINUX COMMAND,candidate,,,,high
semanage export,semanage export,semanage,Security,Export config,semanage export -f backup.conf,15605,,runtime/knowledge/source/linux_master_library_v1.pdf,LINUX COMMAND,candidate,,,,high
semanage fcontext,semanage fcontext,semanage,Security,Konteksty plików,"semanage fcontext -a -t httpd_sys_content_t ""/web(/.*)?""",15610,,runtime/knowledge/source/linux_master_library_v1.pdf,LINUX COMMAND,candidate,,,,high
semanage fcontext -C,semanage fcontext -C,semanage,Security,Local customizations 323,semanage fcontext -C -l,15615,,runtime/knowledge/source/linux_master_library_v1.pdf,LINUX COMMAND,candidate,,,,high
semanage fcontext -a,semanage fcontext -a,semanage,Security,Sekcja Komend,"semanage fcontext -a -t httpd_sys_content_t ""/web(/.*)?"" | semanage fcontext -a",15625,,runtime/knowledge/source/linux_master_library_v1.pdf,LINUX COMMAND | RHCSA_Command_Library.pdf,duplicate_existing,canonical+command_index,semanage fcontext -a,weak_description,high
"semanage fcontext -a -t httpd_sys_content_t ""/web(/.*)?""","semanage fcontext -a -t httpd_sys_content_t ""/web(/.*)?""",semanage,Security,add context rule. CAUTION,"semanage fcontext -a -t httpd_sys_content_t ""/web(/.*)?""",15631,,runtime/knowledge/source/linux_master_library_v1.pdf,komendy | linux_engineering_book.md | linux_engineering_book.pdf,candidate,,,,high
semanage fcontext -d,semanage fcontext -d,semanage,Security,Delete fcontext,"semanage fcontext -d ""/web(/.*)?"" | semanage fcontext -d",15636,,runtime/knowledge/source/linux_master_library_v1.pdf,LINUX COMMAND | RHCSA_Command_Library.pdf,duplicate_existing,canonical+command_index,semanage fcontext -d,,high
semanage fcontext -l,semanage fcontext -l,semanage,Security,file context rules. SAFE,semanage fcontext -l,15642,,runtime/knowledge/source/linux_master_library_v1.pdf,LINUX COMMAND | RHCSA_Command_Library.pdf | komendy,duplicate_existing,canonical+command_index,semanage fcontext -l,,high
semanage fcontext -m,semanage fcontext -m,semanage,Security,Modify fcontext,"semanage fcontext -m -t public_content_t ""/web(/.*)?"" | semanage fcontext -m",15647,,runtime/knowledge/source/linux_master_library_v1.pdf,LINUX COMMAND | RHCSA_Command_Library.pdf,duplicate_existing,canonical+command_index,semanage fcontext -m,,high
semanage ibendport -a,semanage ibendport -a,semanage,Security,Add ibendport,semanage ibendport -a -t ibendport_t mlx4_0 1,15653,,runtime/knowledge/source/linux_master_library_v1.pdf,LINUX COMMAND,candidate,,,,high
semanage ibpkey -a,semanage ibpkey -a,semanage,Security,Add ibpkey,semanage ibpkey -a -t ibpkey_t fe80:: 1,15658,,runtime/knowledge/source/linux_master_library_v1.pdf,LINUX COMMAND,candidate,,,,high
semanage import,semanage import,semanage,Security,Import config 324,semanage import -f backup.conf,15663,,runtime/knowledge/source/linux_master_library_v1.pdf,LINUX COMMAND,candidate,,,,high
semanage interface -a,semanage interface -a,semanage,Security,Add interface,semanage interface -a -t netif_t eth1,15673,,runtime/knowledge/source/linux_master_library_v1.pdf,LINUX COMMAND,candidate,,,,high
semanage login,semanage login,semanage,Security,Mapowanie użytkowników,semanage login -l,15678,,runtime/knowledge/source/linux_master_library_v1.pdf,LINUX COMMAND,candidate,,,,high
semanage login -a,semanage login -a,semanage,Security,Add login mapping,semanage login -a -s user_u john,15683,,runtime/knowledge/source/linux_master_library_v1.pdf,LINUX COMMAND,candidate,,,,high
semanage login -d,semanage login -d,semanage,Security,Delete login mapping,semanage login -d john,15688,,runtime/knowledge/source/linux_master_library_v1.pdf,LINUX COMMAND,candidate,,,,high
semanage login -l,semanage login -l,semanage,Security,login mappings. SAFE,semanage login -l,15693,,runtime/knowledge/source/linux_master_library_v1.pdf,LINUX COMMAND | komendy,duplicate_existing,canonical+command_index,semanage login -l,,high
semanage login -m,semanage login -m,semanage,Security,Modify login mapping,semanage login -m -s staff_u john,15698,,runtime/knowledge/source/linux_master_library_v1.pdf,LINUX COMMAND,candidate,,,,high
semanage module -a,semanage module -a,semanage,Security,Add module,semanage module -a mymodule,15703,,runtime/knowledge/source/linux_master_library_v1.pdf,LINUX COMMAND,candidate,,,,high
semanage module -d,semanage module -d,semanage,Security,Delete module 325,semanage module -d mymodule,15708,,runtime/knowledge/source/linux_master_library_v1.pdf,LINUX COMMAND,candidate,,,,high
semanage module -l,semanage module -l,semanage,Security,List modules,semanage module -l,15718,,runtime/knowledge/source/linux_master_library_v1.pdf,LINUX COMMAND,candidate,,,,high
semanage node -a,semanage node -a,semanage,Security,Add node,semanage node -a -t node_t -M 255.255.255.255 192.168.1.0,15723,,runtime/knowledge/source/linux_master_library_v1.pdf,LINUX COMMAND,candidate,,,,high
semanage permissive -a,semanage permissive -a,semanage,Security,Add permissive type,semanage permissive -a httpd_t,15728,,runtime/knowledge/source/linux_master_library_v1.pdf,LINUX COMMAND,candidate,,,,high
semanage permissive -d,semanage permissive -d,semanage,Security,Delete permissive type,semanage permissive -d httpd_t,15733,,runtime/knowledge/source/linux_master_library_v1.pdf,LINUX COMMAND,candidate,,,,high
semanage permissive -l,semanage permissive -l,semanage,Security,List permissive types,semanage permissive -l,15738,,runtime/knowledge/source/linux_master_library_v1.pdf,LINUX COMMAND,candidate,,,,high
semanage port,semanage port,semanage,Security,Mapowanie portów,semanage port -a -t http_port_t -p tcp 8080,15743,,runtime/knowledge/source/linux_master_library_v1.pdf,LINUX COMMAND,candidate,,,,high
semanage port -C,semanage port -C,semanage,Security,Custom ports,semanage port -C -l,15748,,runtime/knowledge/source/linux_master_library_v1.pdf,LINUX COMMAND,candidate,,,,high
semanage port -a,semanage port -a,semanage,Security,Add port 326,semanage port -a -t http_port_t -p tcp 8080,15753,,runtime/knowledge/source/linux_master_library_v1.pdf,LINUX COMMAND,candidate,,,,high
semanage port -a -t,semanage port -a -t,semanage,Security,grep Typy SELinux dla httpd,semanage port -a -t,15763,,runtime/knowledge/source/linux_master_library_v1.pdf,RHCSA_Command_Library.pdf,duplicate_existing,canonical+command_index,semanage port -a -t,,high
semanage port -d,semanage port -d,semanage,Security,Delete port,semanage port -d -p tcp 8080,15768,,runtime/knowledge/source/linux_master_library_v1.pdf,LINUX COMMAND,candidate,,,,high
semanage port -d -t,semanage port -d -t,semanage,Security,Sekcja Komend,semanage port -d -t,15773,,runtime/knowledge/source/linux_master_library_v1.pdf,RHCSA_Command_Library.pdf,duplicate_existing,canonical+command_index,semanage port -d -t,weak_description,high
semanage port -l,semanage port -l,semanage,Security,Porty dla usugi http seinfo -r Informacje o rolach SELinux,semanage port -l,15778,,runtime/knowledge/source/linux_master_library_v1.pdf,LINUX COMMAND | RHCSA_Command_Library.pdf,duplicate_existing,canonical+command_index,semanage port -l,,high
semanage port -m,semanage port -m,semanage,Security,Modify port,semanage port -m -t http_port_t -p tcp 8080,15783,,runtime/knowledge/source/linux_master_library_v1.pdf,LINUX COMMAND,candidate,,,,high
semanage port -m -t,semanage port -m -t,semanage,Security,Sekcja Komend,semanage port -m -t,15788,,runtime/knowledge/source/linux_master_library_v1.pdf,RHCSA_Command_Library.pdf,duplicate_existing,canonical+command_index,semanage port -m -t,weak_description,high
semanage translate,semanage translate,semanage,Security,Translate context,semanage translate -T httpd_t,15793,,runtime/knowledge/source/linux_master_library_v1.pdf,LINUX COMMAND,candidate,,,,high
semanage user,semanage user,semanage,Security,Użytkownicy SELinux 327,semanage user -l,15798,,runtime/knowledge/source/linux_master_library_v1.pdf,LINUX COMMAND,candidate,,,,high
semanage user -a,semanage user -a,semanage,Security,Add SELinux user,"semanage user -a -R ""staff_r sysadm_r"" -r s0-s0:c0.c1023 staff_u",15808,,runtime/knowledge/source/linux_master_library_v1.pdf,LINUX COMMAND,candidate,,,,high
semanage user -d,semanage user -d,semanage,Security,Delete SELinux user,semanage user -d staff_u,15813,,runtime/knowledge/source/linux_master_library_v1.pdf,LINUX COMMAND,candidate,,,,high
semanage user -l,semanage user -l,semanage,Security,List SELinux users,semanage user -l,15818,,runtime/knowledge/source/linux_master_library_v1.pdf,LINUX COMMAND,duplicate_existing,canonical+command_index,semanage user -l,,high
semanage user -m,semanage user -m,semanage,Security,Modify SELinux user,"semanage user -m -R ""staff_r"" staff_u",15823,,runtime/knowledge/source/linux_master_library_v1.pdf,LINUX COMMAND,candidate,,,,high
semodule,semodule,semodule,Security,Zarządzanie modułami,semodule -i mymod.pp,15828,,runtime/knowledge/source/linux_master_library_v1.pdf,LINUX COMMAND,candidate,,,,high
semodule -B,semodule -B,semodule,Security,Build and load,semodule -B,15833,,runtime/knowledge/source/linux_master_library_v1.pdf,LINUX COMMAND,candidate,,,,high
semodule -R,semodule -R,semodule,Security,Reload policy,semodule -R,15838,,runtime/knowledge/source/linux_master_library_v1.pdf,LINUX COMMAND,candidate,,,,high
semodule -X,semodule -X,semodule,Security,Priority 328,semodule -X 400 -i mymod.pp,15843,,runtime/knowledge/source/linux_master_library_v1.pdf,LINUX COMMAND,candidate,,,,high
semodule -d,semodule -d,semodule,Security,Disable module,semodule -d module | semodule -d mymod,15853,,runtime/knowledge/source/linux_master_library_v1.pdf,LINUX COMMAND,candidate,,,,high
semodule -e,semodule -e,semodule,Security,Enable module,semodule -e module | semodule -e mymod,15859,,runtime/knowledge/source/linux_master_library_v1.pdf,LINUX COMMAND,candidate,,,,high
semodule -i mypolicy.pp,semodule -i mypolicy.pp,semodule,Security,24.1 SELinux — Tworzenie Polityk,semodule -i mypolicy.pp,15865,,runtime/knowledge/source/linux_master_library_v1.pdf,linux_engineering_book.md | linux_engineering_book.pdf,candidate,,,,high
semodule -l,semodule -l,semodule,Security,List SELinux modules,semodule -l,15870,,runtime/knowledge/source/linux_master_library_v1.pdf,LINUX COMMAND,candidate,,,,high
semodule -r,semodule -r,semodule,Security,Remove module,semodule -r mymodule | semodule -r mymod,15875,,runtime/knowledge/source/linux_master_library_v1.pdf,LINUX COMMAND,candidate,,,,high
semodule -u,semodule -u,semodule,Security,Upgrade module,semodule -u mymod.pp,15881,,runtime/knowledge/source/linux_master_library_v1.pdf,LINUX COMMAND,candidate,,,,high
semodule_package,semodule_package,semodule_package,Security,Package module,semodule_package -o mymod.pp -m mymod.mod,15886,,runtime/knowledge/source/linux_master_library_v1.pdf,LINUX COMMAND,candidate,,,,high
semodule_package -o,semodule_package -o,semodule_package,Security,Package module 329,semodule_package -o mymod.pp -m mymod.mod,15891,,runtime/knowledge/source/linux_master_library_v1.pdf,LINUX COMMAND,candidate,,,,high
semodule_package -o mypolicy.pp -m mypolicy.mod,semodule_package -o mypolicy.pp -m mypolicy.mod,semodule_package,Security,24.1 SELinux — Tworzenie Polityk,semodule_package -o mypolicy.pp -m mypolicy.mod,15901,,runtime/knowledge/source/linux_master_library_v1.pdf,linux_engineering_book.md | linux_engineering_book.pdf,candidate,,,,high
sepolicy,sepolicy,sepolicy,Security,SELinux policy analysis,sepolicy generate --init /usr/sbin/httpd,15906,,runtime/knowledge/source/linux_master_library_v1.pdf,LINUX COMMAND,candidate,,,,high
sepolicy booleans,sepolicy booleans,sepolicy,Security,Boolean analysis,sepolicy booleans -a,15911,,runtime/knowledge/source/linux_master_library_v1.pdf,LINUX COMMAND,candidate,,,,high
sepolicy communicate,sepolicy communicate,sepolicy,Security,Communication analysis,sepolicy communicate -s httpd_t -t mysqld_t,15916,,runtime/knowledge/source/linux_master_library_v1.pdf,LINUX COMMAND,candidate,,,,high
sepolicy gui,sepolicy gui,sepolicy,Security,GUI analysis,sepolicy gui,15921,,runtime/knowledge/source/linux_master_library_v1.pdf,LINUX COMMAND,candidate,,,,high
sepolicy manpage,sepolicy manpage,sepolicy,Security,Generate man pages,sepolicy manpage -a,15926,,runtime/knowledge/source/linux_master_library_v1.pdf,LINUX COMMAND,candidate,,,,high
sepolicy network,sepolicy network,sepolicy,Security,Network analysis,sepolicy network -d httpd_t,15931,,runtime/knowledge/source/linux_master_library_v1.pdf,LINUX COMMAND,candidate,,,,high
sepolicy transition,sepolicy transition,sepolicy,Security,Transition analysis 330,sepolicy transition -s init_t -t httpd_exec_t,15936,,runtime/knowledge/source/linux_master_library_v1.pdf,LINUX COMMAND,candidate,,,,high
sesearch,sesearch,sesearch,Security,Wyszukiwanie reguł,sesearch -A -s httpd_t -t httpd_sys_content_t,15946,,runtime/knowledge/source/linux_master_library_v1.pdf,LINUX COMMAND,candidate,,,,high
sesearch --allow,sesearch --allow,sesearch,Security,Allow rules only,sesearch --allow,15951,,runtime/knowledge/source/linux_master_library_v1.pdf,LINUX COMMAND,candidate,,,,high
sesearch --auditallow,sesearch --auditallow,sesearch,Security,Auditallow rules,sesearch --auditallow,15956,,runtime/knowledge/source/linux_master_library_v1.pdf,LINUX COMMAND,candidate,,,,high
sesearch --dontaudit,sesearch --dontaudit,sesearch,Security,Dontaudit rules,sesearch --dontaudit,15961,,runtime/knowledge/source/linux_master_library_v1.pdf,LINUX COMMAND,candidate,,,,high
sesearch --neverallow,sesearch --neverallow,sesearch,Security,Neverallow rules,sesearch --neverallow,15966,,runtime/knowledge/source/linux_master_library_v1.pdf,LINUX COMMAND,candidate,,,,high
sesearch -A,sesearch -A,sesearch,Security,Allow rules,sesearch -A -s httpd_t -t httpd_sys_content_t,15971,,runtime/knowledge/source/linux_master_library_v1.pdf,LINUX COMMAND,candidate,,,,high
sesearch -T,sesearch -T,sesearch,Security,Type transition,sesearch -T -s initrc_t -t httpd_exec_t,15976,,runtime/knowledge/source/linux_master_library_v1.pdf,LINUX COMMAND,candidate,,,,high
sesearch -c,sesearch -c,sesearch,Security,Class 331,sesearch -A -c file,15981,,runtime/knowledge/source/linux_master_library_v1.pdf,LINUX COMMAND,candidate,,,,high
sesearch -p,sesearch -p,sesearch,Security,Permission,sesearch -A -p read,15991,,runtime/knowledge/source/linux_master_library_v1.pdf,LINUX COMMAND,candidate,,,,high
sesearch -s,sesearch -s,sesearch,Security,Source type,sesearch -A -s httpd_t,15996,,runtime/knowledge/source/linux_master_library_v1.pdf,LINUX COMMAND,candidate,,,,high
sesearch -t,sesearch -t,sesearch,Security,Target type,sesearch -A -t httpd_sys_content_t,16001,,runtime/knowledge/source/linux_master_library_v1.pdf,LINUX COMMAND,candidate,,,,high
sestatus,sestatus,sestatus,Security,detailed status. SAFE,sestatus,16006,,runtime/knowledge/source/linux_master_library_v1.pdf,LINUX COMMAND | RHCSA_Command_Library.pdf | komendy,duplicate_existing,canonical+command_index,sestatus,,high
sestatus -v,sestatus -v,sestatus,Security,Verbose status,sestatus -v,16011,,runtime/knowledge/source/linux_master_library_v1.pdf,LINUX COMMAND | RHCSA_Command_Library.pdf,candidate,,,,high
setenforce,setenforce,setenforce,Security,Zmienia tryb (0/1),setenforce 1,16016,,runtime/knowledge/source/linux_master_library_v1.pdf,LINUX COMMAND,candidate,,,,high
setenforce,setenforce,setenforce,Security,permissive mode. CAUTION (temporarily disables enforcement),setenforce 0,16021,,runtime/knowledge/source/linux_master_library_v1.pdf,RHCSA_Command_Library.pdf | komendy,duplicate_existing,candidate_internal,setenforce,,high
setenforce 0 and forgetting to re-enable.',setenforce 0 and forgetting to re-enable.',setenforce,Security,Dangerous Mistakes 332,setenforce 0` and forgetting to re-enable.,16026,,runtime/knowledge/source/linux_master_library_v1.pdf,komendy,candidate,,,,high
setenforce,setenforce,setenforce,Security,enforcing mode. SAFE,setenforce 1,16036,,runtime/knowledge/source/linux_master_library_v1.pdf,RHCSA_Command_Library.pdf | komendy,duplicate_existing,candidate_internal,setenforce,,high
setenforce 1 # włącz enforcing (tymczasowo),setenforce 1 # włącz enforcing (tymczasowo),setenforce,Security,9.3 SELinux,setenforce 1 # włącz enforcing (tymczasowo),16041,,runtime/knowledge/source/linux_master_library_v1.pdf,linux_engineering_book.md | linux_engineering_book.pdf,candidate,,,,high
setsebool,setsebool,setsebool,Security,Set boolean (temp),setsebool httpd_enable_homedirs on | setsebool httpd_enable_homedirs 1,16046,,runtime/knowledge/source/linux_master_library_v1.pdf,LINUX COMMAND,duplicate_existing,command_index,setsebool,,high
setsebool -P,setsebool -P,setsebool,Security,Persist boolean,setsebool -P httpd_enable_homedirs on | setsebool -P httpd_enable_homedirs 1,16052,,runtime/knowledge/source/linux_master_library_v1.pdf,LINUX COMMAND,duplicate_existing,canonical+command_index,setsebool -P,,high
setsebool -P httpd_can_network_connect on # boolean,setsebool -P httpd_can_network_connect on # boolean,setsebool,Security,9.3 SELinux,setsebool -P httpd_can_network_connect on # boolean,16058,,runtime/knowledge/source/linux_master_library_v1.pdf,linux_engineering_book.md | linux_engineering_book.pdf,candidate,,,,high
setsebool -P httpd_enable_homedirs on,setsebool -P httpd_enable_homedirs on,setsebool,Security,persistent boolean. CAUTION,setsebool -P httpd_enable_homedirs on,16063,,runtime/knowledge/source/linux_master_library_v1.pdf,komendy,candidate,,,,high
sssctl,sssctl,sssctl,Security,Zarządzanie SSSD,sssctl logs-remove,16068,,runtime/knowledge/source/linux_master_library_v1.pdf,LINUX COMMAND,candidate,,,,high
sssd,sssd,sssd,Security,Komentarz Komentarz w skrypcie function myfunc() { Definicja funkcji systemctl 333,sssd,16073,,runtime/knowledge/source/linux_master_library_v1.pdf,LINUX COMMAND | RHCSA_Command_Library.pdf,candidate,,,,high
apt,apt,apt,Packages,remove (keep config). CAUTION,apt,16085,334,runtime/knowledge/source/linux_master_library_v1.pdf,komendy | linux_engineering_book.md | linux_engineering_book.pdf,candidate,,,,high
apt autoremove,apt autoremove,apt,Packages,remove unused deps. CAUTION,apt autoremove,16090,334,runtime/knowledge/source/linux_master_library_v1.pdf,komendy,candidate,,,,high
apt autoremove # usuń niepotrzebne zależności,apt autoremove # usuń niepotrzebne zależności,apt,Packages,12.1 APT (Debian/Ubuntu),apt autoremove # usuń niepotrzebne zależności,16095,334,runtime/knowledge/source/linux_master_library_v1.pdf,linux_engineering_book.md | linux_engineering_book.pdf,candidate,,,,high
apt clean / dnf clean all,apt clean / dnf clean all,apt,Packages,Dodatek B: Komendy Ratunkowe,apt clean / dnf clean all,16100,334,runtime/knowledge/source/linux_master_library_v1.pdf,linux_engineering_book.md | linux_engineering_book.pdf,candidate,,,,high
apt full-upgrade,apt full-upgrade,apt,Packages,upgrade with removals. CAUTION,apt full-upgrade,16105,334,runtime/knowledge/source/linux_master_library_v1.pdf,komendy,candidate,,,,high
apt full-upgrade # aktualizuj z usuwaniem,apt full-upgrade # aktualizuj z usuwaniem,apt,Packages,12.1 APT (Debian/Ubuntu),apt full-upgrade # aktualizuj z usuwaniem,16110,334,runtime/knowledge/source/linux_master_library_v1.pdf,linux_engineering_book.md | linux_engineering_book.pdf,candidate,,,,high
apt install nfs-kernel-server,apt install nfs-kernel-server,apt,Packages,18.3 NFS,apt install nfs-kernel-server,16115,334,runtime/knowledge/source/linux_master_library_v1.pdf,linux_engineering_book.md | linux_engineering_book.pdf,candidate,,,,high
apt install open-iscsi,apt install open-iscsi,apt,Packages,Initiator (klient) 334,apt install open-iscsi,16120,334,runtime/knowledge/source/linux_master_library_v1.pdf,linux_engineering_book.md | linux_engineering_book.pdf,candidate,,,,high
apt install pacemaker corosync pcs,apt install pacemaker corosync pcs,apt,Packages,22.1 Pacemaker/Corosync,apt install pacemaker corosync pcs,16130,335,runtime/knowledge/source/linux_master_library_v1.pdf,linux_engineering_book.md | linux_engineering_book.pdf,candidate,,,,high
apt install package # instaluj,apt install package # instaluj,apt,Packages,12.1 APT (Debian/Ubuntu),apt install package # instaluj,16135,335,runtime/knowledge/source/linux_master_library_v1.pdf,linux_engineering_book.md | linux_engineering_book.pdf,candidate,,,,high
apt install pkg,apt install pkg,apt,Packages,install. CAUTION,apt install pkg,16140,335,runtime/knowledge/source/linux_master_library_v1.pdf,komendy,candidate,,,,high
apt install pkg=1.2.3,apt install pkg=1.2.3,apt,Packages,Pin all package versions: .,apt install pkg=1.2.3,16145,335,runtime/knowledge/source/linux_master_library_v1.pdf,komendy,candidate,,,,high
apt install qemu-kvm libvirt-daemon-system virtinst,apt install qemu-kvm libvirt-daemon-system virtinst,apt,Packages,13.4 KVM/QEMU (wirtualizacja),apt install qemu-kvm libvirt-daemon-system virtinst,16150,335,runtime/knowledge/source/linux_master_library_v1.pdf,linux_engineering_book.md | linux_engineering_book.pdf,candidate,,,,high
apt install targetcli-fb,apt install targetcli-fb,apt,Packages,Target (serwer),apt install targetcli-fb,16155,335,runtime/knowledge/source/linux_master_library_v1.pdf,linux_engineering_book.md | linux_engineering_book.pdf,candidate,,,,high
apt purge package # usuń z configiem,apt purge package # usuń z configiem,apt,Packages,12.1 APT (Debian/Ubuntu),apt purge package # usuń z configiem,16160,335,runtime/knowledge/source/linux_master_library_v1.pdf,linux_engineering_book.md | linux_engineering_book.pdf,candidate,,,,high
apt purge pkg,apt purge pkg,apt,Packages,remove with config. CAUTION 335,apt purge pkg,16165,335,runtime/knowledge/source/linux_master_library_v1.pdf,komendy,candidate,,,,high
apt search keyword # szukaj,apt search keyword # szukaj,apt,Packages,12.1 APT (Debian/Ubuntu),apt search keyword # szukaj,16175,336,runtime/knowledge/source/linux_master_library_v1.pdf,linux_engineering_book.md | linux_engineering_book.pdf,candidate,,,,high
apt search term,apt search term,apt,Packages,search. SAFE,apt search term,16180,336,runtime/knowledge/source/linux_master_library_v1.pdf,komendy,candidate,,,,high
apt update,apt update,apt,Packages,refresh index. SAFE,apt update,16185,336,runtime/knowledge/source/linux_master_library_v1.pdf,komendy,candidate,,,,high
apt update # aktualizuj listę pakietów,apt update # aktualizuj listę pakietów,apt,Packages,12.1 APT (Debian/Ubuntu),apt update # aktualizuj listę pakietów,16190,336,runtime/knowledge/source/linux_master_library_v1.pdf,linux_engineering_book.md | linux_engineering_book.pdf,candidate,,,,high
apt upgrade,apt upgrade,apt,Packages,upgrade installed. CAUTION,apt upgrade,16195,336,runtime/knowledge/source/linux_master_library_v1.pdf,komendy,candidate,,,,high
apt upgrade # aktualizuj pakiety,apt upgrade # aktualizuj pakiety,apt,Packages,12.1 APT (Debian/Ubuntu),apt upgrade # aktualizuj pakiety,16200,336,runtime/knowledge/source/linux_master_library_v1.pdf,linux_engineering_book.md | linux_engineering_book.pdf,candidate,,,,high
apt-get,apt-get,apt-get,Packages,Use in scripts (stable CLI).,apt-get,16205,336,runtime/knowledge/source/linux_master_library_v1.pdf,komendy,candidate,,,,high
createrepo,createrepo,createrepo,Packages,Tworzy repozytorium YUM 336,createrepo /var/www/html/repo,16210,336,runtime/knowledge/source/linux_master_library_v1.pdf,LINUX COMMAND,candidate,,,,high
dnf,dnf,dnf,Packages,remove. CAUTION,dnf,16220,337,runtime/knowledge/source/linux_master_library_v1.pdf,LINUX COMMAND | RHCSA_Command_Library.pdf | komendy | linux_engineering_book.md | linux_engineering_book.pdf,duplicate_existing,command_index,dnf,,high
dnf autoremove,dnf autoremove,dnf,Packages,Sekcja Komend,dnf autoremove,16225,337,runtime/knowledge/source/linux_master_library_v1.pdf,RHCSA_Command_Library.pdf,duplicate_existing,canonical+command_index,dnf autoremove,weak_description,high
dnf check-update # sprawdź aktualizacje,dnf check-update # sprawdź aktualizacje,dnf,Packages,12.2 DNF/YUM (RHEL/Fedora),dnf check-update # sprawdź aktualizacje,16230,337,runtime/knowledge/source/linux_master_library_v1.pdf,linux_engineering_book.md | linux_engineering_book.pdf,candidate,,,,high
dnf clean all,dnf clean all,dnf,Packages,Sekcja Komend,dnf clean all,16235,337,runtime/knowledge/source/linux_master_library_v1.pdf,RHCSA_Command_Library.pdf,duplicate_existing,canonical+command_index,dnf clean all,weak_description,high
dnf clean metadata,dnf clean metadata,dnf,Packages,Sekcja Komend,dnf clean metadata,16240,337,runtime/knowledge/source/linux_master_library_v1.pdf,RHCSA_Command_Library.pdf,duplicate_existing,canonical+command_index,dnf clean metadata,weak_description,high
dnf clean packages,dnf clean packages,dnf,Packages,Sekcja Komend,dnf clean packages,16245,337,runtime/knowledge/source/linux_master_library_v1.pdf,RHCSA_Command_Library.pdf,duplicate_existing,canonical+command_index,dnf clean packages,weak_description,high
dnf config-manager,dnf config-manager,dnf,Packages,Zarządzanie repo,dnf config-manager --add-repo url | dnf config-manager,16250,337,runtime/knowledge/source/linux_master_library_v1.pdf,LINUX COMMAND | RHCSA_Command_Library.pdf,duplicate_existing,canonical+command_index,dnf config-manager,,high
dnf downgrade,dnf downgrade,dnf,Packages,Sekcja Komend 337,dnf downgrade,16256,337,runtime/knowledge/source/linux_master_library_v1.pdf,RHCSA_Command_Library.pdf,duplicate_existing,canonical+command_index,dnf downgrade,,high
dnf erase package,dnf erase package,dnf,Packages,Sekcja Komend,dnf erase package,16266,338,runtime/knowledge/source/linux_master_library_v1.pdf,RHCSA_Command_Library.pdf,duplicate_existing,canonical+command_index,dnf erase package,weak_description,high
dnf groupinfo 'Group,dnf groupinfo 'Group,dnf,Packages,Sekcja Komend,dnf groupinfo 'Group,16271,338,runtime/knowledge/source/linux_master_library_v1.pdf,RHCSA_Command_Library.pdf,duplicate_existing,canonical+command_index,dnf groupinfo 'Group,weak_description,high
dnf groupinstall,dnf groupinstall,dnf,Packages,Instalacja grupy pakietów,"dnf groupinstall ""Development | dnf groupinstall",16276,338,runtime/knowledge/source/linux_master_library_v1.pdf,LINUX COMMAND | RHCSA_Command_Library.pdf,duplicate_existing,canonical+command_index,dnf groupinstall,,high
dnf grouplist,dnf grouplist,dnf,Packages,Sekcja Komend,dnf grouplist,16282,338,runtime/knowledge/source/linux_master_library_v1.pdf,RHCSA_Command_Library.pdf,duplicate_existing,canonical+command_index,dnf grouplist,weak_description,high
dnf groupremove,dnf groupremove,dnf,Packages,Sekcja Komend,dnf groupremove,16287,338,runtime/knowledge/source/linux_master_library_v1.pdf,RHCSA_Command_Library.pdf,duplicate_existing,canonical+command_index,dnf groupremove,weak_description,high
dnf history,dnf history,dnf,Packages,Historia transakcji,dnf history,16292,338,runtime/knowledge/source/linux_master_library_v1.pdf,LINUX COMMAND | RHCSA_Command_Library.pdf,duplicate_existing,canonical+command_index,dnf history,,high
dnf history # historia transakcji,dnf history # historia transakcji,dnf,Packages,12.2 DNF/YUM (RHEL/Fedora),dnf history # historia transakcji,16297,338,runtime/knowledge/source/linux_master_library_v1.pdf,linux_engineering_book.md | linux_engineering_book.pdf,candidate,,,,high
dnf history info,dnf history info,dnf,Packages,Sekcja Komend 338,dnf history info 5,16302,338,runtime/knowledge/source/linux_master_library_v1.pdf,RHCSA_Command_Library.pdf,duplicate_existing,canonical+command_index,dnf history info,,high
dnf history redo,dnf history redo,dnf,Packages,Sekcja Komend,dnf history redo 5,16312,339,runtime/knowledge/source/linux_master_library_v1.pdf,RHCSA_Command_Library.pdf,duplicate_existing,canonical+command_index,dnf history redo,weak_description,high
dnf history rollback,dnf history rollback,dnf,Packages,Sekcja Komend,dnf history rollback,16317,339,runtime/knowledge/source/linux_master_library_v1.pdf,RHCSA_Command_Library.pdf,duplicate_existing,canonical+command_index,dnf history rollback,weak_description,high
dnf history undo,dnf history undo,dnf,Packages,Cofa transakcję,dnf history undo 5,16322,339,runtime/knowledge/source/linux_master_library_v1.pdf,LINUX COMMAND,duplicate_existing,canonical+command_index,dnf history undo,,high
dnf history undo,dnf history undo,dnf,Packages,Sekcja Komend,dnf history undo 5,16327,339,runtime/knowledge/source/linux_master_library_v1.pdf,RHCSA_Command_Library.pdf,duplicate_existing,canonical+command_index+candidate_internal,dnf history undo,weak_description,high
dnf history undo 5 # cofnij transakcję,dnf history undo 5 # cofnij transakcję,dnf,Packages,12.2 DNF/YUM (RHEL/Fedora),dnf history undo 5 # cofnij transakcję,16332,339,runtime/knowledge/source/linux_master_library_v1.pdf,linux_engineering_book.md | linux_engineering_book.pdf,candidate,,,,high
dnf info,dnf info,dnf,Packages,Informacje o pakiecie,dnf info httpd,16337,339,runtime/knowledge/source/linux_master_library_v1.pdf,LINUX COMMAND,candidate,,,,high
dnf info package,dnf info package,dnf,Packages,Sekcja Komend,dnf info package,16342,339,runtime/knowledge/source/linux_master_library_v1.pdf,RHCSA_Command_Library.pdf,duplicate_existing,canonical+command_index,dnf info package,weak_description,high
dnf info package # informacje,dnf info package # informacje,dnf,Packages,12.2 DNF/YUM (RHEL/Fedora) 339,dnf info package # informacje,16347,339,runtime/knowledge/source/linux_master_library_v1.pdf,linux_engineering_book.md | linux_engineering_book.pdf,candidate,,,,high
dnf info pkg,dnf info pkg,dnf,Packages,details. SAFE,dnf info pkg,16357,340,runtime/knowledge/source/linux_master_library_v1.pdf,komendy,candidate,,,,high
dnf install,dnf install,dnf,Packages,Instaluje pakiet,dnf install httpd,16362,340,runtime/knowledge/source/linux_master_library_v1.pdf,LINUX COMMAND,candidate,,,,high
dnf install -y,dnf install -y,dnf,Packages,Sekcja Komend,dnf install -y,16367,340,runtime/knowledge/source/linux_master_library_v1.pdf,RHCSA_Command_Library.pdf,duplicate_existing,canonical+command_index,dnf install -y,weak_description,high
dnf install kernel,dnf install kernel,dnf,Packages,Sekcja Komend,dnf install kernel,16372,340,runtime/knowledge/source/linux_master_library_v1.pdf,RHCSA_Command_Library.pdf,duplicate_existing,canonical+command_index,dnf install kernel,weak_description,high
dnf install package,dnf install package,dnf,Packages,Sekcja Komend,dnf install package,16377,340,runtime/knowledge/source/linux_master_library_v1.pdf,RHCSA_Command_Library.pdf,duplicate_existing,canonical+command_index,dnf install package,weak_description,high
dnf install package # instaluj,dnf install package # instaluj,dnf,Packages,12.2 DNF/YUM (RHEL/Fedora),dnf install package # instaluj,16382,340,runtime/knowledge/source/linux_master_library_v1.pdf,linux_engineering_book.md | linux_engineering_book.pdf,candidate,,,,high
dnf install pkg,dnf install pkg,dnf,Packages,install. CAUTION,dnf install pkg,16387,340,runtime/knowledge/source/linux_master_library_v1.pdf,komendy,candidate,,,,high
dnf makecache,dnf makecache,dnf,Packages,Sekcja Komend 340,dnf makecache,16392,340,runtime/knowledge/source/linux_master_library_v1.pdf,RHCSA_Command_Library.pdf,duplicate_existing,canonical+command_index,dnf makecache,,high
dnf module,dnf module,dnf,Packages,Moduły aplikacji (RHEL 8+),dnf module,16402,341,runtime/knowledge/source/linux_master_library_v1.pdf,LINUX COMMAND,candidate,,,,high
dnf provides,dnf provides,dnf,Packages,Sekcja Komend,dnf provides,16407,341,runtime/knowledge/source/linux_master_library_v1.pdf,RHCSA_Command_Library.pdf,duplicate_existing,canonical+command_index,dnf provides,weak_description,high
dnf provides /path/file,dnf provides /path/file,dnf,Packages,owning package. SAFE,dnf provides /path/file,16412,341,runtime/knowledge/source/linux_master_library_v1.pdf,komendy,candidate,,,,high
dnf provides /path/to/file # który pakiet zawiera plik,dnf provides /path/to/file # który pakiet zawiera plik,dnf,Packages,12.2 DNF/YUM (RHEL/Fedora),dnf provides /path/to/file # który pakiet zawiera plik,16417,341,runtime/knowledge/source/linux_master_library_v1.pdf,linux_engineering_book.md | linux_engineering_book.pdf,candidate,,,,high
dnf reinstall,dnf reinstall,dnf,Packages,Sekcja Komend,dnf reinstall,16422,341,runtime/knowledge/source/linux_master_library_v1.pdf,RHCSA_Command_Library.pdf,duplicate_existing,canonical+command_index,dnf reinstall,weak_description,high
dnf repoinfo repo-id,dnf repoinfo repo-id,dnf,Packages,Wyodrbnij zawarto pakietu RPM,dnf repoinfo repo-id,16427,341,runtime/knowledge/source/linux_master_library_v1.pdf,RHCSA_Command_Library.pdf,duplicate_existing,canonical+command_index,dnf repoinfo repo-id,,high
dnf repolist,dnf repolist,dnf,Packages,Lista repozytoriów,dnf repolist all | dnf repolist,16432,341,runtime/knowledge/source/linux_master_library_v1.pdf,LINUX COMMAND | RHCSA_Command_Library.pdf,duplicate_existing,canonical+command_index,dnf repolist,,high
dnf repolist all,dnf repolist all,dnf,Packages,Sekcja Komend 341,dnf repolist all,16438,341,runtime/knowledge/source/linux_master_library_v1.pdf,RHCSA_Command_Library.pdf,duplicate_existing,canonical+command_index,dnf repolist all,,high
dnf repoquery -l pkg,dnf repoquery -l pkg,dnf,Packages,files in package. SAFE,dnf repoquery -l pkg,16448,342,runtime/knowledge/source/linux_master_library_v1.pdf,komendy,candidate,,,,high
dnf search,dnf search,dnf,Packages,Wyszukuje pakiet,dnf search web server,16453,342,runtime/knowledge/source/linux_master_library_v1.pdf,LINUX COMMAND,candidate,,,,high
dnf search keyword,dnf search keyword,dnf,Packages,Sekcja Komend,dnf search keyword,16458,342,runtime/knowledge/source/linux_master_library_v1.pdf,RHCSA_Command_Library.pdf,duplicate_existing,canonical+command_index,dnf search keyword,weak_description,high
dnf search keyword # szukaj,dnf search keyword # szukaj,dnf,Packages,12.2 DNF/YUM (RHEL/Fedora),dnf search keyword # szukaj,16463,342,runtime/knowledge/source/linux_master_library_v1.pdf,linux_engineering_book.md | linux_engineering_book.pdf,candidate,,,,high
dnf search term,dnf search term,dnf,Packages,search. SAFE,dnf search term,16468,342,runtime/knowledge/source/linux_master_library_v1.pdf,komendy,candidate,,,,high
dnf update,dnf update,dnf,Packages,refresh and upgrade. CAUTION,dnf update,16473,342,runtime/knowledge/source/linux_master_library_v1.pdf,LINUX COMMAND | RHCSA_Command_Library.pdf | komendy,duplicate_existing,canonical+command_index,dnf update,,high
dnf update package,dnf update package,dnf,Packages,Sekcja Komend,dnf update package,16478,342,runtime/knowledge/source/linux_master_library_v1.pdf,RHCSA_Command_Library.pdf,duplicate_existing,canonical+command_index,dnf update package,weak_description,high
dnf upgrade,dnf upgrade,dnf,Packages,Ulepsza system 342,dnf upgrade,16483,342,runtime/knowledge/source/linux_master_library_v1.pdf,LINUX COMMAND | RHCSA_Command_Library.pdf,duplicate_existing,canonical+command_index,dnf upgrade,,high
dnf upgrade # aktualizuj,dnf upgrade # aktualizuj,dnf,Packages,12.2 DNF/YUM (RHEL/Fedora),dnf upgrade # aktualizuj,16493,343,runtime/knowledge/source/linux_master_library_v1.pdf,linux_engineering_book.md | linux_engineering_book.pdf,candidate,,,,high
dnf upgrade-minimal,dnf upgrade-minimal,dnf,Packages,Sekcja Komend,dnf upgrade-minimal,16498,343,runtime/knowledge/source/linux_master_library_v1.pdf,RHCSA_Command_Library.pdf,duplicate_existing,canonical+command_index,dnf upgrade-minimal,weak_description,high
dnf whatprovides,dnf whatprovides,dnf,Packages,Sekcja Komend,dnf whatprovides,16503,343,runtime/knowledge/source/linux_master_library_v1.pdf,RHCSA_Command_Library.pdf,duplicate_existing,canonical+command_index,dnf whatprovides,weak_description,high
yum,yum,yum,Packages,Legacy wrapper (alias dnf),yum install httpd,16508,343,runtime/knowledge/source/linux_master_library_v1.pdf,LINUX COMMAND,candidate,,,,high
dnf-automatic,dnf-automatic,dnf-automatic,Packages,Automatyczne aktualizacje systemctl enable dnf-automatic.timer,,16513,343,runtime/knowledge/source/linux_master_library_v1.pdf,LINUX COMMAND,candidate,,,,high
dpkg -L package # pliki pakietu,dpkg -L package # pliki pakietu,dpkg,Packages,12.1 APT (Debian/Ubuntu),dpkg -L package # pliki pakietu,16518,343,runtime/knowledge/source/linux_master_library_v1.pdf,linux_engineering_book.md | linux_engineering_book.pdf,candidate,,,,high
dpkg -L pkg,dpkg -L pkg,dpkg,Packages,files in package. SAFE,dpkg -L pkg,16523,343,runtime/knowledge/source/linux_master_library_v1.pdf,komendy,candidate,,,,high
dpkg -S /path/file,dpkg -S /path/file,dpkg,Packages,owning package. SAFE 343,dpkg -S /path/file,16528,343,runtime/knowledge/source/linux_master_library_v1.pdf,komendy,candidate,,,,high
dpkg -S /path/to/file # który pakiet zawiera plik,dpkg -S /path/to/file # który pakiet zawiera plik,dpkg,Packages,12.1 APT (Debian/Ubuntu),dpkg -S /path/to/file # który pakiet zawiera plik,16538,344,runtime/knowledge/source/linux_master_library_v1.pdf,linux_engineering_book.md | linux_engineering_book.pdf,candidate,,,,high
dpkg -i,dpkg -i,dpkg,Packages,on incompatible architecture.,dpkg -i,16543,344,runtime/knowledge/source/linux_master_library_v1.pdf,komendy,candidate,,,,high
dpkg -i file.deb,dpkg -i file.deb,dpkg,Packages,install local deb. CAUTION,dpkg -i file.deb,16548,344,runtime/knowledge/source/linux_master_library_v1.pdf,komendy,candidate,,,,high
dpkg -i package.deb # instaluj .deb,dpkg -i package.deb # instaluj .deb,dpkg,Packages,12.1 APT (Debian/Ubuntu),dpkg -i package.deb # instaluj .deb,16553,344,runtime/knowledge/source/linux_master_library_v1.pdf,linux_engineering_book.md | linux_engineering_book.pdf,candidate,,,,high
dpkg -i on incompatible architecture.',dpkg -i on incompatible architecture.',dpkg,Packages,Dangerous Mistakes,dpkg -i` on incompatible architecture.,16558,344,runtime/knowledge/source/linux_master_library_v1.pdf,komendy,candidate,,,weak_description,medium
dpkg -l,dpkg -l,dpkg,Packages,all installed packages. SAFE,dpkg -l,16563,344,runtime/knowledge/source/linux_master_library_v1.pdf,komendy,candidate,,,,high
dpkg -l #,dpkg -l #,dpkg,Packages,12.1 APT (Debian/Ubuntu),dpkg -l #,16568,344,runtime/knowledge/source/linux_master_library_v1.pdf,linux_engineering_book.md | linux_engineering_book.pdf,candidate,,,,high
dpkg -l > baseline.txt,dpkg -l > baseline.txt,dpkg,Packages,Baseline: for comparison. 344,dpkg -l > baseline.txt,16573,344,runtime/knowledge/source/linux_master_library_v1.pdf,komendy,candidate,,,,high
dpkg -r package # usuń,dpkg -r package # usuń,dpkg,Packages,12.1 APT (Debian/Ubuntu),dpkg -r package # usuń,16583,345,runtime/knowledge/source/linux_master_library_v1.pdf,linux_engineering_book.md | linux_engineering_book.pdf,candidate,,,,high
flatpak,flatpak,flatpak,Packages,installed flatpaks. SAFE,flatpak,16588,345,runtime/knowledge/source/linux_master_library_v1.pdf,LINUX COMMAND | komendy | linux_engineering_book.md | linux_engineering_book.pdf,candidate,,,,high
flatpak install,flatpak install,flatpak,Packages,Instaluje Flatpak (RHEL 10),flatpak install flathub org.gimp.GIMP,16593,345,runtime/knowledge/source/linux_master_library_v1.pdf,LINUX COMMAND,candidate,,,,high
flatpak install flathub org.mozilla.firefox,flatpak install flathub org.mozilla.firefox,flatpak,Packages,12.4 Flatpak i Snap,flatpak install flathub org.mozilla.firefox,16598,345,runtime/knowledge/source/linux_master_library_v1.pdf,linux_engineering_book.md | linux_engineering_book.pdf,candidate,,,,high
flatpak remote-add,flatpak remote-add,flatpak,Packages,Dodaje repozytorium,flatpak remote-add flathub https://...,16603,345,runtime/knowledge/source/linux_master_library_v1.pdf,LINUX COMMAND,candidate,,,,high
flatpak run,flatpak run,flatpak,Packages,Uruchamia Flatpak,flatpak run org.gimp.GIMP,16608,345,runtime/knowledge/source/linux_master_library_v1.pdf,LINUX COMMAND,candidate,,,,high
flatpak run org.mozilla.firefox,flatpak run org.mozilla.firefox,flatpak,Packages,12.4 Flatpak i Snap,flatpak run org.mozilla.firefox,16613,345,runtime/knowledge/source/linux_master_library_v1.pdf,linux_engineering_book.md | linux_engineering_book.pdf,candidate,,,,high
flatpak update,flatpak update,flatpak,Packages,12.4 Flatpak i Snap 345,flatpak update,16618,345,runtime/knowledge/source/linux_master_library_v1.pdf,linux_engineering_book.md | linux_engineering_book.pdf,candidate,,,,high
reposync,reposync,reposync,Packages,Synchronizuje repozytorium,reposync -p /var/repo,16628,346,runtime/knowledge/source/linux_master_library_v1.pdf,LINUX COMMAND,candidate,,,,high
rpm --import,rpm --import,rpm,Packages,Importuje klucz GPG,rpm --import /etc/pki/rpm-gpg/RPM-GPG-KEY-redhat-release,16633,346,runtime/knowledge/source/linux_master_library_v1.pdf,LINUX COMMAND,duplicate_existing,canonical+command_index,rpm --import,,high
rpm -Uvh,rpm -Uvh,rpm,Packages,on running kernel without reboot plan.,rpm -Uvh,16638,346,runtime/knowledge/source/linux_master_library_v1.pdf,komendy,candidate,,,,high
rpm -Uvh on running kernel without reboot plan.',rpm -Uvh on running kernel without reboot plan.',rpm,Packages,Dangerous Mistakes,rpm -Uvh` on running kernel without reboot plan.,16643,,runtime/knowledge/source/linux_master_library_v1.pdf,komendy,candidate,,,weak_description,medium
rpm -V pkg,rpm -V pkg,rpm,Packages,verify integrity. SAFE,rpm -V pkg,16648,,runtime/knowledge/source/linux_master_library_v1.pdf,komendy,candidate,,,,high
rpm -Va,rpm -Va,rpm,Packages,verify all installed packages. SAFE,rpm -Va,16653,,runtime/knowledge/source/linux_master_library_v1.pdf,komendy,duplicate_existing,canonical+command_index,rpm -Va,,high
rpm -e,rpm -e,rpm,Packages,Usuwa pakiet (bez zależności),rpm -e httpd,16658,,runtime/knowledge/source/linux_master_library_v1.pdf,LINUX COMMAND,candidate,,,,high
rpm -ivh,rpm -ivh,rpm,Packages,Instaluje lokalny RPM 346,rpm -ivh package.rpm,16663,,runtime/knowledge/source/linux_master_library_v1.pdf,LINUX COMMAND,candidate,,,,high
rpm -ivh file.rpm,rpm -ivh file.rpm,rpm,Packages,install local rpm. CAUTION,rpm -ivh file.rpm,16673,,runtime/knowledge/source/linux_master_library_v1.pdf,komendy,candidate,,,,high
rpm -ivh package.rpm # instaluj,rpm -ivh package.rpm # instaluj,rpm,Packages,12.2 DNF/YUM (RHEL/Fedora),rpm -ivh package.rpm # instaluj,16678,,runtime/knowledge/source/linux_master_library_v1.pdf,linux_engineering_book.md | linux_engineering_book.pdf,candidate,,,,high
rpm -qa,rpm -qa,rpm,Packages,all packages. SAFE,rpm -qa \ | rpm -qa,16683,,runtime/knowledge/source/linux_master_library_v1.pdf,LINUX COMMAND | komendy,duplicate_existing,canonical+command_index,rpm -qa,,high
rpm -qa #,rpm -qa #,rpm,Packages,12.2 DNF/YUM (RHEL/Fedora),rpm -qa #,16689,,runtime/knowledge/source/linux_master_library_v1.pdf,linux_engineering_book.md | linux_engineering_book.pdf,candidate,,,,high
rpm -qa kernel,rpm -qa kernel,rpm,Packages,Sekcja Komend,rpm -qa kernel,16694,,runtime/knowledge/source/linux_master_library_v1.pdf,RHCSA_Command_Library.pdf,duplicate_existing,canonical+command_index,rpm -qa kernel,weak_description,high
rpm -qf,rpm -qf,rpm,Packages,Który pakiet zawiera plik,rpm -qf /bin/bash,16699,,runtime/knowledge/source/linux_master_library_v1.pdf,LINUX COMMAND,duplicate_existing,canonical+command_index,rpm -qf,,high
rpm -qf /path/file,rpm -qf /path/file,rpm,Packages,file owner. SAFE,rpm -qf /path/file,16704,,runtime/knowledge/source/linux_master_library_v1.pdf,komendy,candidate,,,,high
rpm -qf /path/to/file # który pakiet,rpm -qf /path/to/file # który pakiet,rpm,Packages,12.2 DNF/YUM (RHEL/Fedora) 347,rpm -qf /path/to/file # który pakiet,16709,,runtime/knowledge/source/linux_master_library_v1.pdf,linux_engineering_book.md | linux_engineering_book.pdf,candidate,,,,high
rpm -qi,rpm -qi,rpm,Packages,Info o pakiecie,rpm -qi httpd,16719,,runtime/knowledge/source/linux_master_library_v1.pdf,LINUX COMMAND,candidate,,,,high
rpm -ql,rpm -ql,rpm,Packages,Pliki w pakiecie,rpm -ql httpd,16724,,runtime/knowledge/source/linux_master_library_v1.pdf,LINUX COMMAND,candidate,,,,high
rpm -ql package # pliki pakietu,rpm -ql package # pliki pakietu,rpm,Packages,12.2 DNF/YUM (RHEL/Fedora),rpm -ql package # pliki pakietu,16729,,runtime/knowledge/source/linux_master_library_v1.pdf,linux_engineering_book.md | linux_engineering_book.pdf,candidate,,,,high
rpm -ql pkg,rpm -ql pkg,rpm,Packages,package files. SAFE,rpm -ql pkg,16734,,runtime/knowledge/source/linux_master_library_v1.pdf,komendy,candidate,,,,high
rpm2cpio,rpm2cpio,rpm2cpio,Packages,Ekstrakcja plików z RPM,rpm2cpio package.rpm \,16739,,runtime/knowledge/source/linux_master_library_v1.pdf,LINUX COMMAND,candidate,,,,high
subscription-manager,subscription-manager,subscription-manager,Packages,Lista subskrypcji,subscription-manager,16744,,runtime/knowledge/source/linux_master_library_v1.pdf,LINUX COMMAND,duplicate_existing,canonical+command_index,subscription-manager,,high
subscription-manager attach,subscription-manager attach,subscription-manager,Packages,Przyłącza subskrypcję,subscription-manager attach --auto,16749,,runtime/knowledge/source/linux_master_library_v1.pdf,LINUX COMMAND,candidate,,,,high
subscription-manager enable,subscription-manager enable,subscription-manager,Packages,Włącza repo 348,subscription-manager repos --enable rhel-9-for-x86_64-baseos-rpms,16754,,runtime/knowledge/source/linux_master_library_v1.pdf,LINUX COMMAND,candidate,,,,high
subscription-manager register,subscription-manager register,subscription-manager,Packages,Rejestracja RHN,subscription-manager register --username user,16764,,runtime/knowledge/source/linux_master_library_v1.pdf,LINUX COMMAND,candidate,,,,high
subscription-manager repos,subscription-manager repos,subscription-manager,Packages,Lista repozytoriów,subscription-manager repos --list,16769,,runtime/knowledge/source/linux_master_library_v1.pdf,LINUX COMMAND,candidate,,,,high
ansible,ansible,ansible,Automation,Automation tool,ansible,16775,349,runtime/knowledge/source/linux_master_library_v1.pdf,LINUX COMMAND,candidate,,,,high
ansible --check,ansible --check,ansible,Automation,"flags: , , .",ansible --check,16780,349,runtime/knowledge/source/linux_master_library_v1.pdf,komendy,candidate,,,,high
"ansible webservers -a ""uptime""","ansible webservers -a ""uptime""",ansible,Automation,20.1 Ansible,"ansible webservers -a ""uptime""",16785,349,runtime/knowledge/source/linux_master_library_v1.pdf,linux_engineering_book.md | linux_engineering_book.pdf,candidate,,,,high
ansible webservers -m ping,ansible webservers -m ping,ansible,Automation,20.1 Ansible,ansible webservers -m ping,16790,349,runtime/knowledge/source/linux_master_library_v1.pdf,linux_engineering_book.md | linux_engineering_book.pdf,candidate,,,,high
ansible-doc,ansible-doc,ansible-doc,Automation,Dokumentacja modułów,ansible-doc yum,16795,349,runtime/knowledge/source/linux_master_library_v1.pdf,LINUX COMMAND,candidate,,,,high
ansible-galaxy,ansible-galaxy,ansible-galaxy,Automation,Role i kolekcje 349,ansible-galaxy install role,16800,349,runtime/knowledge/source/linux_master_library_v1.pdf,LINUX COMMAND,candidate,,,,high
ansible-inventory,ansible-inventory,ansible-inventory,Automation,Zarządzanie inwentarzem,ansible-inventory --list,16810,350,runtime/knowledge/source/linux_master_library_v1.pdf,LINUX COMMAND,candidate,,,,high
ansible-vault,ansible-vault,ansible-vault,Automation,Szyfrowanie,ansible-vault encrypt secrets.yml,16815,350,runtime/knowledge/source/linux_master_library_v1.pdf,LINUX COMMAND,candidate,,,,high
ansible-vault encrypt secrets.yml,ansible-vault encrypt secrets.yml,ansible-vault,Automation,20.1 Ansible,ansible-vault encrypt secrets.yml,16820,350,runtime/knowledge/source/linux_master_library_v1.pdf,linux_engineering_book.md | linux_engineering_book.pdf,candidate,,,,high
at,at,at,Automation,"Jednorazowe zadanie echo ""reboot"" \",,16825,350,runtime/knowledge/source/linux_master_library_v1.pdf,LINUX COMMAND,candidate,,,,high
atq,atq,atq,Automation,list jobs. SAFE,atq,16830,350,runtime/knowledge/source/linux_master_library_v1.pdf,LINUX COMMAND | komendy,duplicate_existing,canonical+command_index,atq,,high
atrm,atrm,atrm,Automation,Usuwa zadanie at,atrm 1,16835,350,runtime/knowledge/source/linux_master_library_v1.pdf,LINUX COMMAND,candidate,,,,high
atrm,atrm,atrm,Automation,remove job. CAUTION,atrm 1,16840,350,runtime/knowledge/source/linux_master_library_v1.pdf,komendy,duplicate_existing,candidate_internal,atrm,,high
autoconf,autoconf,autoconf,Automation,Generuje configure 350,autoconf,16845,350,runtime/knowledge/source/linux_master_library_v1.pdf,LINUX COMMAND,candidate,,,,high
automake,automake,automake,Automation,Generuje Makefile.in,automake --add-missing,16855,351,runtime/knowledge/source/linux_master_library_v1.pdf,LINUX COMMAND,candidate,,,,high
batch,batch,batch,Automation,"Wykonuje gdy load spadnie echo ""cmd"" \",,16860,351,runtime/knowledge/source/linux_master_library_v1.pdf,LINUX COMMAND,duplicate_existing,canonical+command_index,batch,,high
buildah,buildah,buildah,Automation,Build tool dla kontenerów,buildah from scratch,16865,351,runtime/knowledge/source/linux_master_library_v1.pdf,LINUX COMMAND,candidate,,,,high
buildah bud,buildah bud,buildah,Automation,Build Dockerfile,buildah bud -t myimg .,16870,351,runtime/knowledge/source/linux_master_library_v1.pdf,LINUX COMMAND,candidate,,,,high
chef-client,chef-client,chef-client,Automation,Chef client,chef-client,16875,351,runtime/knowledge/source/linux_master_library_v1.pdf,LINUX COMMAND,candidate,,,,high
cmake,cmake,cmake,Automation,Build system,cmake,16880,351,runtime/knowledge/source/linux_master_library_v1.pdf,LINUX COMMAND,candidate,,,,high
crictl,crictl,crictl,Automation,CRI CLI (kubernetes),crictl ps,16885,351,runtime/knowledge/source/linux_master_library_v1.pdf,LINUX COMMAND,candidate,,,,high
crontab -e,crontab -e,crontab,Automation,edit user crontab. CAUTION 351,crontab -e,16890,351,runtime/knowledge/source/linux_master_library_v1.pdf,LINUX COMMAND | RHCSA_Command_Library.pdf | komendy,candidate,,,,high
crontab -e # edytuj,crontab -e # edytuj,crontab,Automation,11.2 Cron i Harmonogramowanie,crontab -e # edytuj,16900,352,runtime/knowledge/source/linux_master_library_v1.pdf,linux_engineering_book.md | linux_engineering_book.pdf,candidate,,,,high
crontab -e -u user,crontab -e -u user,crontab,Automation,Sekcja Komend,crontab -e -u user,16905,352,runtime/knowledge/source/linux_master_library_v1.pdf,RHCSA_Command_Library.pdf,candidate,,,weak_description,medium
crontab -l,crontab -l,crontab,Automation,list user crontab. SAFE,crontab -l,16910,352,runtime/knowledge/source/linux_master_library_v1.pdf,LINUX COMMAND | RHCSA_Command_Library.pdf | komendy,candidate,,,,high
crontab -l # wyświetl,crontab -l # wyświetl,crontab,Automation,11.2 Cron i Harmonogramowanie,crontab -l # wyświetl,16915,352,runtime/knowledge/source/linux_master_library_v1.pdf,linux_engineering_book.md | linux_engineering_book.pdf,candidate,,,,high
crontab -l -u user,crontab -l -u user,crontab,Automation,Sekcja Komend,crontab -l -u user,16920,352,runtime/knowledge/source/linux_master_library_v1.pdf,RHCSA_Command_Library.pdf,candidate,,,weak_description,medium
crontab -r,crontab -r,crontab,Automation,remove user crontab. DANGEROUS,crontab -r,16925,352,runtime/knowledge/source/linux_master_library_v1.pdf,LINUX COMMAND | RHCSA_Command_Library.pdf | komendy,candidate,,,,high
crontab -r # usuń,crontab -r # usuń,crontab,Automation,11.2 Cron i Harmonogramowanie,crontab -r # usuń,16930,352,runtime/knowledge/source/linux_master_library_v1.pdf,linux_engineering_book.md | linux_engineering_book.pdf,candidate,,,,high
crontab -r -u user,crontab -r -u user,crontab,Automation,Sekcja Komend 352,crontab -r -u user,16935,352,runtime/knowledge/source/linux_master_library_v1.pdf,RHCSA_Command_Library.pdf,candidate,,,,high
crontab -r instead of crontab -e.',crontab -r instead of crontab -e.',crontab,Automation,Dangerous Mistakes,crontab -r` instead of `crontab -e`.,16945,353,runtime/knowledge/source/linux_master_library_v1.pdf,komendy,candidate,,,weak_description,medium
expect,expect,expect,Automation,Automatyzacja interaktywna,expect script.exp,16950,353,runtime/knowledge/source/linux_master_library_v1.pdf,LINUX COMMAND,candidate,,,,high
git,git,git,Automation,working tree status. SAFE,git clone url | git,16955,353,runtime/knowledge/source/linux_master_library_v1.pdf,LINUX COMMAND | komendy,candidate,,,,high
git add,git add,git,Automation,Dodaje do staging,git add file.txt,16961,353,runtime/knowledge/source/linux_master_library_v1.pdf,LINUX COMMAND,candidate,,,,high
git add -p,git add -p,git,Automation,interactive patch staging. SAFE,git add -p,16966,353,runtime/knowledge/source/linux_master_library_v1.pdf,komendy,candidate,,,,high
git bisect,git bisect,git,Automation,21.1 Git — Zaawansowane,git bisect,16971,353,runtime/knowledge/source/linux_master_library_v1.pdf,LINUX COMMAND | linux_engineering_book.md | linux_engineering_book.pdf,candidate,,,,high
git bisect bad # aktualny jest zły,git bisect bad # aktualny jest zły,git,Automation,21.1 Git — Zaawansowane,git bisect bad # aktualny jest zły,16976,353,runtime/knowledge/source/linux_master_library_v1.pdf,linux_engineering_book.md | linux_engineering_book.pdf,candidate,,,,high
git bisect good v1.0 # v1.0 był dobry,git bisect good v1.0 # v1.0 był dobry,git,Automation,21.1 Git — Zaawansowane 353,git bisect good v1.0 # v1.0 był dobry,16981,353,runtime/knowledge/source/linux_master_library_v1.pdf,linux_engineering_book.md | linux_engineering_book.pdf,candidate,,,,high
git blame file.txt,git blame file.txt,git,Automation,line annotations. SAFE,git blame file.txt,16991,354,runtime/knowledge/source/linux_master_library_v1.pdf,komendy,candidate,,,,high
git branch,git branch,git,Automation,Zarządzanie branchami,git branch -a,16996,354,runtime/knowledge/source/linux_master_library_v1.pdf,LINUX COMMAND,candidate,,,,high
git branch -a,git branch -a,git,Automation,list branches. SAFE,git branch -a,17001,354,runtime/knowledge/source/linux_master_library_v1.pdf,komendy,candidate,,,,high
git branch feature/new-api,git branch feature/new-api,git,Automation,21.1 Git — Zaawansowane,git branch feature/new-api,17006,354,runtime/knowledge/source/linux_master_library_v1.pdf,linux_engineering_book.md | linux_engineering_book.pdf,candidate,,,,high
git checkout,git checkout,git,Automation,Przełącza branch,git checkout -b feature,17011,354,runtime/knowledge/source/linux_master_library_v1.pdf,LINUX COMMAND,candidate,,,,high
git checkout -b feature,git checkout -b feature,git,Automation,create and switch. SAFE,git checkout -b feature,17016,354,runtime/knowledge/source/linux_master_library_v1.pdf,komendy,candidate,,,,high
git checkout -b feature/new-api # utwórz i przełącz,git checkout -b feature/new-api # utwórz i przełącz,git,Automation,21.1 Git — Zaawansowane,git checkout -b feature/new-api # utwórz i przełącz,17021,354,runtime/knowledge/source/linux_master_library_v1.pdf,linux_engineering_book.md | linux_engineering_book.pdf,candidate,,,,high
git cherry-pick,git cherry-pick,git,Automation,Przenosi commit 354,git cherry-pick abc123,17026,354,runtime/knowledge/source/linux_master_library_v1.pdf,LINUX COMMAND,candidate,,,,high
git cherry-pick abc123,git cherry-pick abc123,git,Automation,apply specific commit. CAUTION,git cherry-pick abc123,17036,355,runtime/knowledge/source/linux_master_library_v1.pdf,komendy,candidate,,,,high
git cherry-pick abc123 # wybierz konkretny commit,git cherry-pick abc123 # wybierz konkretny commit,git,Automation,21.1 Git — Zaawansowane,git cherry-pick abc123 # wybierz konkretny commit,17041,355,runtime/knowledge/source/linux_master_library_v1.pdf,linux_engineering_book.md | linux_engineering_book.pdf,candidate,,,,high
git clone,git clone,git,Automation,Klonuje repo,git clone https://github.com/...,17046,355,runtime/knowledge/source/linux_master_library_v1.pdf,LINUX COMMAND,candidate,,,,high
git clone https://repo.git,git clone https://repo.git,git,Automation,clone. SAFE,git clone https://repo.git,17051,355,runtime/knowledge/source/linux_master_library_v1.pdf,komendy,candidate,,,,high
git commit,git commit,git,Automation,Commituje zmiany,"git commit -m ""fix""",17056,355,runtime/knowledge/source/linux_master_library_v1.pdf,LINUX COMMAND,candidate,,,,high
git commit --amend,git commit --amend,git,Automation,amend last commit. CAUTION (rewrites history),git commit --amend,17061,355,runtime/knowledge/source/linux_master_library_v1.pdf,komendy,candidate,,,,high
"git commit -m ""msg""","git commit -m ""msg""",git,Automation,commit. SAFE,"git commit -m ""msg""",17066,355,runtime/knowledge/source/linux_master_library_v1.pdf,komendy,candidate,,,,high
git config,git config,git,Automation,Konfiguracja 355,"git config --global user.name ""John""",17071,355,runtime/knowledge/source/linux_master_library_v1.pdf,LINUX COMMAND,candidate,,,,high
git diff,git diff,git,Automation,compare with previous. SAFE,git diff,17081,356,runtime/knowledge/source/linux_master_library_v1.pdf,LINUX COMMAND | komendy,candidate,,,,high
git fetch,git fetch,git,Automation,Pobiera bez merge,git fetch origin,17086,356,runtime/knowledge/source/linux_master_library_v1.pdf,LINUX COMMAND,candidate,,,,high
git fetch origin,git fetch origin,git,Automation,download refs. SAFE,git fetch origin,17091,356,runtime/knowledge/source/linux_master_library_v1.pdf,komendy,candidate,,,,high
git init,git init,git,Automation,initialize repo. SAFE,git init,17096,356,runtime/knowledge/source/linux_master_library_v1.pdf,LINUX COMMAND | komendy,candidate,,,,high
git log,git log,git,Automation,Historia commitów,git log --oneline,17101,356,runtime/knowledge/source/linux_master_library_v1.pdf,LINUX COMMAND,candidate,,,,high
git log --oneline --graph --all,git log --oneline --graph --all,git,Automation,compact history. SAFE,git log --oneline --graph --all,17106,356,runtime/knowledge/source/linux_master_library_v1.pdf,komendy,candidate,,,,high
git merge,git merge,git,Automation,Łączy branch,git merge feature,17111,356,runtime/knowledge/source/linux_master_library_v1.pdf,LINUX COMMAND,candidate,,,,high
git merge feature,git merge feature,git,Automation,merge branch. CAUTION 356,git merge feature,17116,356,runtime/knowledge/source/linux_master_library_v1.pdf,komendy,candidate,,,,high
git merge feature/new-api # merge,git merge feature/new-api # merge,git,Automation,21.1 Git — Zaawansowane,git merge feature/new-api # merge,17126,357,runtime/knowledge/source/linux_master_library_v1.pdf,linux_engineering_book.md | linux_engineering_book.pdf,candidate,,,,high
git pull,git pull,git,Automation,Pobiera zmiany,git pull origin main,17131,357,runtime/knowledge/source/linux_master_library_v1.pdf,LINUX COMMAND,candidate,,,,high
git pull origin main,git pull origin main,git,Automation,fetch and merge. CAUTION,git pull origin main,17136,357,runtime/knowledge/source/linux_master_library_v1.pdf,komendy,candidate,,,,high
git push,git push,git,Automation,Wysyła na zdalne,git push origin main,17141,357,runtime/knowledge/source/linux_master_library_v1.pdf,LINUX COMMAND,candidate,,,,high
git push --force,git push --force,git,Automation,force push. DANGEROUS (overwrites remote history),git push --force,17146,357,runtime/knowledge/source/linux_master_library_v1.pdf,komendy,candidate,,,,high
git push --force-with-lease,git push --force-with-lease,git,Automation,safer force push. CAUTION,git push --force-with-lease,17151,357,runtime/knowledge/source/linux_master_library_v1.pdf,komendy,candidate,,,,high
git push --force on main branch.',git push --force on main branch.',git,Automation,Dangerous Mistakes,git push --force` on main branch.,17156,357,runtime/knowledge/source/linux_master_library_v1.pdf,komendy,candidate,,,weak_description,medium
git push origin main,git push origin main,git,Automation,push commits. CAUTION 357,git push origin main,17161,357,runtime/knowledge/source/linux_master_library_v1.pdf,komendy,candidate,,,,high
git push origin v1.0,git push origin v1.0,git,Automation,push tag. SAFE,git push origin v1.0,17171,358,runtime/knowledge/source/linux_master_library_v1.pdf,komendy,candidate,,,,high
git rebase,git rebase,git,Automation,Rebase branch,git rebase main,17176,358,runtime/knowledge/source/linux_master_library_v1.pdf,LINUX COMMAND,candidate,,,,high
git rebase main,git rebase main,git,Automation,rebase branch. CAUTION (rewrites history),git rebase main,17181,358,runtime/knowledge/source/linux_master_library_v1.pdf,komendy,candidate,,,,high
git rebase main # rebase,git rebase main # rebase,git,Automation,21.1 Git — Zaawansowane,git rebase main # rebase,17186,358,runtime/knowledge/source/linux_master_library_v1.pdf,linux_engineering_book.md | linux_engineering_book.pdf,candidate,,,,high
git remote,git remote,git,Automation,Zdalne repozytoria,git remote -v,17191,358,runtime/knowledge/source/linux_master_library_v1.pdf,LINUX COMMAND,candidate,,,,high
git remote -v,git remote -v,git,Automation,remotes. SAFE,git remote -v,17196,358,runtime/knowledge/source/linux_master_library_v1.pdf,komendy,candidate,,,,high
git reset,git reset,git,Automation,Resetuje stan,git reset --hard,17201,358,runtime/knowledge/source/linux_master_library_v1.pdf,LINUX COMMAND,candidate,,,,high
git reset --hard,git reset --hard,git,Automation,undo commit discard changes. DANGEROUS 358,git reset --hard,17206,358,runtime/knowledge/source/linux_master_library_v1.pdf,komendy,candidate,,,,high
git reset --hard losing uncommitted work.',git reset --hard losing uncommitted work.',git,Automation,Dangerous Mistakes,git reset --hard` losing uncommitted work.,17216,359,runtime/knowledge/source/linux_master_library_v1.pdf,komendy,candidate,,,weak_description,medium
git reset --soft,git reset --soft,git,Automation,undo commit keep changes. CAUTION,git reset --soft,17221,359,runtime/knowledge/source/linux_master_library_v1.pdf,komendy,candidate,,,,high
git revert,git revert,git,Automation,Revert commit,git revert,17226,359,runtime/knowledge/source/linux_master_library_v1.pdf,LINUX COMMAND,candidate,,,,high
git stash,git stash,git,Automation,21.1 Git — Zaawansowane,git stash push | git stash,17231,359,runtime/knowledge/source/linux_master_library_v1.pdf,LINUX COMMAND | linux_engineering_book.md | linux_engineering_book.pdf,candidate,,,,high
git stash # schowaj zmiany,git stash # schowaj zmiany,git,Automation,21.1 Git — Zaawansowane,git stash # schowaj zmiany,17237,359,runtime/knowledge/source/linux_master_library_v1.pdf,linux_engineering_book.md | linux_engineering_book.pdf,candidate,,,,high
git stash pop,git stash pop,git,Automation,Przywraca ze schowka,git stash pop,17242,359,runtime/knowledge/source/linux_master_library_v1.pdf,LINUX COMMAND,candidate,,,,high
git stash pop # przywróć,git stash pop # przywróć,git,Automation,21.1 Git — Zaawansowane,git stash pop # przywróć,17247,359,runtime/knowledge/source/linux_master_library_v1.pdf,linux_engineering_book.md | linux_engineering_book.pdf,candidate,,,,high
git submodule add https://github.com/lib/lib.git,git submodule add https://github.com/lib/lib.git,git,Automation,21.1 Git — Zaawansowane 359,git submodule add https://github.com/lib/lib.git,17252,359,runtime/knowledge/source/linux_master_library_v1.pdf,linux_engineering_book.md | linux_engineering_book.pdf,candidate,,,,high
git submodule update --init --recursive,git submodule update --init --recursive,git,Automation,21.1 Git — Zaawansowane,git submodule update --init --recursive,17262,360,runtime/knowledge/source/linux_master_library_v1.pdf,linux_engineering_book.md | linux_engineering_book.pdf,candidate,,,,high
git tag,git tag,git,Automation,Tagi,"git tag -a v1.0 -m ""Release""",17267,360,runtime/knowledge/source/linux_master_library_v1.pdf,LINUX COMMAND,candidate,,,,high
"git tag -a v1.0 -m ""Release""","git tag -a v1.0 -m ""Release""",git,Automation,annotated tag. SAFE,"git tag -a v1.0 -m ""Release""",17272,360,runtime/knowledge/source/linux_master_library_v1.pdf,komendy,candidate,,,,high
helm,helm,helm,Automation,Package manager K8s,helm install myapp ./chart,17277,360,runtime/knowledge/source/linux_master_library_v1.pdf,LINUX COMMAND,candidate,,,,high
kubectl,kubectl,kubectl,Automation,create namespace. SAFE,kubectl get nodes | kubectl,17282,360,runtime/knowledge/source/linux_master_library_v1.pdf,LINUX COMMAND | komendy | linux_engineering_book.md | linux_engineering_book.pdf,candidate,,,,high
kubectl apply -f,kubectl apply -f,kubectl,Automation,Use instead of for idempotency.,kubectl apply -f,17288,360,runtime/knowledge/source/linux_master_library_v1.pdf,komendy,candidate,,,,high
kubectl apply -f deployment.yaml,kubectl apply -f deployment.yaml,kubectl,Automation,13.3 Kubernetes (podstawy),kubectl apply -f deployment.yaml,17293,360,runtime/knowledge/source/linux_master_library_v1.pdf,linux_engineering_book.md | linux_engineering_book.pdf,candidate,,,,high
kubectl autoscale deployment nginx --min=2 --max=10 --cpu-percent=80,kubectl autoscale deployment nginx --min=2 --max=10 --cpu-percent=80,kubectl,Automation,13.3 Kubernetes (podstawy) 360,kubectl autoscale deployment nginx --min=2 --max=10 --cpu-percent=80,17298,360,runtime/knowledge/source/linux_master_library_v1.pdf,linux_engineering_book.md | linux_engineering_book.pdf,candidate,,,,high
kubectl cluster-info,kubectl cluster-info,kubectl,Automation,cluster endpoint info. SAFE,kubectl cluster-info,17308,361,runtime/knowledge/source/linux_master_library_v1.pdf,komendy,candidate,,,,high
kubectl config set-context --current --namespace=prod,kubectl config set-context --current --namespace=prod,kubectl,Automation,set default ns. SAFE,kubectl config set-context --current --namespace=prod,17313,361,runtime/knowledge/source/linux_master_library_v1.pdf,komendy,candidate,,,,high
kubectl delete -f .,kubectl delete -f .,kubectl,Automation,deleting entire namespaces.,kubectl delete -f .,17318,361,runtime/knowledge/source/linux_master_library_v1.pdf,komendy,candidate,,,,high
kubectl delete -f . deleting entire namespaces.',kubectl delete -f . deleting entire namespaces.',kubectl,Automation,Dangerous Mistakes,kubectl delete -f .` deleting entire namespaces.,17323,361,runtime/knowledge/source/linux_master_library_v1.pdf,komendy,candidate,,,weak_description,medium
kubectl delete pod pod-name,kubectl delete pod pod-name,kubectl,Automation,delete pod. CAUTION,kubectl delete pod pod-name,17328,361,runtime/knowledge/source/linux_master_library_v1.pdf,komendy,candidate,,,,high
kubectl describe node node1,kubectl describe node node1,kubectl,Automation,node details. SAFE,kubectl describe node node1,17333,,runtime/knowledge/source/linux_master_library_v1.pdf,komendy,candidate,,,,high
kubectl describe pod pod-name,kubectl describe pod pod-name,kubectl,Automation,pod events and status. SAFE,kubectl describe pod pod-name,17338,,runtime/knowledge/source/linux_master_library_v1.pdf,komendy | linux_engineering_book.md | linux_engineering_book.pdf,candidate,,,,high
kubectl drain,kubectl drain,kubectl,Automation,Use before node maintenance. 361,kubectl drain,17343,,runtime/knowledge/source/linux_master_library_v1.pdf,komendy,candidate,,,,high
kubectl exec,kubectl exec,kubectl,Automation,into production pods without audit trail.,kubectl exec,17353,,runtime/knowledge/source/linux_master_library_v1.pdf,komendy,candidate,,,,high
kubectl exec -it pod-name -- /bin/sh,kubectl exec -it pod-name -- /bin/sh,kubectl,Automation,shell into pod. CAUTION,kubectl exec -it pod-name -- /bin/sh,17358,,runtime/knowledge/source/linux_master_library_v1.pdf,komendy,candidate,,,,high
kubectl exec -it pod-name -- bash,kubectl exec -it pod-name -- bash,kubectl,Automation,13.3 Kubernetes (podstawy),kubectl exec -it pod-name -- bash,17363,,runtime/knowledge/source/linux_master_library_v1.pdf,linux_engineering_book.md | linux_engineering_book.pdf,candidate,,,,high
kubectl expose deployment nginx --port=80 --type=LoadBalancer,kubectl expose deployment nginx --port=80 --type=LoadBalancer,kubectl,Automation,13.3 Kubernetes (podstawy),kubectl expose deployment nginx --port=80 --type=LoadBalancer,17368,,runtime/knowledge/source/linux_master_library_v1.pdf,linux_engineering_book.md | linux_engineering_book.pdf,candidate,,,,high
kubectl get configmap,kubectl get configmap,kubectl,Automation,list configmaps. SAFE,kubectl get configmap,17373,,runtime/knowledge/source/linux_master_library_v1.pdf,komendy,candidate,,,,high
kubectl get deployments,kubectl get deployments,kubectl,Automation,deployment list. SAFE,kubectl get deployments,17378,,runtime/knowledge/source/linux_master_library_v1.pdf,komendy,candidate,,,,high
kubectl get deployments # deploymenty,kubectl get deployments # deploymenty,kubectl,Automation,,kubectl — zarządzanie klastrem | kubectl get deployments # deploymenty,17383,,runtime/knowledge/source/linux_master_library_v1.pdf,linux_engineering_book.md | linux_engineering_book.pdf,candidate,,,,high
kubectl get endpoints,kubectl get endpoints,kubectl,Automation,service endpoints. SAFE 362,kubectl get endpoints,17388,,runtime/knowledge/source/linux_master_library_v1.pdf,komendy,candidate,,,,high
kubectl get ingress,kubectl get ingress,kubectl,Automation,list ingresses. SAFE,kubectl get ingress,17398,,runtime/knowledge/source/linux_master_library_v1.pdf,komendy,candidate,,,,high
kubectl get namespaces,kubectl get namespaces,kubectl,Automation,list namespaces. SAFE,kubectl get namespaces,17403,,runtime/knowledge/source/linux_master_library_v1.pdf,komendy,candidate,,,,high
kubectl get nodes # węzły klastra,kubectl get nodes # węzły klastra,kubectl,Automation,,kubectl — zarządzanie klastrem | kubectl get nodes # węzły klastra,17408,,runtime/knowledge/source/linux_master_library_v1.pdf,linux_engineering_book.md | linux_engineering_book.pdf,candidate,,,,high
kubectl get nodes -o wide,kubectl get nodes -o wide,kubectl,Automation,node list with details. SAFE,kubectl get nodes -o wide,17413,,runtime/knowledge/source/linux_master_library_v1.pdf,komendy,candidate,,,,high
kubectl get pods -A # wszystkie pody,kubectl get pods -A # wszystkie pody,kubectl,Automation,,kubectl — zarządzanie klastrem | kubectl get pods -A # wszystkie pody,17418,,runtime/knowledge/source/linux_master_library_v1.pdf,linux_engineering_book.md | linux_engineering_book.pdf,candidate,,,,high
kubectl get pods -o wide,kubectl get pods -o wide,kubectl,Automation,pod list. SAFE,kubectl get pods -o wide,17423,,runtime/knowledge/source/linux_master_library_v1.pdf,komendy,candidate,,,,high
kubectl get secret,kubectl get secret,kubectl,Automation,list secrets. SAFE,kubectl get secret,17428,,runtime/knowledge/source/linux_master_library_v1.pdf,komendy,candidate,,,,high
kubectl get services # usługi,kubectl get services # usługi,kubectl,Automation,363,kubectl — zarządzanie klastrem | kubectl get services # usługi,17433,,runtime/knowledge/source/linux_master_library_v1.pdf,linux_engineering_book.md | linux_engineering_book.pdf,candidate,,,,high
kubectl get svc,kubectl get svc,kubectl,Automation,list services. SAFE,kubectl get svc,17443,,runtime/knowledge/source/linux_master_library_v1.pdf,komendy,candidate,,,,high
kubectl logs --previous pod-name,kubectl logs --previous pod-name,kubectl,Automation,previous container logs. SAFE,kubectl logs --previous pod-name,17448,,runtime/knowledge/source/linux_master_library_v1.pdf,komendy,candidate,,,,high
kubectl logs -f pod-name,kubectl logs -f pod-name,kubectl,Automation,follow logs. SAFE,kubectl logs -f pod-name,17453,,runtime/knowledge/source/linux_master_library_v1.pdf,komendy,candidate,,,,high
kubectl logs pod-name,kubectl logs pod-name,kubectl,Automation,pod logs. SAFE,kubectl logs pod-name,17458,,runtime/knowledge/source/linux_master_library_v1.pdf,komendy,candidate,,,,high
kubectl logs pod-name -f,kubectl logs pod-name -f,kubectl,Automation,13.3 Kubernetes (podstawy),kubectl logs pod-name -f,17463,,runtime/knowledge/source/linux_master_library_v1.pdf,linux_engineering_book.md | linux_engineering_book.pdf,candidate,,,,high
kubectl port-forward svc/app 8080:80,kubectl port-forward svc/app 8080:80,kubectl,Automation,local port forward. SAFE,kubectl port-forward svc/app 8080:80,17468,,runtime/knowledge/source/linux_master_library_v1.pdf,komendy,candidate,,,,high
kubectl rollout,kubectl rollout,kubectl,Automation,watch rollout. SAFE,kubectl rollout,17473,,runtime/knowledge/source/linux_master_library_v1.pdf,komendy,candidate,,,,high
kubectl rollout history deployment/app,kubectl rollout history deployment/app,kubectl,Automation,revision history. SAFE 364,kubectl rollout history deployment/app,17478,,runtime/knowledge/source/linux_master_library_v1.pdf,komendy,candidate,,,,high
kubectl rollout undo deployment/app,kubectl rollout undo deployment/app,kubectl,Automation,rollback. CAUTION,kubectl rollout undo deployment/app,17488,,runtime/knowledge/source/linux_master_library_v1.pdf,komendy,candidate,,,,high
kubectl scale deployment app --replicas=3,kubectl scale deployment app --replicas=3,kubectl,Automation,scale. CAUTION,kubectl scale deployment app --replicas=3,17493,,runtime/knowledge/source/linux_master_library_v1.pdf,komendy,candidate,,,,high
kubectl scale deployment nginx --replicas=5,kubectl scale deployment nginx --replicas=5,kubectl,Automation,13.3 Kubernetes (podstawy),kubectl scale deployment nginx --replicas=5,17498,,runtime/knowledge/source/linux_master_library_v1.pdf,linux_engineering_book.md | linux_engineering_book.pdf,candidate,,,,high
kubectl set image deployment/app app=nginx:1.21,kubectl set image deployment/app app=nginx:1.21,kubectl,Automation,update image. CAUTION,kubectl set image deployment/app app=nginx:1.21,17503,,runtime/knowledge/source/linux_master_library_v1.pdf,komendy,candidate,,,,high
kubectl top pods # zużycie zasobów,kubectl top pods # zużycie zasobów,kubectl,Automation,13.3 Kubernetes (podstawy),kubectl top pods # zużycie zasobów,17508,,runtime/knowledge/source/linux_master_library_v1.pdf,linux_engineering_book.md | linux_engineering_book.pdf,candidate,,,,high
kubectl version,kubectl version,kubectl,Automation,client/server versions. SAFE,kubectl version,17513,,runtime/knowledge/source/linux_master_library_v1.pdf,komendy,candidate,,,,high
make,make,make,Automation,27.1 Prosty Moduł,make -j4 | make,17518,,runtime/knowledge/source/linux_master_library_v1.pdf,LINUX COMMAND | linux_engineering_book.md | linux_engineering_book.pdf,candidate,,,,high
make -C /lib/modules/$(shell uname -r)/build,make -C /lib/modules/$(shell uname -r)/build,make,Automation,27.1 Prosty Moduł 365,make -C /lib/modules/$(shell uname -r)/build,17524,,runtime/knowledge/source/linux_master_library_v1.pdf,linux_engineering_book.md | linux_engineering_book.pdf,candidate,,,,high
make -j$(nproc) # jądro (vmlinux/bzImage),make -j$(nproc) # jądro (vmlinux/bzImage),make,Automation,16.2 Kompilacja i Instalacja,make -j$(nproc) # jądro (vmlinux/bzImage),17534,,runtime/knowledge/source/linux_master_library_v1.pdf,linux_engineering_book.md | linux_engineering_book.pdf,candidate,,,,high
make install,make install,make,Automation,Instaluje z Makefile,make install,17539,,runtime/knowledge/source/linux_master_library_v1.pdf,LINUX COMMAND,candidate,,,,high
make install # /boot/vmlinuz-6.8.0 + initramfs,make install # /boot/vmlinuz-6.8.0 + initramfs,make,Automation,16.2 Kompilacja i Instalacja,make install # /boot/vmlinuz-6.8.0 + initramfs,17544,,runtime/knowledge/source/linux_master_library_v1.pdf,linux_engineering_book.md | linux_engineering_book.pdf,candidate,,,,high
make localmodconfig # config z aktualnie załadowanych modułów,make localmodconfig # config z aktualnie załadowanych modułów,make,Automation,16.1 Pobieranie i Konfiguracja,make localmodconfig # config z aktualnie załadowanych modułów,17549,,runtime/knowledge/source/linux_master_library_v1.pdf,linux_engineering_book.md | linux_engineering_book.pdf,candidate,,,,high
make menuconfig # interaktywne menu (ncurses),make menuconfig # interaktywne menu (ncurses),make,Automation,16.1 Pobieranie i Konfiguracja,make menuconfig # interaktywne menu (ncurses),17554,,runtime/knowledge/source/linux_master_library_v1.pdf,linux_engineering_book.md | linux_engineering_book.pdf,candidate,,,,high
make modules -j$(nproc) # moduły,make modules -j$(nproc) # moduły,make,Automation,16.2 Kompilacja i Instalacja,make modules -j$(nproc) # moduły,17559,,runtime/knowledge/source/linux_master_library_v1.pdf,linux_engineering_book.md | linux_engineering_book.pdf,candidate,,,,high
make modules_install # /lib/modules/6.8.0/,make modules_install # /lib/modules/6.8.0/,make,Automation,16.2 Kompilacja i Instalacja,make modules_install # /lib/modules/6.8.0/,17564,,runtime/knowledge/source/linux_master_library_v1.pdf,linux_engineering_book.md | linux_engineering_book.pdf,candidate,,,,high
make oldconfig # aktualizacja starego .config,make oldconfig # aktualizacja starego .config,make,Automation,16.1 Pobieranie i Konfiguracja 366,make oldconfig # aktualizacja starego .config,17569,,runtime/knowledge/source/linux_master_library_v1.pdf,linux_engineering_book.md | linux_engineering_book.pdf,candidate,,,,high
make olddefconfig,make olddefconfig,make,Automation,Kopiowanie aktualnej konfiguracji,make olddefconfig,17579,,runtime/knowledge/source/linux_master_library_v1.pdf,linux_engineering_book.md | linux_engineering_book.pdf,candidate,,,,high
make xconfig #,make xconfig #,make,Automation,16.1 Pobieranie i Konfiguracja,make xconfig #,17584,,runtime/knowledge/source/linux_master_library_v1.pdf,linux_engineering_book.md | linux_engineering_book.pdf,candidate,,,,high
meson,meson,meson,Automation,Build system,meson setup builddir,17589,,runtime/knowledge/source/linux_master_library_v1.pdf,LINUX COMMAND,candidate,,,,high
ninja,ninja,ninja,Automation,Build tool,ninja -C builddir,17594,,runtime/knowledge/source/linux_master_library_v1.pdf,LINUX COMMAND,candidate,,,,high
oc,oc,oc,Automation,OpenShift CLI,oc get pods,17599,,runtime/knowledge/source/linux_master_library_v1.pdf,LINUX COMMAND,candidate,,,,high
patch,patch,patch,Automation,Aplikuje patch,patch -p1 < fix.patch | patch,17604,,runtime/knowledge/source/linux_master_library_v1.pdf,LINUX COMMAND | komendy,candidate,,,,high
patch -p1 < patch-file.patch,patch -p1 < patch-file.patch,patch,Automation,16.3 Patching Jądra,patch -p1 < patch-file.patch,17610,,runtime/knowledge/source/linux_master_library_v1.pdf,linux_engineering_book.md | linux_engineering_book.pdf,candidate,,,,high
podman,podman,podman,Automation,Uruchomienie kontenera z pełnymi uprawnieniami roota hosta i dostępem do surowego systemu 367,podman run -it rhel bash | podman,17615,,runtime/knowledge/source/linux_master_library_v1.pdf,LINUX COMMAND | RHCSA_Command_Library.pdf | encyklopedia_inzynierii_linux.pdf,duplicate_existing,command_index,podman,,high
podman --version,podman --version,podman,Automation,Sekcja Komend,podman --version,17626,,runtime/knowledge/source/linux_master_library_v1.pdf,RHCSA_Command_Library.pdf,duplicate_existing,canonical+command_index,podman --version,weak_description,high
podman build,podman build,podman,Automation,Build image,podman build -t myapp .,17631,,runtime/knowledge/source/linux_master_library_v1.pdf,LINUX COMMAND,duplicate_existing,canonical+command_index,podman build,,high
podman container,podman container,podman,Automation,Sekcja Komend,podman container,17636,,runtime/knowledge/source/linux_master_library_v1.pdf,RHCSA_Command_Library.pdf,duplicate_existing,canonical+command_index,podman container,weak_description,high
podman exec,podman exec,podman,Automation,Wykonuje w kontenerze,podman exec -it ctr_id bash,17641,,runtime/knowledge/source/linux_master_library_v1.pdf,LINUX COMMAND,duplicate_existing,canonical+command_index,podman exec,,high
podman exec -it,podman exec -it,podman,Automation,Sekcja Komend,podman exec -it,17646,,runtime/knowledge/source/linux_master_library_v1.pdf,RHCSA_Command_Library.pdf,duplicate_existing,canonical+command_index,podman exec -it,weak_description,high
podman generate,podman generate,podman,Automation,Generuje YAML/Kube,podman generate kube ctr_id,17651,,runtime/knowledge/source/linux_master_library_v1.pdf,LINUX COMMAND,duplicate_existing,canonical+command_index,podman generate,,high
podman generate systemd --new --name web >,podman generate systemd --new --name web >,podman,Automation,Podman — drop-in replacement dla Docker (bez daemona),podman generate systemd --new --name web >,17656,,runtime/knowledge/source/linux_master_library_v1.pdf,linux_engineering_book.pdf,candidate,,,,high
podman generate systemd --new --name web > ~/.config/systemd/user/web.service,podman generate systemd --new --name web > ~/.config/systemd/user/web.service,podman,Automation,13.2 Podman (rootless containers) 368,podman generate systemd --new --name web > ~/.config/systemd/user/web.service,17661,,runtime/knowledge/source/linux_master_library_v1.pdf,linux_engineering_book.md,candidate,,,,high
podman image history,podman image history,podman,Automation,Sekcja Komend,podman image history,17671,,runtime/knowledge/source/linux_master_library_v1.pdf,RHCSA_Command_Library.pdf,duplicate_existing,canonical+command_index,podman image history,weak_description,high
podman image inspect,podman image inspect,podman,Automation,Sekcja Komend,podman image inspect,17676,,runtime/knowledge/source/linux_master_library_v1.pdf,RHCSA_Command_Library.pdf,duplicate_existing,canonical+command_index,podman image inspect,weak_description,high
podman image prune,podman image prune,podman,Automation,Sekcja Komend,podman image prune,17681,,runtime/knowledge/source/linux_master_library_v1.pdf,RHCSA_Command_Library.pdf,duplicate_existing,canonical+command_index,podman image prune,weak_description,high
podman images,podman images,podman,Automation,Lista obrazów,podman images,17686,,runtime/knowledge/source/linux_master_library_v1.pdf,LINUX COMMAND | RHCSA_Command_Library.pdf,duplicate_existing,canonical+command_index,podman images,,high
podman images -a,podman images -a,podman,Automation,Sekcja Komend,podman images -a,17691,,runtime/knowledge/source/linux_master_library_v1.pdf,RHCSA_Command_Library.pdf,duplicate_existing,canonical+command_index,podman images -a,weak_description,high
podman info,podman info,podman,Automation,Sekcja Komend,podman info,17696,,runtime/knowledge/source/linux_master_library_v1.pdf,RHCSA_Command_Library.pdf,duplicate_existing,canonical+command_index,podman info,weak_description,high
podman inspect prod_web_app,podman inspect prod_web_app,podman,Automation,grep -i ipaddress,podman inspect prod_web_app,17701,,runtime/knowledge/source/linux_master_library_v1.pdf,encyklopedia_inzynierii_linux.html | encyklopedia_inzynierii_linux.pdf,candidate,,,,high
podman kill,podman kill,podman,Automation,Sekcja Komend 369,podman kill,17706,,runtime/knowledge/source/linux_master_library_v1.pdf,RHCSA_Command_Library.pdf,duplicate_existing,canonical+command_index,podman kill,,high
podman kill -s,podman kill -s,podman,Automation,Sekcja Komend,podman kill -s,17716,,runtime/knowledge/source/linux_master_library_v1.pdf,RHCSA_Command_Library.pdf,duplicate_existing,canonical+command_index,podman kill -s,weak_description,high
podman load -i,podman load -i,podman,Automation,Sekcja Komend,podman load -i,17721,,runtime/knowledge/source/linux_master_library_v1.pdf,RHCSA_Command_Library.pdf,duplicate_existing,canonical+command_index,podman load -i,weak_description,high
podman login,podman login,podman,Automation,Logowanie do registry,podman login registry.redhat.io,17726,,runtime/knowledge/source/linux_master_library_v1.pdf,LINUX COMMAND,duplicate_existing,canonical+command_index,podman login,,high
podman network,podman network,podman,Automation,Zarządzanie sieciami,podman network,17731,,runtime/knowledge/source/linux_master_library_v1.pdf,LINUX COMMAND,duplicate_existing,canonical+command_index,podman network,,high
podman play,podman play,podman,Automation,Uruchamia z YAML,podman play kube pod.yaml,17736,,runtime/knowledge/source/linux_master_library_v1.pdf,LINUX COMMAND,candidate,,,,high
podman pod,podman pod,podman,Automation,13.2 Podman (rootless containers),podman pod,17741,,runtime/knowledge/source/linux_master_library_v1.pdf,LINUX COMMAND | linux_engineering_book.md | linux_engineering_book.pdf,candidate,,,,high
podman ps,podman ps,podman,Automation,Lista kontenerów,podman ps -a | podman ps,17746,,runtime/knowledge/source/linux_master_library_v1.pdf,LINUX COMMAND | RHCSA_Command_Library.pdf,duplicate_existing,canonical+command_index,podman ps,,high
podman ps --all,podman ps --all,podman,Automation,OCI w trybie rootless lub rootful. * Przykład produkcyjny: # 370,podman ps --all,17752,,runtime/knowledge/source/linux_master_library_v1.pdf,encyklopedia_inzynierii_linux.html | encyklopedia_inzynierii_linux.pdf,candidate,,,,high
podman ps --format,podman ps --format,podman,Automation,Sekcja Komend,podman ps --format,17762,,runtime/knowledge/source/linux_master_library_v1.pdf,RHCSA_Command_Library.pdf,duplicate_existing,canonical+command_index,podman ps --format,weak_description,high
podman ps -a,podman ps -a,podman,Automation,Sekcja Komend,podman ps -a,17767,,runtime/knowledge/source/linux_master_library_v1.pdf,RHCSA_Command_Library.pdf,duplicate_existing,canonical+command_index,podman ps -a,weak_description,high
podman ps -q,podman ps -q,podman,Automation,Sekcja Komend,podman ps -q,17772,,runtime/knowledge/source/linux_master_library_v1.pdf,RHCSA_Command_Library.pdf,duplicate_existing,canonical+command_index,podman ps -q,weak_description,high
podman ps -qa,podman ps -qa,podman,Automation,Sekcja Komend,podman ps -qa,17777,,runtime/knowledge/source/linux_master_library_v1.pdf,RHCSA_Command_Library.pdf,duplicate_existing,canonical+command_index,podman ps -qa,weak_description,high
podman pull,podman pull,podman,Automation,Pobiera obraz,podman pull registry.redhat.io/rhel9 | podman pull,17782,,runtime/knowledge/source/linux_master_library_v1.pdf,LINUX COMMAND | RHCSA_Command_Library.pdf,duplicate_existing,canonical+command_index,podman pull,,high
podman pull registry,podman pull registry,podman,Automation,Sekcja Komend,podman pull registry,17788,,runtime/knowledge/source/linux_master_library_v1.pdf,RHCSA_Command_Library.pdf,duplicate_existing,canonical+command_index,podman pull registry,weak_description,high
podman push,podman push,podman,Automation,Sekcja Komend,podman push myimg registry.io/myimg | podman push,17793,,runtime/knowledge/source/linux_master_library_v1.pdf,LINUX COMMAND | RHCSA_Command_Library.pdf,duplicate_existing,canonical+command_index,podman push,weak_description,high
podman rm,podman rm,podman,Automation,Usuwa kontener 371,podman rm ctr_id,17799,,runtime/knowledge/source/linux_master_library_v1.pdf,LINUX COMMAND,candidate,,,,high
podman rm -a,podman rm -a,podman,Automation,Sekcja Komend,podman rm -a,17809,,runtime/knowledge/source/linux_master_library_v1.pdf,RHCSA_Command_Library.pdf,duplicate_existing,canonical+command_index,podman rm -a,weak_description,high
podman rm -f,podman rm -f,podman,Automation,Sekcja Komend,podman rm -f,17814,,runtime/knowledge/source/linux_master_library_v1.pdf,RHCSA_Command_Library.pdf,duplicate_existing,canonical+command_index,podman rm -f,weak_description,high
podman rm container,podman rm container,podman,Automation,Sekcja Komend,podman rm container,17819,,runtime/knowledge/source/linux_master_library_v1.pdf,RHCSA_Command_Library.pdf,duplicate_existing,canonical+command_index,podman rm container,weak_description,high
podman rmi,podman rmi,podman,Automation,Usuwa obraz,podman rmi img_id,17824,,runtime/knowledge/source/linux_master_library_v1.pdf,LINUX COMMAND,candidate,,,,high
podman rmi -a,podman rmi -a,podman,Automation,Sekcja Komend,podman rmi -a,17829,,runtime/knowledge/source/linux_master_library_v1.pdf,RHCSA_Command_Library.pdf,duplicate_existing,canonical+command_index,podman rmi -a,weak_description,high
podman rmi -f image,podman rmi -f image,podman,Automation,Sekcja Komend,podman rmi -f image,17834,,runtime/knowledge/source/linux_master_library_v1.pdf,RHCSA_Command_Library.pdf,duplicate_existing,canonical+command_index,podman rmi -f image,weak_description,high
podman rmi image,podman rmi image,podman,Automation,Sekcja Komend,podman rmi image,17839,,runtime/knowledge/source/linux_master_library_v1.pdf,RHCSA_Command_Library.pdf,duplicate_existing,canonical+command_index,podman rmi image,weak_description,high
podman run,podman run,podman,Automation,Sekcja Komend 372,podman run,17844,,runtime/knowledge/source/linux_master_library_v1.pdf,RHCSA_Command_Library.pdf,duplicate_existing,canonical+command_index,podman run,,high
podman run --cap-add,podman run --cap-add,podman,Automation,Sekcja Komend,podman run --cap-add,17854,,runtime/knowledge/source/linux_master_library_v1.pdf,RHCSA_Command_Library.pdf,duplicate_existing,canonical+command_index,podman run --cap-add,weak_description,high
podman run --cpus,podman run --cpus,podman,Automation,Sekcja Komend,podman run --cpus,17859,,runtime/knowledge/source/linux_master_library_v1.pdf,RHCSA_Command_Library.pdf,duplicate_existing,canonical+command_index,podman run --cpus,weak_description,high
podman run --memory,podman run --memory,podman,Automation,Sekcja Komend,podman run --memory,17864,,runtime/knowledge/source/linux_master_library_v1.pdf,RHCSA_Command_Library.pdf,duplicate_existing,canonical+command_index,podman run --memory,weak_description,high
podman run --name,podman run --name,podman,Automation,Sekcja Komend,podman run --name,17869,,runtime/knowledge/source/linux_master_library_v1.pdf,RHCSA_Command_Library.pdf,duplicate_existing,canonical+command_index,podman run --name,weak_description,high
podman run --network,podman run --network,podman,Automation,Sekcja Komend,podman run --network,17874,,runtime/knowledge/source/linux_master_library_v1.pdf,RHCSA_Command_Library.pdf,duplicate_existing,canonical+command_index,podman run --network,weak_description,high
podman run --privileged --net=host --pid=host -v /:/host ubuntu:latest chroot /host,podman run --privileged --net=host --pid=host -v /:/host ubuntu:latest chroot /host,podman,Automation,Uruchomienie kontenera z pełnymi uprawnieniami roota hosta i dostępem do surowego systemu plików,podman run --privileged --net=host --pid=host -v /:/host ubuntu:latest chroot /host,17879,,runtime/knowledge/source/linux_master_library_v1.pdf,encyklopedia_inzynierii_linux.html | encyklopedia_inzynierii_linux.pdf,candidate,,,,high
podman run --restart,podman run --restart,podman,Automation,Sekcja Komend,podman run --restart,17884,,runtime/knowledge/source/linux_master_library_v1.pdf,RHCSA_Command_Library.pdf,duplicate_existing,canonical+command_index,podman run --restart,weak_description,high
podman run --rm,podman run --rm,podman,Automation,Sekcja Komend 373,podman run --rm,17889,,runtime/knowledge/source/linux_master_library_v1.pdf,RHCSA_Command_Library.pdf,duplicate_existing,canonical+command_index,podman run --rm,,high
"podman run -d --name secure_sandbox --memory=""1g"" --memory-swap=""1g"" --cpus=""1.5"" --","podman run -d --name secure_sandbox --memory=""1g"" --memory-swap=""1g"" --cpus=""1.5"" --",podman,Automation,"Inicjalizacja kontenera z twardym limitem pamięci RAM, procesora oraz dedykowanym kontekstem","podman run -d --name secure_sandbox --memory=""1g"" --memory-swap=""1g"" --cpus=""1.5"" --",17899,,runtime/knowledge/source/linux_master_library_v1.pdf,encyklopedia_inzynierii_linux.pdf,candidate,,,,high
"podman run -d --name secure_sandbox --memory=""1g"" --memory-swap=""1g"" --cpus=""1.5"" --pids-limit=100","podman run -d --name secure_sandbox --memory=""1g"" --memory-swap=""1g"" --cpus=""1.5"" --pids-limit=100",podman,Automation,"--security-opt label=type:container_kvm_t docker.io/library/nginx:alpine Inicjalizacja kontenera z twardym limitem pamięci RAM, procesora oraz dedykowanym kontekstem zabezpieczeń","podman run -d --name secure_sandbox --memory=""1g"" --memory-swap=""1g"" --cpus=""1.5"" --pids-limit=100 --security",17904,,runtime/knowledge/source/linux_master_library_v1.pdf,encyklopedia_inzynierii_linux.html,candidate,,,,high
podman run -d --name web -p 8080:80 nginx,podman run -d --name web -p 8080:80 nginx,podman,Automation,Podman — drop-in replacement dla Docker (bez daemona),podman run -d --name web -p 8080:80 nginx,17910,,runtime/knowledge/source/linux_master_library_v1.pdf,linux_engineering_book.md | linux_engineering_book.pdf,candidate,,,,high
podman run -d --pod mypod nginx,podman run -d --pod mypod nginx,podman,Automation,13.2 Podman (rootless containers),podman run -d --pod mypod nginx,17915,,runtime/knowledge/source/linux_master_library_v1.pdf,linux_engineering_book.md | linux_engineering_book.pdf,candidate,,,,high
podman run -d --pod mypod redis,podman run -d --pod mypod redis,podman,Automation,13.2 Podman (rootless containers),podman run -d --pod mypod redis,17920,,runtime/knowledge/source/linux_master_library_v1.pdf,linux_engineering_book.md | linux_engineering_book.pdf,candidate,,,,high
podman run -d image,podman run -d image,podman,Automation,Sekcja Komend,podman run -d image,17925,,runtime/knowledge/source/linux_master_library_v1.pdf,RHCSA_Command_Library.pdf,duplicate_existing,canonical+command_index,podman run -d image,weak_description,high
podman run -e,podman run -e,podman,Automation,Sekcja Komend,podman run -e,17930,,runtime/knowledge/source/linux_master_library_v1.pdf,RHCSA_Command_Library.pdf,duplicate_existing,canonical+command_index,podman run -e,weak_description,high
podman run -it image,podman run -it image,podman,Automation,Sekcja Komend 374,podman run -it image,17935,,runtime/knowledge/source/linux_master_library_v1.pdf,RHCSA_Command_Library.pdf,duplicate_existing,canonical+command_index,podman run -it image,,high
podman run -p,podman run -p,podman,Automation,Sekcja Komend,podman run -p,17945,,runtime/knowledge/source/linux_master_library_v1.pdf,RHCSA_Command_Library.pdf,duplicate_existing,canonical+command_index,podman run -p,weak_description,high
podman run -u user,podman run -u user,podman,Automation,Sekcja Komend,podman run -u user,17950,,runtime/knowledge/source/linux_master_library_v1.pdf,RHCSA_Command_Library.pdf,duplicate_existing,canonical+command_index,podman run -u user,weak_description,high
podman run -v,podman run -v,podman,Automation,Sekcja Komend,podman run -v,17955,,runtime/knowledge/source/linux_master_library_v1.pdf,RHCSA_Command_Library.pdf,duplicate_existing,canonical+command_index,podman run -v,weak_description,high
podman run image,podman run image,podman,Automation,Sekcja Komend,podman run image,17960,,runtime/knowledge/source/linux_master_library_v1.pdf,RHCSA_Command_Library.pdf,duplicate_existing,canonical+command_index,podman run image,weak_description,high
podman save image -o,podman save image -o,podman,Automation,Sekcja Komend,podman save image -o,17965,,runtime/knowledge/source/linux_master_library_v1.pdf,RHCSA_Command_Library.pdf,duplicate_existing,canonical+command_index,podman save image -o,weak_description,high
podman search,podman search,podman,Automation,Sekcja Komend,podman search,17970,,runtime/knowledge/source/linux_master_library_v1.pdf,RHCSA_Command_Library.pdf,duplicate_existing,canonical+command_index,podman search,weak_description,high
podman search nginx,podman search nginx,podman,Automation,Sekcja Komend,podman search nginx,17975,,runtime/knowledge/source/linux_master_library_v1.pdf,RHCSA_Command_Library.pdf,duplicate_existing,canonical+command_index,podman search nginx,weak_description,high
podman tag src:tag,podman tag src:tag,podman,Automation,Sekcja Komend 375,podman tag src:tag,17980,,runtime/knowledge/source/linux_master_library_v1.pdf,RHCSA_Command_Library.pdf,duplicate_existing,canonical+command_index,podman tag src:tag,,high
podman volume,podman volume,podman,Automation,Zarządzanie wolumenami,podman volume,17990,,runtime/knowledge/source/linux_master_library_v1.pdf,LINUX COMMAND,duplicate_existing,canonical+command_index,podman volume,,high
puppet,puppet,puppet,Automation,Configuration management,puppet apply manifest.pp,17995,,runtime/knowledge/source/linux_master_library_v1.pdf,LINUX COMMAND,candidate,,,,high
salt,salt,salt,Automation,SaltStack,salt '*' state.apply,18000,,runtime/knowledge/source/linux_master_library_v1.pdf,LINUX COMMAND,candidate,,,,high
skopeo,skopeo,skopeo,Automation,Inspekcja obrazów zdalnych,skopeo inspect docker://registry.io/img,18005,,runtime/knowledge/source/linux_master_library_v1.pdf,LINUX COMMAND,candidate,,,,high
vagrant,vagrant,vagrant,Automation,VM management,vagrant up,18010,,runtime/knowledge/source/linux_master_library_v1.pdf,LINUX COMMAND,candidate,,,,high
chmod,chmod,chmod,RHCSA Exam Tasks,Zmienia uprawnienia,chmod 755 script.sh | chmod,18016,376,runtime/knowledge/source/linux_master_library_v1.pdf,LINUX COMMAND | RHCSA_Command_Library.pdf,duplicate_existing,canonical+command_index+candidate_internal,chmod,,high
chmod +t /tmp,chmod +t /tmp,chmod,RHCSA Exam Tasks,sticky bit. SAFE,chmod +t /tmp,18022,376,runtime/knowledge/source/linux_master_library_v1.pdf,komendy,duplicate_existing,candidate_internal,chmod +t /tmp,,high
chmod +t dir,chmod +t dir,chmod,RHCSA Exam Tasks,Sekcja Komend 376,chmod +t dir,18027,376,runtime/knowledge/source/linux_master_library_v1.pdf,RHCSA_Command_Library.pdf,duplicate_existing,canonical+command_index+candidate_internal,chmod +t dir,,high
chmod +t directory #,chmod +t directory #,chmod,RHCSA Exam Tasks,Uprawnienia plików,chmod +t directory #,18037,377,runtime/knowledge/source/linux_master_library_v1.pdf,linux_engineering_book.md | linux_engineering_book.pdf,duplicate_existing,candidate_internal,chmod +t directory #,,high
chmod +x,chmod +x,chmod,RHCSA Exam Tasks,Nadaje prawo wykonania,chmod +x script.sh,18042,377,runtime/knowledge/source/linux_master_library_v1.pdf,LINUX COMMAND,duplicate_existing,candidate_internal,chmod +x,,high
chmod +x script.sh,chmod +x script.sh,chmod,RHCSA Exam Tasks,Komentarz Komentarz w skrypcie function myfunc() { Definicja funkcji,chmod +x script.sh,18047,377,runtime/knowledge/source/linux_master_library_v1.pdf,RHCSA_Command_Library.pdf,duplicate_existing,canonical+command_index+candidate_internal,chmod +x script.sh,,high
chmod -R,chmod -R,chmod,RHCSA Exam Tasks,Rekurencyjnie,chmod -R 755 /var/www | chmod -R,18052,377,runtime/knowledge/source/linux_master_library_v1.pdf,LINUX COMMAND | komendy,duplicate_existing,candidate_internal,chmod -R,,high
chmod -R 750 directory # rekursywnie,chmod -R 750 directory # rekursywnie,chmod,RHCSA Exam Tasks,Uprawnienia plików,chmod -R 750 directory # rekursywnie,18058,377,runtime/knowledge/source/linux_master_library_v1.pdf,linux_engineering_book.md | linux_engineering_book.pdf,duplicate_existing,candidate_internal,chmod -R 750 directory # rekursywnie,,high
chmod -R 755 dir/,chmod -R 755 dir/,chmod,RHCSA Exam Tasks,Sekcja Komend,chmod -R 755 dir/,18063,377,runtime/knowledge/source/linux_master_library_v1.pdf,RHCSA_Command_Library.pdf,duplicate_existing,canonical+command_index+candidate_internal,chmod -R 755 dir/,weak_description,high
chmod 1755 dir,chmod 1755 dir,chmod,RHCSA Exam Tasks,Sekcja Komend,chmod 1755 dir,18068,377,runtime/knowledge/source/linux_master_library_v1.pdf,RHCSA_Command_Library.pdf,duplicate_existing,canonical+command_index+candidate_internal,chmod 1755 dir,weak_description,high
chmod 2755 dir,chmod 2755 dir,chmod,RHCSA Exam Tasks,Sekcja Komend 377,chmod 2755 dir,18073,377,runtime/knowledge/source/linux_master_library_v1.pdf,RHCSA_Command_Library.pdf,duplicate_existing,canonical+command_index+candidate_internal,chmod 2755 dir,,high
chmod 4755 file,chmod 4755 file,chmod,RHCSA Exam Tasks,Sekcja Komend,chmod 4755 file,18083,378,runtime/knowledge/source/linux_master_library_v1.pdf,RHCSA_Command_Library.pdf,duplicate_existing,canonical+command_index+candidate_internal,chmod 4755 file,weak_description,high
chmod 600 /swapfile,chmod 600 /swapfile,chmod,RHCSA Exam Tasks,Tworzenie swap,chmod 600 /swapfile,18088,378,runtime/knowledge/source/linux_master_library_v1.pdf,linux_engineering_book.md | linux_engineering_book.pdf,duplicate_existing,candidate_internal,chmod 600 /swapfile,,high
chmod 600 file,chmod 600 file,chmod,RHCSA Exam Tasks,Sekcja Komend,chmod 600 file,18093,378,runtime/knowledge/source/linux_master_library_v1.pdf,RHCSA_Command_Library.pdf,duplicate_existing,canonical+command_index+candidate_internal,chmod 600 file,weak_description,high
chmod 644 file,chmod 644 file,chmod,RHCSA Exam Tasks,Sekcja Komend,chmod 644 file,18098,378,runtime/knowledge/source/linux_master_library_v1.pdf,RHCSA_Command_Library.pdf,duplicate_existing,canonical+command_index+candidate_internal,chmod 644 file,weak_description,high
chmod 700 /home/*,chmod 700 /home/*,chmod,RHCSA Exam Tasks,enforce private home dirs. CAUTION,chmod 700 /home/*,18103,378,runtime/knowledge/source/linux_master_library_v1.pdf,komendy,duplicate_existing,candidate_internal,chmod 700 /home/*,,high
chmod 750 dir,chmod 750 dir,chmod,RHCSA Exam Tasks,rwxr-x—. CAUTION,chmod 750 dir,18108,378,runtime/knowledge/source/linux_master_library_v1.pdf,komendy,duplicate_existing,candidate_internal,chmod 750 dir,,high
chmod 755 file,chmod 755 file,chmod,RHCSA Exam Tasks,Sekcja Komend,chmod 755 file,18113,378,runtime/knowledge/source/linux_master_library_v1.pdf,RHCSA_Command_Library.pdf,duplicate_existing,canonical+command_index+candidate_internal,chmod 755 file,weak_description,high
chmod 755 file # rwxr-xr-x,chmod 755 file # rwxr-xr-x,chmod,RHCSA Exam Tasks,Uprawnienia plików 378,chmod 755 file # rwxr-xr-x,18118,378,runtime/knowledge/source/linux_master_library_v1.pdf,linux_engineering_book.md | linux_engineering_book.pdf,duplicate_existing,candidate_internal,chmod 755 file # rwxr-xr-x,,high
chmod,chmod,chmod,RHCSA Exam Tasks,anywhere in production.,chmod 777,18128,379,runtime/knowledge/source/linux_master_library_v1.pdf,komendy,duplicate_existing,canonical+command_index+candidate_internal,chmod,,high
chmod 777 /etc,chmod 777 /etc,chmod,RHCSA Exam Tasks,or .,chmod 777 /etc,18133,379,runtime/knowledge/source/linux_master_library_v1.pdf,komendy,duplicate_existing,candidate_internal,chmod 777 /etc,,high
chmod 777 /etc or chown -R user:user /.',chmod 777 /etc or chown -R user:user /.',chmod,RHCSA Exam Tasks,Dangerous Mistakes,chmod 777 /etc` or `chown -R user:user /`.,18138,379,runtime/knowledge/source/linux_master_library_v1.pdf,komendy,duplicate_existing,candidate_internal,chmod 777 /etc or chown -R user:user /.',weak_description,high
chmod 777 file,chmod 777 file,chmod,RHCSA Exam Tasks,Sekcja Komend,chmod 777 file,18143,379,runtime/knowledge/source/linux_master_library_v1.pdf,RHCSA_Command_Library.pdf,duplicate_existing,canonical+command_index+candidate_internal,chmod 777 file,weak_description,high
chmod a+r file,chmod a+r file,chmod,RHCSA Exam Tasks,Sekcja Komend,chmod a+r file,18148,379,runtime/knowledge/source/linux_master_library_v1.pdf,RHCSA_Command_Library.pdf,duplicate_existing,canonical+command_index+candidate_internal,chmod a+r file,weak_description,high
chmod g+s,chmod g+s,chmod,RHCSA Exam Tasks,Setgid bit,chmod g+s /shared,18153,379,runtime/knowledge/source/linux_master_library_v1.pdf,LINUX COMMAND,duplicate_existing,candidate_internal,chmod g+s,,high
chmod g+s /shared,chmod g+s /shared,chmod,RHCSA Exam Tasks,setgid on directory. CAUTION,chmod g+s /shared,18158,379,runtime/knowledge/source/linux_master_library_v1.pdf,komendy,duplicate_existing,candidate_internal,chmod g+s /shared,,high
chmod g+s dir,chmod g+s dir,chmod,RHCSA Exam Tasks,Sekcja Komend 379,chmod g+s dir,18163,379,runtime/knowledge/source/linux_master_library_v1.pdf,RHCSA_Command_Library.pdf,duplicate_existing,canonical+command_index+candidate_internal,chmod g+s dir,,high
chmod g+s directory #,chmod g+s directory #,chmod,RHCSA Exam Tasks,Uprawnienia plików,chmod g+s directory #,18173,380,runtime/knowledge/source/linux_master_library_v1.pdf,linux_engineering_book.md | linux_engineering_book.pdf,duplicate_existing,candidate_internal,chmod g+s directory #,,high
chmod g-w,chmod g-w,chmod,RHCSA Exam Tasks,Odbiera write dla grupy,chmod g-w file.txt,18178,380,runtime/knowledge/source/linux_master_library_v1.pdf,LINUX COMMAND,duplicate_existing,candidate_internal,chmod g-w,,high
chmod g-w file,chmod g-w file,chmod,RHCSA Exam Tasks,Sekcja Komend,chmod g-w file,18183,380,runtime/knowledge/source/linux_master_library_v1.pdf,RHCSA_Command_Library.pdf,duplicate_existing,canonical+command_index+candidate_internal,chmod g-w file,weak_description,high
chmod g-w file # usuń write dla grupy,chmod g-w file # usuń write dla grupy,chmod,RHCSA Exam Tasks,Uprawnienia plików,chmod g-w file # usuń write dla grupy,18188,380,runtime/knowledge/source/linux_master_library_v1.pdf,linux_engineering_book.md | linux_engineering_book.pdf,duplicate_existing,candidate_internal,chmod g-w file # usuń write dla grupy,,high
chmod o+t,chmod o+t,chmod,RHCSA Exam Tasks,Sticky bit,chmod o+t /tmp,18193,380,runtime/knowledge/source/linux_master_library_v1.pdf,LINUX COMMAND,duplicate_existing,candidate_internal,chmod o+t,,high
chmod o-r file,chmod o-r file,chmod,RHCSA Exam Tasks,Sekcja Komend,chmod o-r file,18198,380,runtime/knowledge/source/linux_master_library_v1.pdf,RHCSA_Command_Library.pdf,duplicate_existing,canonical+command_index+candidate_internal,chmod o-r file,weak_description,high
chmod o= file # usuń wszystko dla others,chmod o= file # usuń wszystko dla others,chmod,RHCSA Exam Tasks,Uprawnienia plików,chmod o= file # usuń wszystko dla others,18203,380,runtime/knowledge/source/linux_master_library_v1.pdf,linux_engineering_book.md | linux_engineering_book.pdf,duplicate_existing,candidate_internal,chmod o= file # usuń wszystko dla others,,high
chmod o=r,chmod o=r,chmod,RHCSA Exam Tasks,Ustawia read dla innych 380,chmod o=r file.txt,18208,380,runtime/knowledge/source/linux_master_library_v1.pdf,LINUX COMMAND,duplicate_existing,candidate_internal,chmod o=r,,high
chmod u+s,chmod u+s,chmod,RHCSA Exam Tasks,Setuid bit,chmod u+s /usr/bin/passwd,18218,381,runtime/knowledge/source/linux_master_library_v1.pdf,LINUX COMMAND,duplicate_existing,candidate_internal,chmod u+s,,high
chmod u+s /bin/ping,chmod u+s /bin/ping,chmod,RHCSA Exam Tasks,setuid. DANGEROUS,chmod u+s /bin/ping,18223,381,runtime/knowledge/source/linux_master_library_v1.pdf,komendy,duplicate_existing,candidate_internal,chmod u+s /bin/ping,,high
chmod u+s file,chmod u+s file,chmod,RHCSA Exam Tasks,Kopiuj ACL midzy katalogami,chmod u+s file,18228,381,runtime/knowledge/source/linux_master_library_v1.pdf,RHCSA_Command_Library.pdf,duplicate_existing,canonical+command_index+candidate_internal,chmod u+s file,,high
chmod u+s file #,chmod u+s file #,chmod,RHCSA Exam Tasks,Uprawnienia plików,chmod u+s file #,18233,381,runtime/knowledge/source/linux_master_library_v1.pdf,linux_engineering_book.md | linux_engineering_book.pdf,duplicate_existing,candidate_internal,chmod u+s file #,,high
chmod u+x,chmod u+x,chmod,RHCSA Exam Tasks,Dodaje execute dla właściciela,chmod u+x script.sh,18238,381,runtime/knowledge/source/linux_master_library_v1.pdf,LINUX COMMAND,duplicate_existing,candidate_internal,chmod u+x,,high
chmod u+x file,chmod u+x file,chmod,RHCSA Exam Tasks,add owner execute. SAFE,chmod u+x file,18243,381,runtime/knowledge/source/linux_master_library_v1.pdf,RHCSA_Command_Library.pdf | komendy,duplicate_existing,canonical+command_index+candidate_internal,chmod u+x file,,high
chmod u+x file # dodaj execute dla właściciela,chmod u+x file # dodaj execute dla właściciela,chmod,RHCSA Exam Tasks,Uprawnienia plików,chmod u+x file # dodaj execute dla właściciela,18248,381,runtime/knowledge/source/linux_master_library_v1.pdf,linux_engineering_book.md | linux_engineering_book.pdf,duplicate_existing,candidate_internal,chmod u+x file # dodaj execute dla właściciela,,high
"chmod u=rwx,g=rx,o=r","chmod u=rwx,g=rx,o=r",chmod,RHCSA Exam Tasks,Sekcja Komend 381,"chmod u=rwx,g=rx,o=r",18253,381,runtime/knowledge/source/linux_master_library_v1.pdf,RHCSA_Command_Library.pdf,duplicate_existing,canonical+command_index+candidate_internal,"chmod u=rwx,g=rx,o=r",,high
chown,chown,chown,RHCSA Exam Tasks,Zmienia właściciela,chown john file.txt,18263,382,runtime/knowledge/source/linux_master_library_v1.pdf,LINUX COMMAND,duplicate_existing,canonical+command_index+candidate_internal,chown,,high
chown -R,chown -R,chown,RHCSA Exam Tasks,Rekurencyjnie,chown -R apache:apache /var/www,18268,382,runtime/knowledge/source/linux_master_library_v1.pdf,LINUX COMMAND,duplicate_existing,candidate_internal,chown -R,,high
chown -R user:group,chown -R user:group,chown,RHCSA Exam Tasks,Sekcja Komend,chown -R user:group,18273,382,runtime/knowledge/source/linux_master_library_v1.pdf,RHCSA_Command_Library.pdf,duplicate_existing,canonical+command_index+candidate_internal,chown -R user:group,weak_description,high
chown -R user:user /,chown -R user:user /,chown,RHCSA Exam Tasks,or .,chown -R user:user /,18278,382,runtime/knowledge/source/linux_master_library_v1.pdf,komendy,duplicate_existing,candidate_internal,chown -R user:user /,,high
chown :group file,chown :group file,chown,RHCSA Exam Tasks,Sekcja Komend,chown :group file,18283,382,runtime/knowledge/source/linux_master_library_v1.pdf,RHCSA_Command_Library.pdf,duplicate_existing,canonical+command_index+candidate_internal,chown :group file,weak_description,high
chown user file,chown user file,chown,RHCSA Exam Tasks,Sekcja Komend,chown user file,18288,382,runtime/knowledge/source/linux_master_library_v1.pdf,RHCSA_Command_Library.pdf,duplicate_existing,canonical+command_index+candidate_internal,chown user file,weak_description,high
chown user:group,chown user:group,chown,RHCSA Exam Tasks,Właściciel i grupa,chown john:developers file.txt | chown user:group,18293,382,runtime/knowledge/source/linux_master_library_v1.pdf,LINUX COMMAND | RHCSA_Command_Library.pdf,duplicate_existing,canonical+command_index+candidate_internal,chown user:group,,high
chown user:group file,chown user:group file,chown,RHCSA Exam Tasks,change owner and group. CAUTION 382,chown user:group file,18299,382,runtime/knowledge/source/linux_master_library_v1.pdf,komendy,duplicate_existing,candidate_internal,chown user:group file,,high
crontab -e,crontab -e,crontab,RHCSA Exam Tasks,edit user crontab. CAUTION,crontab -e,18309,383,runtime/knowledge/source/linux_master_library_v1.pdf,LINUX COMMAND | RHCSA_Command_Library.pdf | komendy,duplicate_existing,candidate_internal,crontab -e,,high
crontab -e # edytuj,crontab -e # edytuj,crontab,RHCSA Exam Tasks,11.2 Cron i Harmonogramowanie,crontab -e # edytuj,18314,383,runtime/knowledge/source/linux_master_library_v1.pdf,linux_engineering_book.md | linux_engineering_book.pdf,duplicate_existing,candidate_internal,crontab -e # edytuj,,high
crontab -e -u user,crontab -e -u user,crontab,RHCSA Exam Tasks,Sekcja Komend,crontab -e -u user,18319,383,runtime/knowledge/source/linux_master_library_v1.pdf,RHCSA_Command_Library.pdf,duplicate_existing,candidate_internal,crontab -e -u user,weak_description,high
crontab -l,crontab -l,crontab,RHCSA Exam Tasks,list user crontab. SAFE,crontab -l,18324,383,runtime/knowledge/source/linux_master_library_v1.pdf,LINUX COMMAND | RHCSA_Command_Library.pdf | komendy,duplicate_existing,candidate_internal,crontab -l,,high
crontab -l # wyświetl,crontab -l # wyświetl,crontab,RHCSA Exam Tasks,11.2 Cron i Harmonogramowanie,crontab -l # wyświetl,18329,383,runtime/knowledge/source/linux_master_library_v1.pdf,linux_engineering_book.md | linux_engineering_book.pdf,duplicate_existing,candidate_internal,crontab -l # wyświetl,,high
crontab -l -u user,crontab -l -u user,crontab,RHCSA Exam Tasks,Sekcja Komend,crontab -l -u user,18334,383,runtime/knowledge/source/linux_master_library_v1.pdf,RHCSA_Command_Library.pdf,duplicate_existing,candidate_internal,crontab -l -u user,weak_description,high
crontab -r,crontab -r,crontab,RHCSA Exam Tasks,remove user crontab. DANGEROUS,crontab -r,18339,383,runtime/knowledge/source/linux_master_library_v1.pdf,LINUX COMMAND | RHCSA_Command_Library.pdf | komendy,duplicate_existing,candidate_internal,crontab -r,,high
crontab -r # usuń,crontab -r # usuń,crontab,RHCSA Exam Tasks,11.2 Cron i Harmonogramowanie 383,crontab -r # usuń,18344,383,runtime/knowledge/source/linux_master_library_v1.pdf,linux_engineering_book.md | linux_engineering_book.pdf,duplicate_existing,candidate_internal,crontab -r # usuń,,high
crontab -r -u user,crontab -r -u user,crontab,RHCSA Exam Tasks,Sekcja Komend,crontab -r -u user,18354,384,runtime/knowledge/source/linux_master_library_v1.pdf,RHCSA_Command_Library.pdf,duplicate_existing,candidate_internal,crontab -r -u user,weak_description,high
crontab -r instead of crontab -e.',crontab -r instead of crontab -e.',crontab,RHCSA Exam Tasks,Dangerous Mistakes,crontab -r` instead of `crontab -e`.,18359,384,runtime/knowledge/source/linux_master_library_v1.pdf,komendy,duplicate_existing,candidate_internal,crontab -r instead of crontab -e.',weak_description,high
dnf,dnf,dnf,RHCSA Exam Tasks,remove. CAUTION,dnf,18364,384,runtime/knowledge/source/linux_master_library_v1.pdf,LINUX COMMAND | RHCSA_Command_Library.pdf | komendy | linux_engineering_book.md | linux_engineering_book.pdf,duplicate_existing,command_index+candidate_internal,dnf,,high
dnf autoremove,dnf autoremove,dnf,RHCSA Exam Tasks,Sekcja Komend,dnf autoremove,18369,384,runtime/knowledge/source/linux_master_library_v1.pdf,RHCSA_Command_Library.pdf,duplicate_existing,canonical+command_index+candidate_internal,dnf autoremove,weak_description,high
dnf check-update # sprawdź aktualizacje,dnf check-update # sprawdź aktualizacje,dnf,RHCSA Exam Tasks,12.2 DNF/YUM (RHEL/Fedora),dnf check-update # sprawdź aktualizacje,18374,384,runtime/knowledge/source/linux_master_library_v1.pdf,linux_engineering_book.md | linux_engineering_book.pdf,duplicate_existing,candidate_internal,dnf check-update # sprawdź aktualizacje,,high
dnf clean all,dnf clean all,dnf,RHCSA Exam Tasks,Sekcja Komend,dnf clean all,18379,384,runtime/knowledge/source/linux_master_library_v1.pdf,RHCSA_Command_Library.pdf,duplicate_existing,canonical+command_index+candidate_internal,dnf clean all,weak_description,high
dnf clean metadata,dnf clean metadata,dnf,RHCSA Exam Tasks,Sekcja Komend,dnf clean metadata,18384,384,runtime/knowledge/source/linux_master_library_v1.pdf,RHCSA_Command_Library.pdf,duplicate_existing,canonical+command_index+candidate_internal,dnf clean metadata,weak_description,high
dnf clean packages,dnf clean packages,dnf,RHCSA Exam Tasks,Sekcja Komend 384,dnf clean packages,18389,384,runtime/knowledge/source/linux_master_library_v1.pdf,RHCSA_Command_Library.pdf,duplicate_existing,canonical+command_index+candidate_internal,dnf clean packages,,high
dnf config-manager,dnf config-manager,dnf,RHCSA Exam Tasks,Zarządzanie repo,dnf config-manager --add-repo url | dnf config-manager,18399,385,runtime/knowledge/source/linux_master_library_v1.pdf,LINUX COMMAND | RHCSA_Command_Library.pdf,duplicate_existing,canonical+command_index+candidate_internal,dnf config-manager,,high
dnf downgrade,dnf downgrade,dnf,RHCSA Exam Tasks,Sekcja Komend,dnf downgrade,18405,385,runtime/knowledge/source/linux_master_library_v1.pdf,RHCSA_Command_Library.pdf,duplicate_existing,canonical+command_index+candidate_internal,dnf downgrade,weak_description,high
dnf erase package,dnf erase package,dnf,RHCSA Exam Tasks,Sekcja Komend,dnf erase package,18410,385,runtime/knowledge/source/linux_master_library_v1.pdf,RHCSA_Command_Library.pdf,duplicate_existing,canonical+command_index+candidate_internal,dnf erase package,weak_description,high
dnf groupinfo 'Group,dnf groupinfo 'Group,dnf,RHCSA Exam Tasks,Sekcja Komend,dnf groupinfo 'Group,18415,385,runtime/knowledge/source/linux_master_library_v1.pdf,RHCSA_Command_Library.pdf,duplicate_existing,canonical+command_index+candidate_internal,dnf groupinfo 'Group,weak_description,high
dnf groupinstall,dnf groupinstall,dnf,RHCSA Exam Tasks,Instalacja grupy pakietów,"dnf groupinstall ""Development | dnf groupinstall",18420,385,runtime/knowledge/source/linux_master_library_v1.pdf,LINUX COMMAND | RHCSA_Command_Library.pdf,duplicate_existing,canonical+command_index+candidate_internal,dnf groupinstall,,high
dnf grouplist,dnf grouplist,dnf,RHCSA Exam Tasks,Sekcja Komend,dnf grouplist,18426,385,runtime/knowledge/source/linux_master_library_v1.pdf,RHCSA_Command_Library.pdf,duplicate_existing,canonical+command_index+candidate_internal,dnf grouplist,weak_description,high
dnf groupremove,dnf groupremove,dnf,RHCSA Exam Tasks,Sekcja Komend,dnf groupremove,18431,385,runtime/knowledge/source/linux_master_library_v1.pdf,RHCSA_Command_Library.pdf,duplicate_existing,canonical+command_index+candidate_internal,dnf groupremove,weak_description,high
dnf history,dnf history,dnf,RHCSA Exam Tasks,Historia transakcji 385,dnf history,18436,385,runtime/knowledge/source/linux_master_library_v1.pdf,LINUX COMMAND | RHCSA_Command_Library.pdf,duplicate_existing,canonical+command_index+candidate_internal,dnf history,,high
dnf history # historia transakcji,dnf history # historia transakcji,dnf,RHCSA Exam Tasks,12.2 DNF/YUM (RHEL/Fedora),dnf history # historia transakcji,18446,386,runtime/knowledge/source/linux_master_library_v1.pdf,linux_engineering_book.md | linux_engineering_book.pdf,duplicate_existing,candidate_internal,dnf history # historia transakcji,,high
dnf history info,dnf history info,dnf,RHCSA Exam Tasks,Sekcja Komend,dnf history info 5,18451,386,runtime/knowledge/source/linux_master_library_v1.pdf,RHCSA_Command_Library.pdf,duplicate_existing,canonical+command_index+candidate_internal,dnf history info,weak_description,high
dnf history redo,dnf history redo,dnf,RHCSA Exam Tasks,Sekcja Komend,dnf history redo 5,18456,386,runtime/knowledge/source/linux_master_library_v1.pdf,RHCSA_Command_Library.pdf,duplicate_existing,canonical+command_index+candidate_internal,dnf history redo,weak_description,high
dnf history rollback,dnf history rollback,dnf,RHCSA Exam Tasks,Sekcja Komend,dnf history rollback,18461,386,runtime/knowledge/source/linux_master_library_v1.pdf,RHCSA_Command_Library.pdf,duplicate_existing,canonical+command_index+candidate_internal,dnf history rollback,weak_description,high
dnf history undo,dnf history undo,dnf,RHCSA Exam Tasks,Cofa transakcję,dnf history undo 5,18466,386,runtime/knowledge/source/linux_master_library_v1.pdf,LINUX COMMAND,duplicate_existing,canonical+command_index+candidate_internal,dnf history undo,,high
dnf history undo,dnf history undo,dnf,RHCSA Exam Tasks,Sekcja Komend,dnf history undo 5,18471,386,runtime/knowledge/source/linux_master_library_v1.pdf,RHCSA_Command_Library.pdf,duplicate_existing,canonical+command_index+candidate_internal,dnf history undo,weak_description,high
dnf history undo 5 # cofnij transakcję,dnf history undo 5 # cofnij transakcję,dnf,RHCSA Exam Tasks,12.2 DNF/YUM (RHEL/Fedora),dnf history undo 5 # cofnij transakcję,18476,386,runtime/knowledge/source/linux_master_library_v1.pdf,linux_engineering_book.md | linux_engineering_book.pdf,duplicate_existing,candidate_internal,dnf history undo 5 # cofnij transakcję,,high
dnf info,dnf info,dnf,RHCSA Exam Tasks,Informacje o pakiecie 386,dnf info httpd,18481,386,runtime/knowledge/source/linux_master_library_v1.pdf,LINUX COMMAND,duplicate_existing,candidate_internal,dnf info,,high
dnf info package,dnf info package,dnf,RHCSA Exam Tasks,Sekcja Komend,dnf info package,18491,387,runtime/knowledge/source/linux_master_library_v1.pdf,RHCSA_Command_Library.pdf,duplicate_existing,canonical+command_index+candidate_internal,dnf info package,weak_description,high
dnf info package # informacje,dnf info package # informacje,dnf,RHCSA Exam Tasks,12.2 DNF/YUM (RHEL/Fedora),dnf info package # informacje,18496,387,runtime/knowledge/source/linux_master_library_v1.pdf,linux_engineering_book.md | linux_engineering_book.pdf,duplicate_existing,candidate_internal,dnf info package # informacje,,high
dnf info pkg,dnf info pkg,dnf,RHCSA Exam Tasks,details. SAFE,dnf info pkg,18501,387,runtime/knowledge/source/linux_master_library_v1.pdf,komendy,duplicate_existing,candidate_internal,dnf info pkg,,high
dnf install,dnf install,dnf,RHCSA Exam Tasks,Instaluje pakiet,dnf install httpd,18506,387,runtime/knowledge/source/linux_master_library_v1.pdf,LINUX COMMAND,duplicate_existing,candidate_internal,dnf install,,high
dnf install -y,dnf install -y,dnf,RHCSA Exam Tasks,Sekcja Komend,dnf install -y,18511,387,runtime/knowledge/source/linux_master_library_v1.pdf,RHCSA_Command_Library.pdf,duplicate_existing,canonical+command_index+candidate_internal,dnf install -y,weak_description,high
dnf install kernel,dnf install kernel,dnf,RHCSA Exam Tasks,Sekcja Komend,dnf install kernel,18516,387,runtime/knowledge/source/linux_master_library_v1.pdf,RHCSA_Command_Library.pdf,duplicate_existing,canonical+command_index+candidate_internal,dnf install kernel,weak_description,high
dnf install package,dnf install package,dnf,RHCSA Exam Tasks,Sekcja Komend,dnf install package,18521,387,runtime/knowledge/source/linux_master_library_v1.pdf,RHCSA_Command_Library.pdf,duplicate_existing,canonical+command_index+candidate_internal,dnf install package,weak_description,high
dnf install package # instaluj,dnf install package # instaluj,dnf,RHCSA Exam Tasks,12.2 DNF/YUM (RHEL/Fedora) 387,dnf install package # instaluj,18526,387,runtime/knowledge/source/linux_master_library_v1.pdf,linux_engineering_book.md | linux_engineering_book.pdf,duplicate_existing,candidate_internal,dnf install package # instaluj,,high
dnf install pkg,dnf install pkg,dnf,RHCSA Exam Tasks,install. CAUTION,dnf install pkg,18536,388,runtime/knowledge/source/linux_master_library_v1.pdf,komendy,duplicate_existing,candidate_internal,dnf install pkg,,high
dnf makecache,dnf makecache,dnf,RHCSA Exam Tasks,Sekcja Komend,dnf makecache,18541,388,runtime/knowledge/source/linux_master_library_v1.pdf,RHCSA_Command_Library.pdf,duplicate_existing,canonical+command_index+candidate_internal,dnf makecache,weak_description,high
dnf module,dnf module,dnf,RHCSA Exam Tasks,Moduły aplikacji (RHEL 8+),dnf module,18546,388,runtime/knowledge/source/linux_master_library_v1.pdf,LINUX COMMAND,duplicate_existing,candidate_internal,dnf module,,high
dnf provides,dnf provides,dnf,RHCSA Exam Tasks,Sekcja Komend,dnf provides,18551,388,runtime/knowledge/source/linux_master_library_v1.pdf,RHCSA_Command_Library.pdf,duplicate_existing,canonical+command_index+candidate_internal,dnf provides,weak_description,high
dnf provides /path/file,dnf provides /path/file,dnf,RHCSA Exam Tasks,owning package. SAFE,dnf provides /path/file,18556,388,runtime/knowledge/source/linux_master_library_v1.pdf,komendy,duplicate_existing,candidate_internal,dnf provides /path/file,,high
dnf provides /path/to/file # który pakiet zawiera plik,dnf provides /path/to/file # który pakiet zawiera plik,dnf,RHCSA Exam Tasks,12.2 DNF/YUM (RHEL/Fedora),dnf provides /path/to/file # który pakiet zawiera plik,18561,388,runtime/knowledge/source/linux_master_library_v1.pdf,linux_engineering_book.md | linux_engineering_book.pdf,duplicate_existing,candidate_internal,dnf provides /path/to/file # który pakiet zawiera plik,,high
dnf reinstall,dnf reinstall,dnf,RHCSA Exam Tasks,Sekcja Komend,dnf reinstall,18566,388,runtime/knowledge/source/linux_master_library_v1.pdf,RHCSA_Command_Library.pdf,duplicate_existing,canonical+command_index+candidate_internal,dnf reinstall,weak_description,high
dnf repoinfo repo-id,dnf repoinfo repo-id,dnf,RHCSA Exam Tasks,Wyodrbnij zawarto pakietu RPM 388,dnf repoinfo repo-id,18571,388,runtime/knowledge/source/linux_master_library_v1.pdf,RHCSA_Command_Library.pdf,duplicate_existing,canonical+command_index+candidate_internal,dnf repoinfo repo-id,,high
dnf repolist,dnf repolist,dnf,RHCSA Exam Tasks,Lista repozytoriów,dnf repolist all | dnf repolist,18581,,runtime/knowledge/source/linux_master_library_v1.pdf,LINUX COMMAND | RHCSA_Command_Library.pdf,duplicate_existing,canonical+command_index+candidate_internal,dnf repolist,,high
dnf repolist all,dnf repolist all,dnf,RHCSA Exam Tasks,Sekcja Komend,dnf repolist all,18587,,runtime/knowledge/source/linux_master_library_v1.pdf,RHCSA_Command_Library.pdf,duplicate_existing,canonical+command_index+candidate_internal,dnf repolist all,weak_description,high
dnf repoquery -l pkg,dnf repoquery -l pkg,dnf,RHCSA Exam Tasks,files in package. SAFE,dnf repoquery -l pkg,18592,,runtime/knowledge/source/linux_master_library_v1.pdf,komendy,duplicate_existing,candidate_internal,dnf repoquery -l pkg,,high
dnf search,dnf search,dnf,RHCSA Exam Tasks,Wyszukuje pakiet,dnf search web server,18597,,runtime/knowledge/source/linux_master_library_v1.pdf,LINUX COMMAND,duplicate_existing,candidate_internal,dnf search,,high
dnf search keyword,dnf search keyword,dnf,RHCSA Exam Tasks,Sekcja Komend,dnf search keyword,18602,,runtime/knowledge/source/linux_master_library_v1.pdf,RHCSA_Command_Library.pdf,duplicate_existing,canonical+command_index+candidate_internal,dnf search keyword,weak_description,high
dnf search keyword # szukaj,dnf search keyword # szukaj,dnf,RHCSA Exam Tasks,12.2 DNF/YUM (RHEL/Fedora),dnf search keyword # szukaj,18607,,runtime/knowledge/source/linux_master_library_v1.pdf,linux_engineering_book.md | linux_engineering_book.pdf,duplicate_existing,candidate_internal,dnf search keyword # szukaj,,high
dnf search term,dnf search term,dnf,RHCSA Exam Tasks,search. SAFE,dnf search term,18612,,runtime/knowledge/source/linux_master_library_v1.pdf,komendy,duplicate_existing,candidate_internal,dnf search term,,high
dnf update,dnf update,dnf,RHCSA Exam Tasks,refresh and upgrade. CAUTION 389,dnf update,18617,,runtime/knowledge/source/linux_master_library_v1.pdf,LINUX COMMAND | RHCSA_Command_Library.pdf | komendy,duplicate_existing,canonical+command_index+candidate_internal,dnf update,,high
dnf update package,dnf update package,dnf,RHCSA Exam Tasks,Sekcja Komend,dnf update package,18627,,runtime/knowledge/source/linux_master_library_v1.pdf,RHCSA_Command_Library.pdf,duplicate_existing,canonical+command_index+candidate_internal,dnf update package,weak_description,high
dnf upgrade,dnf upgrade,dnf,RHCSA Exam Tasks,Ulepsza system,dnf upgrade,18632,,runtime/knowledge/source/linux_master_library_v1.pdf,LINUX COMMAND | RHCSA_Command_Library.pdf,duplicate_existing,canonical+command_index+candidate_internal,dnf upgrade,,high
dnf upgrade # aktualizuj,dnf upgrade # aktualizuj,dnf,RHCSA Exam Tasks,12.2 DNF/YUM (RHEL/Fedora),dnf upgrade # aktualizuj,18637,,runtime/knowledge/source/linux_master_library_v1.pdf,linux_engineering_book.md | linux_engineering_book.pdf,duplicate_existing,candidate_internal,dnf upgrade # aktualizuj,,high
dnf upgrade-minimal,dnf upgrade-minimal,dnf,RHCSA Exam Tasks,Sekcja Komend,dnf upgrade-minimal,18642,,runtime/knowledge/source/linux_master_library_v1.pdf,RHCSA_Command_Library.pdf,duplicate_existing,canonical+command_index+candidate_internal,dnf upgrade-minimal,weak_description,high
dnf whatprovides,dnf whatprovides,dnf,RHCSA Exam Tasks,Sekcja Komend,dnf whatprovides,18647,,runtime/knowledge/source/linux_master_library_v1.pdf,RHCSA_Command_Library.pdf,duplicate_existing,canonical+command_index+candidate_internal,dnf whatprovides,weak_description,high
yum,yum,yum,RHCSA Exam Tasks,Legacy wrapper (alias dnf),yum install httpd,18652,,runtime/knowledge/source/linux_master_library_v1.pdf,LINUX COMMAND,duplicate_existing,candidate_internal,yum,,high
fdisk,fdisk,fdisk,RHCSA Exam Tasks,Partycjonowanie MBR/GPT,fdisk /dev/sda,18657,,runtime/knowledge/source/linux_master_library_v1.pdf,LINUX COMMAND,duplicate_existing,candidate_internal,fdisk,,high
fdisk -l,fdisk -l,fdisk,RHCSA Exam Tasks,Lista partycji 390,fdisk -l,18662,,runtime/knowledge/source/linux_master_library_v1.pdf,LINUX COMMAND | RHCSA_Command_Library.pdf,duplicate_existing,candidate_internal,fdisk -l,,high
fdisk -l /dev/sda,fdisk -l /dev/sda,fdisk,RHCSA Exam Tasks,list partitions. SAFE,fdisk -l /dev/sda,18672,,runtime/knowledge/source/linux_master_library_v1.pdf,RHCSA_Command_Library.pdf | komendy,duplicate_existing,candidate_internal,fdisk -l /dev/sda,,high
fdisk -u /dev/sda fdisk z jednostkami sektorów hdparm -I /dev/sda,fdisk -u /dev/sda fdisk z jednostkami sektorów hdparm -I /dev/sda,fdisk,RHCSA Exam Tasks,Sekcja Komend,fdisk -u /dev/sda fdisk z jednostkami sektorów hdparm -I /dev/sda,18677,,runtime/knowledge/source/linux_master_library_v1.pdf,RHCSA_Command_Library.pdf,duplicate_existing,candidate_internal,fdisk -u /dev/sda fdisk z jednostkami sektorów hdparm -I /dev/sda,weak_description,high
fdisk /dev/sda,fdisk /dev/sda,fdisk,RHCSA Exam Tasks,interactive MBR/GPT. DANGEROUS,fdisk /dev/sda,18682,,runtime/knowledge/source/linux_master_library_v1.pdf,RHCSA_Command_Library.pdf | komendy,duplicate_existing,candidate_internal,fdisk /dev/sda,,high
fdisk /dev/sdb #,fdisk /dev/sdb #,fdisk,RHCSA Exam Tasks,11.4 Zarządzanie Dyskami,fdisk /dev/sdb #,18687,,runtime/knowledge/source/linux_master_library_v1.pdf,linux_engineering_book.md | linux_engineering_book.pdf,duplicate_existing,candidate_internal,fdisk /dev/sdb #,,high
findmnt,findmnt,findmnt,RHCSA Exam Tasks,mounted filesystems as tree. SAFE,findmnt,18692,,runtime/knowledge/source/linux_master_library_v1.pdf,LINUX COMMAND | RHCSA_Command_Library.pdf | komendy,duplicate_existing,canonical+command_index+candidate_internal,findmnt,,high
findmnt --fstab,findmnt --fstab,findmnt,RHCSA Exam Tasks,Sekcja Komend,findmnt --fstab,18697,,runtime/knowledge/source/linux_master_library_v1.pdf,RHCSA_Command_Library.pdf,duplicate_existing,candidate_internal,findmnt --fstab,weak_description,high
findmnt --kernel,findmnt --kernel,findmnt,RHCSA Exam Tasks,Kernel mountinfo,findmnt --kernel,18702,,runtime/knowledge/source/linux_master_library_v1.pdf,LINUX COMMAND,duplicate_existing,candidate_internal,findmnt --kernel,,high
findmnt --poll,findmnt --poll,findmnt,RHCSA Exam Tasks,Monitor mounts 391,findmnt --poll,18707,,runtime/knowledge/source/linux_master_library_v1.pdf,LINUX COMMAND,duplicate_existing,candidate_internal,findmnt --poll,,high
findmnt --target,findmnt --target,findmnt,RHCSA Exam Tasks,Find mount for path,findmnt --target /var,18717,,runtime/knowledge/source/linux_master_library_v1.pdf,LINUX COMMAND,duplicate_existing,candidate_internal,findmnt --target,,high
findmnt -t xfs,findmnt -t xfs,findmnt,RHCSA Exam Tasks,Sekcja Komend,findmnt -t xfs,18722,,runtime/knowledge/source/linux_master_library_v1.pdf,RHCSA_Command_Library.pdf,duplicate_existing,candidate_internal,findmnt -t xfs,weak_description,high
findmnt /mnt,findmnt /mnt,findmnt,RHCSA Exam Tasks,verify mount options. SAFE,findmnt /mnt,18727,,runtime/knowledge/source/linux_master_library_v1.pdf,RHCSA_Command_Library.pdf | komendy,duplicate_existing,candidate_internal,findmnt /mnt,,high
firewall-cmd,firewall-cmd,firewall-cmd,RHCSA Exam Tasks,Komentarz Komentarz w skrypcie function myfunc() { Definicja funkcji,firewall-cmd --state | firewall-cmd,18732,,runtime/knowledge/source/linux_master_library_v1.pdf,LINUX COMMAND | RHCSA_Command_Library.pdf,duplicate_existing,canonical+command_index+candidate_internal,firewall-cmd,,high
firewall-cmd --add-interface,firewall-cmd --add-interface,firewall-cmd,RHCSA Exam Tasks,Dodaje interfejs do strefy,firewall-cmd --add-interface=eth1 --zone=internal,18738,,runtime/knowledge/source/linux_master_library_v1.pdf,LINUX COMMAND,duplicate_existing,candidate_internal,firewall-cmd --add-interface,,high
firewall-cmd --add-p,firewall-cmd --add-p,firewall-cmd,RHCSA Exam Tasks,Sekcja Komend,firewall-cmd --add-p,18743,,runtime/knowledge/source/linux_master_library_v1.pdf,RHCSA_Command_Library.pdf,duplicate_existing,canonical+command_index+candidate_internal,firewall-cmd --add-p,weak_description,high
firewall-cmd --add-port,firewall-cmd --add-port,firewall-cmd,RHCSA Exam Tasks,Dodaje port,firewall-cmd --add-port=8080/tcp,18748,,runtime/knowledge/source/linux_master_library_v1.pdf,LINUX COMMAND,duplicate_existing,candidate_internal,firewall-cmd --add-port,,high
firewall-cmd --add-service,firewall-cmd --add-service,firewall-cmd,RHCSA Exam Tasks,Dodaje usługę (runtime) 392,firewall-cmd --add-service=http | firewall-cmd --add-service=https,18753,,runtime/knowledge/source/linux_master_library_v1.pdf,LINUX COMMAND,duplicate_existing,candidate_internal,firewall-cmd --add-service,,high
firewall-cmd --add-service=ssh,firewall-cmd --add-service=ssh,firewall-cmd,RHCSA Exam Tasks,temporary add. CAUTION,firewall-cmd --add-service=ssh,18764,,runtime/knowledge/source/linux_master_library_v1.pdf,komendy,duplicate_existing,candidate_internal,firewall-cmd --add-service=ssh,,high
firewall-cmd --add-service=ssh --permanent,firewall-cmd --add-service=ssh --permanent,firewall-cmd,RHCSA Exam Tasks,permanent add. CAUTION,firewall-cmd --add-service=ssh --permanent,18769,,runtime/knowledge/source/linux_master_library_v1.pdf,komendy,duplicate_existing,candidate_internal,firewall-cmd --add-service=ssh --permanent,,high
firewall-cmd --add-source,firewall-cmd --add-source,firewall-cmd,RHCSA Exam Tasks,Dodaje źródło do strefy,firewall-cmd --add-source=192.168.1.0/24 --zone=trusted,18774,,runtime/knowledge/source/linux_master_library_v1.pdf,LINUX COMMAND,duplicate_existing,candidate_internal,firewall-cmd --add-source,,high
firewall-cmd --change-interface,firewall-cmd --change-interface,firewall-cmd,RHCSA Exam Tasks,Zmienia strefę interfejsu,firewall-cmd --change-interface=eth1 --zone=dmz,18779,,runtime/knowledge/source/linux_master_library_v1.pdf,LINUX COMMAND,duplicate_existing,candidate_internal,firewall-cmd --change-interface,,high
firewall-cmd --get-active-zones,firewall-cmd --get-active-zones,firewall-cmd,RHCSA Exam Tasks,firewalld (RHEL/Fedora),firewall-cmd --get-active-zones,18784,,runtime/knowledge/source/linux_master_library_v1.pdf,linux_engineering_book.md | linux_engineering_book.pdf,duplicate_existing,candidate_internal,firewall-cmd --get-active-zones,,high
firewall-cmd --get-default-zone,firewall-cmd --get-default-zone,firewall-cmd,RHCSA Exam Tasks,default zone. SAFE,firewall-cmd --get-default-zone,18789,,runtime/knowledge/source/linux_master_library_v1.pdf,LINUX COMMAND | komendy,duplicate_existing,candidate_internal,firewall-cmd --get-default-zone,,high
firewall-cmd --get-services,firewall-cmd --get-services,firewall-cmd,RHCSA Exam Tasks,Lista znanych usług,firewall-cmd --get-services,18794,,runtime/knowledge/source/linux_master_library_v1.pdf,LINUX COMMAND,duplicate_existing,candidate_internal,firewall-cmd --get-services,,high
firewall-cmd --get-zones,firewall-cmd --get-zones,firewall-cmd,RHCSA Exam Tasks,Dostępne strefy 393,firewall-cmd --get-zones,18799,,runtime/knowledge/source/linux_master_library_v1.pdf,LINUX COMMAND,duplicate_existing,candidate_internal,firewall-cmd --get-zones,,high
firewall-cmd --list-all,firewall-cmd --list-all,firewall-cmd,RHCSA Exam Tasks,active zone rules. SAFE,firewall-cmd --list-all,18809,,runtime/knowledge/source/linux_master_library_v1.pdf,LINUX COMMAND | komendy | linux_engineering_book.md | linux_engineering_book.pdf,duplicate_existing,candidate_internal,firewall-cmd --list-all,,high
firewall-cmd --list-services,firewall-cmd --list-services,firewall-cmd,RHCSA Exam Tasks,Lista aktywnych usług,firewall-cmd --list-services,18814,,runtime/knowledge/source/linux_master_library_v1.pdf,LINUX COMMAND,duplicate_existing,candidate_internal,firewall-cmd --list-services,,high
firewall-cmd --panic-off,firewall-cmd --panic-off,firewall-cmd,RHCSA Exam Tasks,Wyłącza panic,firewall-cmd --panic-off,18819,,runtime/knowledge/source/linux_master_library_v1.pdf,LINUX COMMAND,duplicate_existing,candidate_internal,firewall-cmd --panic-off,,high
firewall-cmd --panic-on,firewall-cmd --panic-on,firewall-cmd,RHCSA Exam Tasks,Panic mode (blokuje wszystko),firewall-cmd --panic-on,18824,,runtime/knowledge/source/linux_master_library_v1.pdf,LINUX COMMAND,duplicate_existing,candidate_internal,firewall-cmd --panic-on,,high
firewall-cmd --permanent,firewall-cmd --permanent,firewall-cmd,RHCSA Exam Tasks,Zmiana trwała,firewall-cmd --add-service=http --permanent,18829,,runtime/knowledge/source/linux_master_library_v1.pdf,LINUX COMMAND,duplicate_existing,candidate_internal,firewall-cmd --permanent,,high
firewall-cmd --query-panic,firewall-cmd --query-panic,firewall-cmd,RHCSA Exam Tasks,Stan panic,firewall-cmd --query-panic,18834,,runtime/knowledge/source/linux_master_library_v1.pdf,LINUX COMMAND,duplicate_existing,candidate_internal,firewall-cmd --query-panic,,high
firewall-cmd --query-service,firewall-cmd --query-service,firewall-cmd,RHCSA Exam Tasks,Sprawdza usługę,firewall-cmd --query-service=ssh,18839,,runtime/knowledge/source/linux_master_library_v1.pdf,LINUX COMMAND,duplicate_existing,candidate_internal,firewall-cmd --query-service,,high
firewall-cmd --reload,firewall-cmd --reload,firewall-cmd,RHCSA Exam Tasks,reload. CAUTION 394,firewall-cmd --reload,18844,,runtime/knowledge/source/linux_master_library_v1.pdf,LINUX COMMAND | komendy | linux_engineering_book.md | linux_engineering_book.pdf,duplicate_existing,candidate_internal,firewall-cmd --reload,,high
firewall-cmd --reload losing temporary rescue rules.',firewall-cmd --reload losing temporary rescue rules.',firewall-cmd,RHCSA Exam Tasks,Dangerous Mistakes,firewall-cmd --reload` losing temporary rescue rules.,18854,,runtime/knowledge/source/linux_master_library_v1.pdf,komendy,duplicate_existing,candidate_internal,firewall-cmd --reload losing temporary rescue rules.',weak_description,high
firewall-cmd --remov,firewall-cmd --remov,firewall-cmd,RHCSA Exam Tasks,Sekcja Komend,firewall-cmd --remov,18859,,runtime/knowledge/source/linux_master_library_v1.pdf,RHCSA_Command_Library.pdf,duplicate_existing,canonical+command_index+candidate_internal,firewall-cmd --remov,weak_description,high
firewall-cmd --remove-service,firewall-cmd --remove-service,firewall-cmd,RHCSA Exam Tasks,Usuwa usługę,firewall-cmd --remove-service=http,18864,,runtime/knowledge/source/linux_master_library_v1.pdf,LINUX COMMAND,duplicate_existing,candidate_internal,firewall-cmd --remove-service,,high
firewall-cmd --remove-source,firewall-cmd --remove-source,firewall-cmd,RHCSA Exam Tasks,Usuwa źródło,firewall-cmd --remove-source=192.168.1.0/24,18869,,runtime/knowledge/source/linux_master_library_v1.pdf,LINUX COMMAND,duplicate_existing,candidate_internal,firewall-cmd --remove-source,,high
firewall-cmd --runtime-to-permanent,firewall-cmd --runtime-to-permanent,firewall-cmd,RHCSA Exam Tasks,Zapisuje runtime na stałe,firewall-cmd --runtime-to-permanent,18874,,runtime/knowledge/source/linux_master_library_v1.pdf,LINUX COMMAND,unresolved,candidate_internal,firewall-cmd --runtime-to-permanent,likely_contamination_or_comment,low
firewall-cmd --set-d,firewall-cmd --set-d,firewall-cmd,RHCSA Exam Tasks,Sekcja Komend,firewall-cmd --set-d,18879,,runtime/knowledge/source/linux_master_library_v1.pdf,RHCSA_Command_Library.pdf,duplicate_existing,canonical+command_index+candidate_internal,firewall-cmd --set-d,weak_description,high
firewall-cmd --set-default-zone,firewall-cmd --set-default-zone,firewall-cmd,RHCSA Exam Tasks,Ustawia domyślną,firewall-cmd --set-default-zone=drop,18884,,runtime/knowledge/source/linux_master_library_v1.pdf,LINUX COMMAND,duplicate_existing,candidate_internal,firewall-cmd --set-default-zone,,high
firewall-cmd --state,firewall-cmd --state,firewall-cmd,RHCSA Exam Tasks,firewalld (RHEL/Fedora) 395,firewall-cmd --state,18889,,runtime/knowledge/source/linux_master_library_v1.pdf,RHCSA_Command_Library.pdf | linux_engineering_book.md | linux_engineering_book.pdf,duplicate_existing,canonical+command_index+candidate_internal,firewall-cmd --state,,high
firewall-cmd --zone=public,firewall-cmd --zone=public,firewall-cmd,RHCSA Exam Tasks,Wybór strefy,firewall-cmd --zone=public --list-all,18899,,runtime/knowledge/source/linux_master_library_v1.pdf,LINUX COMMAND,duplicate_existing,candidate_internal,firewall-cmd --zone=public,,high
firewall-cmd --zone=public --add-port=8080/tcp --permanent,firewall-cmd --zone=public --add-port=8080/tcp --permanent,firewall-cmd,RHCSA Exam Tasks,firewalld (RHEL/Fedora),firewall-cmd --zone=public --add-port=8080/tcp --permanent,18904,,runtime/knowledge/source/linux_master_library_v1.pdf,linux_engineering_book.md | linux_engineering_book.pdf,duplicate_existing,candidate_internal,firewall-cmd --zone=public --add-port=8080/tcp --permanent,,high
firewall-cmd --zone=public --add-service=http --permanent,firewall-cmd --zone=public --add-service=http --permanent,firewall-cmd,RHCSA Exam Tasks,firewalld (RHEL/Fedora),firewall-cmd --zone=public --add-service=http --permanent,18909,,runtime/knowledge/source/linux_master_library_v1.pdf,linux_engineering_book.md | linux_engineering_book.pdf,duplicate_existing,candidate_internal,firewall-cmd --zone=public --add-service=http --permanent,,high
getfacl,getfacl,getfacl,RHCSA Exam Tasks,Wyświetla ACL,getfacl file.txt,18914,,runtime/knowledge/source/linux_master_library_v1.pdf,LINUX COMMAND,duplicate_existing,candidate_internal,getfacl,,high
getfacl file,getfacl file,getfacl,RHCSA Exam Tasks,display ACL. SAFE,getfacl file,18919,,runtime/knowledge/source/linux_master_library_v1.pdf,komendy,duplicate_existing,candidate_internal,getfacl file,,high
getfacl file # pokaż,getfacl file # pokaż,getfacl,RHCSA Exam Tasks,ACL (Access Control Lists),getfacl file # pokaż,18924,,runtime/knowledge/source/linux_master_library_v1.pdf,linux_engineering_book.md | linux_engineering_book.pdf,duplicate_existing,candidate_internal,getfacl file # pokaż,,high
journalctl,journalctl,journalctl,RHCSA Exam Tasks,all logs since boot. SAFE,journalctl -xe | journalctl,18929,,runtime/knowledge/source/linux_master_library_v1.pdf,LINUX COMMAND | RHCSA_Command_Library.pdf | komendy,duplicate_existing,canonical+command_index+candidate_internal,journalctl,,high
journalctl --disk-usage,journalctl --disk-usage,journalctl,RHCSA Exam Tasks,journal size. SAFE 396,journalctl --disk-usage,18935,,runtime/knowledge/source/linux_master_library_v1.pdf,komendy,duplicate_existing,candidate_internal,journalctl --disk-usage,,high
journalctl --disk-usage # zużycie dysku,journalctl --disk-usage # zużycie dysku,journalctl,RHCSA Exam Tasks,Journald (logi),journalctl --disk-usage # zużycie dysku,18945,,runtime/knowledge/source/linux_master_library_v1.pdf,linux_engineering_book.md | linux_engineering_book.pdf,duplicate_existing,candidate_internal,journalctl --disk-usage # zużycie dysku,,high
journalctl --list-boots,journalctl --list-boots,journalctl,RHCSA Exam Tasks,available boots. SAFE,journalctl --list-boots,18950,,runtime/knowledge/source/linux_master_library_v1.pdf,komendy,duplicate_existing,candidate_internal,journalctl --list-boots,,high
journalctl --since,journalctl --since,journalctl,RHCSA Exam Tasks,Od konkretnego czasu,"journalctl --since ""1 hour ago"" | journalctl --since",18955,,runtime/knowledge/source/linux_master_library_v1.pdf,LINUX COMMAND | RHCSA_Command_Library.pdf,duplicate_existing,canonical+command_index+candidate_internal,journalctl --since,,high
"journalctl --since ""1 hour ago""","journalctl --since ""1 hour ago""",journalctl,RHCSA Exam Tasks,time window. SAFE,"journalctl --since ""1 hour ago""",18961,,runtime/knowledge/source/linux_master_library_v1.pdf,komendy,duplicate_existing,candidate_internal,"journalctl --since ""1 hour ago""",,high
"journalctl --since ""1 hour ago"" # od godziny","journalctl --since ""1 hour ago"" # od godziny",journalctl,RHCSA Exam Tasks,Journald (logi),"journalctl --since ""1 hour ago"" # od godziny",18966,,runtime/knowledge/source/linux_master_library_v1.pdf,linux_engineering_book.md | linux_engineering_book.pdf,duplicate_existing,candidate_internal,"journalctl --since ""1 hour ago"" # od godziny",,high
"journalctl --since today --until ""2 hours ago""","journalctl --since today --until ""2 hours ago""",journalctl,RHCSA Exam Tasks,range. SAFE,"journalctl --since today --until ""2 hours ago""",18971,,runtime/knowledge/source/linux_master_library_v1.pdf,komendy,duplicate_existing,candidate_internal,"journalctl --since today --until ""2 hours ago""",,high
journalctl --vacuum-size=100M,journalctl --vacuum-size=100M,journalctl,RHCSA Exam Tasks,Dodatek B: Komendy Ratunkowe,journalctl --vacuum-size=100M,18976,,runtime/knowledge/source/linux_master_library_v1.pdf,linux_engineering_book.md | linux_engineering_book.pdf,duplicate_existing,candidate_internal,journalctl --vacuum-size=100M,,high
journalctl --vacuum-size=1G,journalctl --vacuum-size=1G,journalctl,RHCSA Exam Tasks,limit size. CAUTION 397,journalctl --vacuum-size=1G,18981,,runtime/knowledge/source/linux_master_library_v1.pdf,komendy,duplicate_existing,candidate_internal,journalctl --vacuum-size=1G,,high
journalctl --vacuum-size=500M # ogranicz rozmiar,journalctl --vacuum-size=500M # ogranicz rozmiar,journalctl,RHCSA Exam Tasks,Journald (logi),journalctl --vacuum-size=500M # ogranicz rozmiar,18991,,runtime/knowledge/source/linux_master_library_v1.pdf,linux_engineering_book.md | linux_engineering_book.pdf,duplicate_existing,candidate_internal,journalctl --vacuum-size=500M # ogranicz rozmiar,,high
journalctl --vacuum-time=1s,journalctl --vacuum-time=1s,journalctl,RHCSA Exam Tasks,deleting all logs.,journalctl --vacuum-time=1s,18996,,runtime/knowledge/source/linux_master_library_v1.pdf,komendy,duplicate_existing,candidate_internal,journalctl --vacuum-time=1s,,high
journalctl --vacuum-time=1s deleting all logs.',journalctl --vacuum-time=1s deleting all logs.',journalctl,RHCSA Exam Tasks,Dangerous Mistakes,journalctl --vacuum-time=1s` deleting all logs.,19001,,runtime/knowledge/source/linux_master_library_v1.pdf,komendy,duplicate_existing,candidate_internal,journalctl --vacuum-time=1s deleting all logs.',weak_description,high
journalctl --vacuum-time=30d,journalctl --vacuum-time=30d,journalctl,RHCSA Exam Tasks,retain 30 days. CAUTION,journalctl --vacuum-time=30d,19006,,runtime/knowledge/source/linux_master_library_v1.pdf,komendy,duplicate_existing,candidate_internal,journalctl --vacuum-time=30d,,high
journalctl -b,journalctl -b,journalctl,RHCSA Exam Tasks,current boot only. SAFE,journalctl -b,19011,,runtime/knowledge/source/linux_master_library_v1.pdf,LINUX COMMAND | RHCSA_Command_Library.pdf | komendy,duplicate_existing,canonical+command_index+candidate_internal,journalctl -b,,high
journalctl -b -1,journalctl -b -1,journalctl,RHCSA Exam Tasks,previous boot. SAFE,journalctl -b -1,19016,,runtime/knowledge/source/linux_master_library_v1.pdf,komendy,duplicate_existing,canonical+command_index+candidate_internal,journalctl -b -1,,high
journalctl -b -1 # poprzedni boot,journalctl -b -1 # poprzedni boot,journalctl,RHCSA Exam Tasks,Journald (logi),journalctl -b -1 # poprzedni boot,19021,,runtime/knowledge/source/linux_master_library_v1.pdf,linux_engineering_book.md | linux_engineering_book.pdf,duplicate_existing,candidate_internal,journalctl -b -1 # poprzedni boot,,high
journalctl -f,journalctl -f,journalctl,RHCSA Exam Tasks,Na żywo (follow) 398,journalctl -f,19026,,runtime/knowledge/source/linux_master_library_v1.pdf,LINUX COMMAND,duplicate_existing,canonical+command_index+candidate_internal,journalctl -f,,high
journalctl -f # follow (jak tail -f),journalctl -f # follow (jak tail -f),journalctl,RHCSA Exam Tasks,Journald (logi),journalctl -f # follow (jak tail -f),19036,,runtime/knowledge/source/linux_master_library_v1.pdf,linux_engineering_book.md | linux_engineering_book.pdf,duplicate_existing,candidate_internal,journalctl -f # follow (jak tail -f),,high
journalctl -f ledzenie logów na ywo aureport -l,journalctl -f ledzenie logów na ywo aureport -l,journalctl,RHCSA Exam Tasks,Sekcja Komend,journalctl -f ledzenie logów na ywo aureport -l,19041,,runtime/knowledge/source/linux_master_library_v1.pdf,RHCSA_Command_Library.pdf,duplicate_existing,candidate_internal,journalctl -f ledzenie logów na ywo aureport -l,weak_description,high
journalctl -k,journalctl -k,journalctl,RHCSA Exam Tasks,kernel logs only. SAFE,journalctl -k,19046,,runtime/knowledge/source/linux_master_library_v1.pdf,komendy | linux_engineering_book.pdf,duplicate_existing,canonical+command_index+candidate_internal,journalctl -k,,high
journalctl -k | grep -i oom,journalctl -k | grep -i oom,journalctl,RHCSA Exam Tasks,5.4 OOM Killer,journalctl -k | grep -i oom,19051,,runtime/knowledge/source/linux_master_library_v1.pdf,linux_engineering_book.md,duplicate_existing,candidate_internal,journalctl -k | grep -i oom,,high
journalctl -o,journalctl -o,journalctl,RHCSA Exam Tasks,Sekcja Komend,journalctl -o,19056,,runtime/knowledge/source/linux_master_library_v1.pdf,RHCSA_Command_Library.pdf,duplicate_existing,canonical+command_index+candidate_internal,journalctl -o,weak_description,high
journalctl -p,journalctl -p,journalctl,RHCSA Exam Tasks,"Po priorytecie (err, warning)",journalctl -p err,19061,,runtime/knowledge/source/linux_master_library_v1.pdf,LINUX COMMAND,duplicate_existing,canonical+command_index+candidate_internal,journalctl -p,,high
journalctl -p err,journalctl -p err,journalctl,RHCSA Exam Tasks,priority filter. SAFE,journalctl -p err,19066,,runtime/knowledge/source/linux_master_library_v1.pdf,RHCSA_Command_Library.pdf | komendy,duplicate_existing,canonical+command_index+candidate_internal,journalctl -p err,,high
journalctl -p err # tylko błędy,journalctl -p err # tylko błędy,journalctl,RHCSA Exam Tasks,Journald (logi) 399,journalctl -p err # tylko błędy,19071,,runtime/knowledge/source/linux_master_library_v1.pdf,linux_engineering_book.md | linux_engineering_book.pdf,duplicate_existing,candidate_internal,journalctl -p err # tylko błędy,,high
journalctl -u,journalctl -u,journalctl,RHCSA Exam Tasks,Logi konkretnej usługi,journalctl -u sshd,19081,,runtime/knowledge/source/linux_master_library_v1.pdf,LINUX COMMAND,duplicate_existing,canonical+command_index+candidate_internal,journalctl -u,,high
journalctl -u nginx,journalctl -u nginx,journalctl,RHCSA Exam Tasks,unit-specific logs. SAFE,journalctl -u nginx,19086,,runtime/knowledge/source/linux_master_library_v1.pdf,komendy,duplicate_existing,candidate_internal,journalctl -u nginx,,high
journalctl -u nginx # logi usługi,journalctl -u nginx # logi usługi,journalctl,RHCSA Exam Tasks,Journald (logi),journalctl -u nginx # logi usługi,19091,,runtime/knowledge/source/linux_master_library_v1.pdf,linux_engineering_book.md | linux_engineering_book.pdf,duplicate_existing,candidate_internal,journalctl -u nginx # logi usługi,,high
journalctl -u nginx -f,journalctl -u nginx -f,journalctl,RHCSA Exam Tasks,follow unit logs. SAFE,journalctl -u nginx -f,19096,,runtime/knowledge/source/linux_master_library_v1.pdf,komendy,duplicate_existing,candidate_internal,journalctl -u nginx -f,,high
journalctl -u sshd,journalctl -u sshd,journalctl,RHCSA Exam Tasks,Sekcja Komend,journalctl -u sshd,19101,,runtime/knowledge/source/linux_master_library_v1.pdf,RHCSA_Command_Library.pdf,duplicate_existing,canonical+command_index+candidate_internal,journalctl -u sshd,weak_description,high
journalctl -xb,journalctl -xb,journalctl,RHCSA Exam Tasks,current boot logs. SAFE,journalctl -xb,19106,,runtime/knowledge/source/linux_master_library_v1.pdf,komendy,duplicate_existing,candidate_internal,journalctl -xb,,high
journalctl -xe,journalctl -xe,journalctl,RHCSA Exam Tasks,recent errors with context. SAFE,journalctl -xe,19111,,runtime/knowledge/source/linux_master_library_v1.pdf,RHCSA_Command_Library.pdf | komendy,duplicate_existing,canonical+command_index+candidate_internal,journalctl -xe,,high
lvcreate,lvcreate,lvcreate,RHCSA Exam Tasks,Tworzy Logical Volume 400,lvcreate -L 10G -n lv_www vg_data,19116,,runtime/knowledge/source/linux_master_library_v1.pdf,LINUX COMMAND,duplicate_existing,candidate_internal,lvcreate,,high
lvcreate -L 100G -n lv_data vg0,lvcreate -L 100G -n lv_data vg0,lvcreate,RHCSA Exam Tasks,create LV. SAFE,lvcreate -L 100G -n lv_data vg0,19126,,runtime/knowledge/source/linux_master_library_v1.pdf,komendy,duplicate_existing,candidate_internal,lvcreate -L 100G -n lv_data vg0,,high
lvcreate -L 100G -n lv_data vg_data,lvcreate -L 100G -n lv_data vg_data,lvcreate,RHCSA Exam Tasks,6.4 LVM (Logical Volume Manager),lvcreate -L 100G -n lv_data vg_data,19131,,runtime/knowledge/source/linux_master_library_v1.pdf,linux_engineering_book.md | linux_engineering_book.pdf,duplicate_existing,candidate_internal,lvcreate -L 100G -n lv_data vg_data,,high
lvcreate -L 10G -s -n lv_snap /dev/vg0/lv_data,lvcreate -L 10G -s -n lv_snap /dev/vg0/lv_data,lvcreate,RHCSA Exam Tasks,snapshot. SAFE,lvcreate -L 10G -s -n lv_snap /dev/vg0/lv_data,19136,,runtime/knowledge/source/linux_master_library_v1.pdf,komendy,duplicate_existing,candidate_internal,lvcreate -L 10G -s -n lv_snap /dev/vg0/lv_data,,high
lvcreate -L 10G -s -n snap_data /dev/vg_data/lv_data,lvcreate -L 10G -s -n snap_data /dev/vg_data/lv_data,lvcreate,RHCSA Exam Tasks,6.4 LVM (Logical Volume Manager),lvcreate -L 10G -s -n snap_data /dev/vg_data/lv_data,19141,,runtime/knowledge/source/linux_master_library_v1.pdf,linux_engineering_book.md | linux_engineering_book.pdf,duplicate_existing,candidate_internal,lvcreate -L 10G -s -n snap_data /dev/vg_data/lv_data,,high
lvcreate -l,lvcreate -l,lvcreate,RHCSA Exam Tasks,Używa %VG lub %FREE,lvcreate -l 100%FREE -n lv_tmp vg_data,19146,,runtime/knowledge/source/linux_master_library_v1.pdf,LINUX COMMAND,duplicate_existing,candidate_internal,lvcreate -l,,high
lvextend,lvextend,lvextend,RHCSA Exam Tasks,Rozszerza LV,lvextend -L +5G /dev/vg_data/lv_www,19151,,runtime/knowledge/source/linux_master_library_v1.pdf,LINUX COMMAND,duplicate_existing,candidate_internal,lvextend,,high
lvextend --resizefs -L +500G /dev/mapper/vg_prod_storage-lv_db,lvextend --resizefs -L +500G /dev/mapper/vg_prod_storage-lv_db,lvextend,RHCSA Exam Tasks,Dynamiczne rozszerzenie wolumenu logicznego wraz z jednoczesnym przeskalowaniem systemu plików XFS online,lvextend --resizefs -L +500G /dev/mapper/vg_prod_storage-lv_db,19156,,runtime/knowledge/source/linux_master_library_v1.pdf,encyklopedia_inzynierii_linux.html | encyklopedia_inzynierii_linux.pdf,duplicate_existing,candidate_internal,lvextend --resizefs -L +500G /dev/mapper/vg_prod_storage-lv_db,,high
lvextend -L +50G /dev/vg0/lv_data,lvextend -L +50G /dev/vg0/lv_data,lvextend,RHCSA Exam Tasks,extend LV. CAUTION 401,lvextend -L +50G /dev/vg0/lv_data,19161,,runtime/knowledge/source/linux_master_library_v1.pdf,komendy,duplicate_existing,candidate_internal,lvextend -L +50G /dev/vg0/lv_data,,high
lvextend -L +50G /dev/vg_data/lv_data,lvextend -L +50G /dev/vg_data/lv_data,lvextend,RHCSA Exam Tasks,6.4 LVM (Logical Volume Manager),lvextend -L +50G /dev/vg_data/lv_data,19171,,runtime/knowledge/source/linux_master_library_v1.pdf,linux_engineering_book.md | linux_engineering_book.pdf,duplicate_existing,candidate_internal,lvextend -L +50G /dev/vg_data/lv_data,,high
lvextend -r,lvextend -r,lvextend,RHCSA Exam Tasks,Use to extend filesystem in one step.,lvextend -r,19176,,runtime/knowledge/source/linux_master_library_v1.pdf,komendy,duplicate_existing,candidate_internal,lvextend -r,,high
mkfs.xfs,mkfs.xfs,mkfs.xfs,RHCSA Exam Tasks,Formatuje XFS,mkfs.xfs /dev/sda1,19181,,runtime/knowledge/source/linux_master_library_v1.pdf,LINUX COMMAND,duplicate_existing,candidate_internal,mkfs.xfs,,high
mkfs.xfs -L,mkfs.xfs -L,mkfs.xfs,RHCSA Exam Tasks,Sekcja Komend,mkfs.xfs -L,19186,,runtime/knowledge/source/linux_master_library_v1.pdf,RHCSA_Command_Library.pdf,duplicate_existing,candidate_internal,mkfs.xfs -L,weak_description,high
"mkfs.xfs -L ""data"" /dev/sdb1","mkfs.xfs -L ""data"" /dev/sdb1",mkfs.xfs,RHCSA Exam Tasks,Zaawansowane,"mkfs.xfs -L ""data"" /dev/sdb1",19191,,runtime/knowledge/source/linux_master_library_v1.pdf,linux_engineering_book.md | linux_engineering_book.pdf,duplicate_existing,candidate_internal,"mkfs.xfs -L ""data"" /dev/sdb1",,high
mkfs.xfs -L data /dev/sda1,mkfs.xfs -L data /dev/sda1,mkfs.xfs,RHCSA Exam Tasks,create XFS. DANGEROUS,mkfs.xfs -L data /dev/sda1,19196,,runtime/knowledge/source/linux_master_library_v1.pdf,komendy,duplicate_existing,candidate_internal,mkfs.xfs -L data /dev/sda1,,high
mkfs.xfs -f,mkfs.xfs -f,mkfs.xfs,RHCSA Exam Tasks,Sekcja Komend,mkfs.xfs -f,19201,,runtime/knowledge/source/linux_master_library_v1.pdf,RHCSA_Command_Library.pdf,duplicate_existing,candidate_internal,mkfs.xfs -f,weak_description,high
mkfs.xfs /dev/sdb1,mkfs.xfs /dev/sdb1,mkfs.xfs,RHCSA Exam Tasks,Sekcja Komend 402,mkfs.xfs /dev/sdb1,19206,,runtime/knowledge/source/linux_master_library_v1.pdf,RHCSA_Command_Library.pdf,duplicate_existing,candidate_internal,mkfs.xfs /dev/sdb1,,high
mount,mount,mount,RHCSA Exam Tasks,Montuje filesystem,mount /dev/sda1 /mnt | mount,19216,,runtime/knowledge/source/linux_master_library_v1.pdf,LINUX COMMAND | RHCSA_Command_Library.pdf,duplicate_existing,command_index+candidate_internal,mount,,high
mount --bind,mount --bind,mount,RHCSA Exam Tasks,Bind mount,mount --bind /var/www /home/user/www,19222,,runtime/knowledge/source/linux_master_library_v1.pdf,LINUX COMMAND,duplicate_existing,candidate_internal,mount --bind,,high
mount --bind /dev /mnt/dev,mount --bind /dev /mnt/dev,mount,RHCSA Exam Tasks,19.2 Disaster Recovery,mount --bind /dev /mnt/dev,19227,,runtime/knowledge/source/linux_master_library_v1.pdf,linux_engineering_book.md | linux_engineering_book.pdf,duplicate_existing,candidate_internal,mount --bind /dev /mnt/dev,,high
mount --bind /dev /mnt/sysimage/dev,mount --bind /dev /mnt/sysimage/dev,mount,RHCSA Exam Tasks,bind mount devices. SAFE,mount --bind /dev /mnt/sysimage/dev,19232,,runtime/knowledge/source/linux_master_library_v1.pdf,komendy,duplicate_existing,candidate_internal,mount --bind /dev /mnt/sysimage/dev,,high
mount --bind /proc /mnt/proc,mount --bind /proc /mnt/proc,mount,RHCSA Exam Tasks,19.2 Disaster Recovery,mount --bind /proc /mnt/proc,19237,,runtime/knowledge/source/linux_master_library_v1.pdf,linux_engineering_book.md | linux_engineering_book.pdf,duplicate_existing,candidate_internal,mount --bind /proc /mnt/proc,,high
mount --bind /proc /mnt/sysimage/proc,mount --bind /proc /mnt/sysimage/proc,mount,RHCSA Exam Tasks,bind mount proc. SAFE,mount --bind /proc /mnt/sysimage/proc,19242,,runtime/knowledge/source/linux_master_library_v1.pdf,komendy,duplicate_existing,candidate_internal,mount --bind /proc /mnt/sysimage/proc,,high
mount --bind /source /destination,mount --bind /source /destination,mount,RHCSA Exam Tasks,6.3 Montowanie i fstab,mount --bind /source /destination,19247,,runtime/knowledge/source/linux_master_library_v1.pdf,linux_engineering_book.md | linux_engineering_book.pdf,duplicate_existing,candidate_internal,mount --bind /source /destination,,high
mount --bind /sys /mnt/sys,mount --bind /sys /mnt/sys,mount,RHCSA Exam Tasks,19.2 Disaster Recovery 403,mount --bind /sys /mnt/sys,19252,,runtime/knowledge/source/linux_master_library_v1.pdf,linux_engineering_book.md | linux_engineering_book.pdf,duplicate_existing,candidate_internal,mount --bind /sys /mnt/sys,,high
mount --bind /sys /mnt/sysimage/sys,mount --bind /sys /mnt/sysimage/sys,mount,RHCSA Exam Tasks,bind mount sys. SAFE,mount --bind /sys /mnt/sysimage/sys,19262,,runtime/knowledge/source/linux_master_library_v1.pdf,komendy,duplicate_existing,candidate_internal,mount --bind /sys /mnt/sysimage/sys,,high
mount --make-private,mount --make-private,mount,RHCSA Exam Tasks,Private mount,mount --make-private /mnt,19267,,runtime/knowledge/source/linux_master_library_v1.pdf,LINUX COMMAND,duplicate_existing,candidate_internal,mount --make-private,,high
mount --make-shared,mount --make-shared,mount,RHCSA Exam Tasks,Shared mount,mount --make-shared /mnt,19272,,runtime/knowledge/source/linux_master_library_v1.pdf,LINUX COMMAND,duplicate_existing,candidate_internal,mount --make-shared,,high
mount --make-slave,mount --make-slave,mount,RHCSA Exam Tasks,Slave mount,mount --make-slave /mnt,19277,,runtime/knowledge/source/linux_master_library_v1.pdf,LINUX COMMAND,duplicate_existing,candidate_internal,mount --make-slave,,high
mount --make-unbindable,mount --make-unbindable,mount,RHCSA Exam Tasks,Unbindable,mount --make-unbindable /mnt,19282,,runtime/knowledge/source/linux_master_library_v1.pdf,LINUX COMMAND,duplicate_existing,candidate_internal,mount --make-unbindable,,high
mount --move,mount --move,mount,RHCSA Exam Tasks,Move mount,mount --move /old /new,19287,,runtime/knowledge/source/linux_master_library_v1.pdf,LINUX COMMAND,duplicate_existing,candidate_internal,mount --move,,high
mount --rbind,mount --rbind,mount,RHCSA Exam Tasks,Recursive bind,mount --rbind /dev /mnt/chroot/dev,19292,,runtime/knowledge/source/linux_master_library_v1.pdf,LINUX COMMAND,duplicate_existing,candidate_internal,mount --rbind,,high
mount -a,mount -a,mount,RHCSA Exam Tasks,Montuje wszystko z fstab 404,mount -a,19297,,runtime/knowledge/source/linux_master_library_v1.pdf,LINUX COMMAND | RHCSA_Command_Library.pdf,duplicate_existing,canonical+command_index+candidate_internal,mount -a,,high
mount -o,mount -o,mount,RHCSA Exam Tasks,Sekcja Komend,mount -o,19307,,runtime/knowledge/source/linux_master_library_v1.pdf,RHCSA_Command_Library.pdf,duplicate_existing,canonical+command_index+candidate_internal,mount -o,weak_description,high
mount -o loop image.iso /mnt/iso,mount -o loop image.iso /mnt/iso,mount,RHCSA Exam Tasks,6.3 Montowanie i fstab,mount -o loop image.iso /mnt/iso,19312,,runtime/knowledge/source/linux_master_library_v1.pdf,linux_engineering_book.md | linux_engineering_book.pdf,duplicate_existing,candidate_internal,mount -o loop image.iso /mnt/iso,,high
"mount -o remount,ro","mount -o remount,ro",mount,RHCSA Exam Tasks,Sekcja Komend,"mount -o remount,ro",19317,,runtime/knowledge/source/linux_master_library_v1.pdf,RHCSA_Command_Library.pdf,duplicate_existing,canonical+command_index+candidate_internal,"mount -o remount,ro",weak_description,high
"mount -o remount,rw","mount -o remount,rw",mount,RHCSA Exam Tasks,Przymontowuje do zapisu,"mount -o remount,rw / | mount -o remount,rw",19322,,runtime/knowledge/source/linux_master_library_v1.pdf,LINUX COMMAND | RHCSA_Command_Library.pdf,duplicate_existing,canonical+command_index+candidate_internal,"mount -o remount,rw",,high
"mount -o remount,rw /","mount -o remount,rw /",mount,RHCSA Exam Tasks,"Po uruchomieniu powłoki awaryjnej, przemontowanie głównego systemu plików w tryb zapisu/odczytu linux_engineering_book.pdf","mount -o remount,rw /",19328,,runtime/knowledge/source/linux_master_library_v1.pdf,encyklopedia_inzynierii_linux.html | encyklopedia_inzynierii_linux.pdf | komendy | linux_engineering_book.m,duplicate_existing,candidate_internal,"mount -o remount,rw /",,high
"mount -o remount,rw,nosuid,nodev,noexec /tmp","mount -o remount,rw,nosuid,nodev,noexec /tmp",mount,RHCSA Exam Tasks,restrict /tmp. CAUTION,"mount -o remount,rw,nosuid,nodev,noexec /tmp",19334,,runtime/knowledge/source/linux_master_library_v1.pdf,komendy,duplicate_existing,candidate_internal,"mount -o remount,rw,nosuid,nodev,noexec /tmp",,high
mount -o ro,mount -o ro,mount,RHCSA Exam Tasks,Sekcja Komend,mount -o ro,19339,,runtime/knowledge/source/linux_master_library_v1.pdf,RHCSA_Command_Library.pdf,duplicate_existing,canonical+command_index+candidate_internal,mount -o ro,weak_description,high
"mount -o ro,soft","mount -o ro,soft",mount,RHCSA Exam Tasks,Sekcja Komend 405,"mount -o ro,soft",19344,,runtime/knowledge/source/linux_master_library_v1.pdf,RHCSA_Command_Library.pdf,duplicate_existing,canonical+command_index+candidate_internal,"mount -o ro,soft",,high
"mount -o rw,noexec","mount -o rw,noexec",mount,RHCSA Exam Tasks,Sekcja Komend,"mount -o rw,noexec",19354,,runtime/knowledge/source/linux_master_library_v1.pdf,RHCSA_Command_Library.pdf,duplicate_existing,canonical+command_index+candidate_internal,"mount -o rw,noexec",weak_description,high
mount -t cifs,mount -t cifs,mount,RHCSA Exam Tasks,Komentarz Komentarz w skrypcie function myfunc() { Definicja funkcji,mount -t cifs,19359,,runtime/knowledge/source/linux_master_library_v1.pdf,RHCSA_Command_Library.pdf,duplicate_existing,canonical+command_index+candidate_internal,mount -t cifs,,high
mount -t ext4,mount -t ext4,mount,RHCSA Exam Tasks,Sekcja Komend,mount -t ext4,19364,,runtime/knowledge/source/linux_master_library_v1.pdf,RHCSA_Command_Library.pdf,duplicate_existing,canonical+command_index+candidate_internal,mount -t ext4,weak_description,high
mount -t nfs,mount -t nfs,mount,RHCSA Exam Tasks,Sekcja Komend,mount -t nfs,19369,,runtime/knowledge/source/linux_master_library_v1.pdf,RHCSA_Command_Library.pdf,duplicate_existing,canonical+command_index+candidate_internal,mount -t nfs,weak_description,high
mount -t nfs server:/share /mnt/nfs,mount -t nfs server:/share /mnt/nfs,mount,RHCSA Exam Tasks,6.3 Montowanie i fstab,mount -t nfs server:/share /mnt/nfs,19374,,runtime/knowledge/source/linux_master_library_v1.pdf,linux_engineering_book.md | linux_engineering_book.pdf,duplicate_existing,candidate_internal,mount -t nfs server:/share /mnt/nfs,,high
mount -t nfs server:/srv/nfs /mnt/nfs,mount -t nfs server:/srv/nfs /mnt/nfs,mount,RHCSA Exam Tasks,18.3 NFS,mount -t nfs server:/srv/nfs /mnt/nfs,19379,,runtime/knowledge/source/linux_master_library_v1.pdf,linux_engineering_book.md | linux_engineering_book.pdf,duplicate_existing,candidate_internal,mount -t nfs server:/srv/nfs /mnt/nfs,,high
mount -t nfs4,mount -t nfs4,mount,RHCSA Exam Tasks,Sekcja Komend,mount -t nfs4,19384,,runtime/knowledge/source/linux_master_library_v1.pdf,RHCSA_Command_Library.pdf,duplicate_existing,canonical+command_index+candidate_internal,mount -t nfs4,weak_description,high
mount -t xfs,mount -t xfs,mount,RHCSA Exam Tasks,Sekcja Komend 406,mount -t xfs,19389,,runtime/knowledge/source/linux_master_library_v1.pdf,RHCSA_Command_Library.pdf,duplicate_existing,canonical+command_index+candidate_internal,mount -t xfs,,high
mount /dev/sda1 /mnt,mount /dev/sda1 /mnt,mount,RHCSA Exam Tasks,,mount filesystem. CAUTION | mount /dev/sda1 /mnt,19399,,runtime/knowledge/source/linux_master_library_v1.pdf,komendy,duplicate_existing,candidate_internal,mount /dev/sda1 /mnt,,high
mount /dev/sda1 /mnt/boot,mount /dev/sda1 /mnt/boot,mount,RHCSA Exam Tasks,19.2 Disaster Recovery,mount /dev/sda1 /mnt/boot,19404,,runtime/knowledge/source/linux_master_library_v1.pdf,linux_engineering_book.md | linux_engineering_book.pdf,duplicate_existing,candidate_internal,mount /dev/sda1 /mnt/boot,,high
mount /dev/sda2 /mnt,mount /dev/sda2 /mnt,mount,RHCSA Exam Tasks,19.2 Disaster Recovery,mount /dev/sda2 /mnt,19409,,runtime/knowledge/source/linux_master_library_v1.pdf,linux_engineering_book.md | linux_engineering_book.pdf,duplicate_existing,candidate_internal,mount /dev/sda2 /mnt,,high
mount /dev/sdb1 /mnt,mount /dev/sdb1 /mnt,mount,RHCSA Exam Tasks,Sekcja Komend,mount /dev/sdb1 /mnt,19414,,runtime/knowledge/source/linux_master_library_v1.pdf,RHCSA_Command_Library.pdf,duplicate_existing,canonical+command_index+candidate_internal,mount /dev/sdb1 /mnt,weak_description,high
mount /dev/sdb1 /mnt/data,mount /dev/sdb1 /mnt/data,mount,RHCSA Exam Tasks,6.3 Montowanie i fstab,mount /dev/sdb1 /mnt/data,19419,,runtime/knowledge/source/linux_master_library_v1.pdf,linux_engineering_book.md | linux_engineering_book.pdf,duplicate_existing,candidate_internal,mount /dev/sdb1 /mnt/data,,high
nmcli,nmcli,nmcli,RHCSA Exam Tasks,NetworkManager CLI,nmcli dev,19424,,runtime/knowledge/source/linux_master_library_v1.pdf,LINUX COMMAND,duplicate_existing,command_index+candidate_internal,nmcli,,high
nmcli con,nmcli con,nmcli,RHCSA Exam Tasks,Lista połączeń,nmcli con,19429,,runtime/knowledge/source/linux_master_library_v1.pdf,LINUX COMMAND,duplicate_existing,candidate_internal,nmcli con,,high
nmcli con add type bond,nmcli con add type bond,nmcli,RHCSA Exam Tasks,Tworzy bond 407,nmcli con add type bond con-name bond0 ifname bond0,19434,,runtime/knowledge/source/linux_master_library_v1.pdf,LINUX COMMAND,duplicate_existing,candidate_internal,nmcli con add type bond,,high
nmcli con add type bridge,nmcli con add type bridge,nmcli,RHCSA Exam Tasks,Tworzy bridge NM,nmcli con add type bridge con-name br0 ifname br0,19444,,runtime/knowledge/source/linux_master_library_v1.pdf,LINUX COMMAND,duplicate_existing,candidate_internal,nmcli con add type bridge,,high
nmcli con add type team,nmcli con add type team,nmcli,RHCSA Exam Tasks,Tworzy team w NM,nmcli con add type team con-name team0 ifname team0,19449,,runtime/knowledge/source/linux_master_library_v1.pdf,LINUX COMMAND,duplicate_existing,candidate_internal,nmcli con add type team,,high
nmcli con add type vlan,nmcli con add type vlan,nmcli,RHCSA Exam Tasks,Tworzy VLAN NM,nmcli con add type vlan con-name vlan10 ifname eth0.10 dev eth0 id 10,19454,,runtime/knowledge/source/linux_master_library_v1.pdf,LINUX COMMAND,duplicate_existing,candidate_internal,nmcli con add type vlan,,high
nmcli con down,nmcli con down,nmcli,RHCSA Exam Tasks,Deaktywuje,"nmcli con down ""Wired connection 1""",19459,,runtime/knowledge/source/linux_master_library_v1.pdf,LINUX COMMAND,duplicate_existing,candidate_internal,nmcli con down,,high
nmcli con mod,nmcli con mod,nmcli,RHCSA Exam Tasks,Modyfikuje połączenie,"nmcli con mod ""eth0"" ipv4.addresses 192.168.1.10/24",19464,,runtime/knowledge/source/linux_master_library_v1.pdf,LINUX COMMAND,duplicate_existing,candidate_internal,nmcli con mod,,high
nmcli con up,nmcli con up,nmcli,RHCSA Exam Tasks,Aktywuje połączenie,"nmcli con up ""Wired connection 1""",19469,,runtime/knowledge/source/linux_master_library_v1.pdf,LINUX COMMAND,duplicate_existing,candidate_internal,nmcli con up,,high
"nmcli con up id ""Wired connection 1""","nmcli con up id ""Wired connection 1""",nmcli,RHCSA Exam Tasks,activate connection. CAUTION,"nmcli con up id ""Wired connection 1""",19474,,runtime/knowledge/source/linux_master_library_v1.pdf,komendy,duplicate_existing,candidate_internal,"nmcli con up id ""Wired connection 1""",,high
nmcli connection,nmcli connection,nmcli,RHCSA Exam Tasks,Komentarz Komentarz w skrypcie function myfunc() { Definicja funkcji 408,nmcli connection,19479,,runtime/knowledge/source/linux_master_library_v1.pdf,RHCSA_Command_Library.pdf | linux_engineering_book.md | linux_engineering_book.pdf,duplicate_existing,canonical+command_index+candidate_internal,nmcli connection,,high
"nmcli connection add type ethernet con-name ""LAN"" ifname eth0","nmcli connection add type ethernet con-name ""LAN"" ifname eth0",nmcli,RHCSA Exam Tasks,NetworkManager,"nmcli connection add type ethernet con-name ""LAN"" ifname eth0",19489,,runtime/knowledge/source/linux_master_library_v1.pdf,linux_engineering_book.md | linux_engineering_book.pdf,duplicate_existing,candidate_internal,"nmcli connection add type ethernet con-name ""LAN"" ifname eth0",,high
"nmcli connection modify ""LAN"" ipv4.addresses 192.168.1.10/24","nmcli connection modify ""LAN"" ipv4.addresses 192.168.1.10/24",nmcli,RHCSA Exam Tasks,NetworkManager,"nmcli connection modify ""LAN"" ipv4.addresses 192.168.1.10/24",19494,,runtime/knowledge/source/linux_master_library_v1.pdf,linux_engineering_book.md | linux_engineering_book.pdf,duplicate_existing,candidate_internal,"nmcli connection modify ""LAN"" ipv4.addresses 192.168.1.10/24",,high
"nmcli connection modify ""LAN"" ipv4.dns ""8.8.8.8 8.8.4.4""","nmcli connection modify ""LAN"" ipv4.dns ""8.8.8.8 8.8.4.4""",nmcli,RHCSA Exam Tasks,NetworkManager,"nmcli connection modify ""LAN"" ipv4.dns ""8.8.8.8 8.8.4.4""",19499,,runtime/knowledge/source/linux_master_library_v1.pdf,linux_engineering_book.md | linux_engineering_book.pdf,duplicate_existing,candidate_internal,"nmcli connection modify ""LAN"" ipv4.dns ""8.8.8.8 8.8.4.4""",,high
"nmcli connection modify ""LAN"" ipv4.gateway 192.168.1.1","nmcli connection modify ""LAN"" ipv4.gateway 192.168.1.1",nmcli,RHCSA Exam Tasks,NetworkManager,"nmcli connection modify ""LAN"" ipv4.gateway 192.168.1.1",19504,,runtime/knowledge/source/linux_master_library_v1.pdf,linux_engineering_book.md | linux_engineering_book.pdf,duplicate_existing,candidate_internal,"nmcli connection modify ""LAN"" ipv4.gateway 192.168.1.1",,high
"nmcli connection modify ""LAN"" ipv4.method manual","nmcli connection modify ""LAN"" ipv4.method manual",nmcli,RHCSA Exam Tasks,NetworkManager,"nmcli connection modify ""LAN"" ipv4.method manual",19509,,runtime/knowledge/source/linux_master_library_v1.pdf,linux_engineering_book.md | linux_engineering_book.pdf,duplicate_existing,candidate_internal,"nmcli connection modify ""LAN"" ipv4.method manual",,high
"nmcli connection up ""LAN""","nmcli connection up ""LAN""",nmcli,RHCSA Exam Tasks,NetworkManager,"nmcli connection up ""LAN""",19514,,runtime/knowledge/source/linux_master_library_v1.pdf,linux_engineering_book.md | linux_engineering_book.pdf,duplicate_existing,candidate_internal,"nmcli connection up ""LAN""",,high
nmcli dev,nmcli dev,nmcli,RHCSA Exam Tasks,Szczegóły urządzenia,nmcli dev,19519,,runtime/knowledge/source/linux_master_library_v1.pdf,LINUX COMMAND,duplicate_existing,candidate_internal,nmcli dev,,high
nmcli device,nmcli device,nmcli,RHCSA Exam Tasks,NetworkManager status. SAFE 409,nmcli device,19524,,runtime/knowledge/source/linux_master_library_v1.pdf,komendy | linux_engineering_book.md | linux_engineering_book.pdf,duplicate_existing,candidate_internal,nmcli device,,high
nmcli device connect,nmcli device connect,nmcli,RHCSA Exam Tasks,Łączy,nmcli device connect eth0,19534,,runtime/knowledge/source/linux_master_library_v1.pdf,LINUX COMMAND,duplicate_existing,candidate_internal,nmcli device connect,,high
nmcli device disconnect,nmcli device disconnect,nmcli,RHCSA Exam Tasks,Rozłącza,nmcli device disconnect eth0,19539,,runtime/knowledge/source/linux_master_library_v1.pdf,LINUX COMMAND,duplicate_existing,candidate_internal,nmcli device disconnect,,high
nmcli device reapply,nmcli device reapply,nmcli,RHCSA Exam Tasks,Reaplikuje konfigurację,nmcli device reapply eth0,19544,,runtime/knowledge/source/linux_master_library_v1.pdf,LINUX COMMAND,duplicate_existing,candidate_internal,nmcli device reapply,,high
nmcli device wifi,nmcli device wifi,nmcli,RHCSA Exam Tasks,WiFi scan,nmcli device wifi,19549,,runtime/knowledge/source/linux_master_library_v1.pdf,LINUX COMMAND,duplicate_existing,candidate_internal,nmcli device wifi,,high
nmcli device wifi connect,nmcli device wifi connect,nmcli,RHCSA Exam Tasks,WiFi connect,"nmcli device wifi connect ""SSID"" password ""pass""",19554,,runtime/knowledge/source/linux_master_library_v1.pdf,LINUX COMMAND,duplicate_existing,candidate_internal,nmcli device wifi connect,,high
nmcli networking,nmcli networking,nmcli,RHCSA Exam Tasks,Włącza/wyłącza networking,nmcli networking off,19559,,runtime/knowledge/source/linux_master_library_v1.pdf,LINUX COMMAND,duplicate_existing,candidate_internal,nmcli networking,,high
nmcli radio,nmcli radio,nmcli,RHCSA Exam Tasks,Zarządzanie radiem,nmcli radio wifi off,19564,,runtime/knowledge/source/linux_master_library_v1.pdf,LINUX COMMAND,duplicate_existing,candidate_internal,nmcli radio,,high
parted,parted,parted,RHCSA Exam Tasks,Zaawansowane partycjonowanie 410,parted /dev/sda print,19569,,runtime/knowledge/source/linux_master_library_v1.pdf,LINUX COMMAND,duplicate_existing,candidate_internal,parted,,high
parted -l,parted -l,parted,RHCSA Exam Tasks,Sekcja Komend,parted -l,19579,,runtime/knowledge/source/linux_master_library_v1.pdf,RHCSA_Command_Library.pdf,duplicate_existing,candidate_internal,parted -l,weak_description,high
parted /dev/sda,parted /dev/sda,parted,RHCSA Exam Tasks,interactive partitioning. DANGEROUS,parted /dev/sda,19584,,runtime/knowledge/source/linux_master_library_v1.pdf,RHCSA_Command_Library.pdf | komendy,duplicate_existing,candidate_internal,parted /dev/sda,,high
parted /dev/sda print,parted /dev/sda print,parted,RHCSA Exam Tasks,print table. SAFE,parted /dev/sda print,19589,,runtime/knowledge/source/linux_master_library_v1.pdf,komendy,duplicate_existing,candidate_internal,parted /dev/sda print,,high
parted /dev/sda rm,parted /dev/sda rm,parted,RHCSA Exam Tasks,Sekcja Komend,parted /dev/sda rm 1,19594,,runtime/knowledge/source/linux_master_library_v1.pdf,RHCSA_Command_Library.pdf,duplicate_existing,candidate_internal,parted /dev/sda rm,weak_description,high
parted /dev/sdb #,parted /dev/sdb #,parted,RHCSA Exam Tasks,11.4 Zarządzanie Dyskami,parted /dev/sdb #,19599,,runtime/knowledge/source/linux_master_library_v1.pdf,linux_engineering_book.md | linux_engineering_book.pdf,duplicate_existing,candidate_internal,parted /dev/sdb #,,high
passwd,passwd,passwd,RHCSA Exam Tasks,Zmienia hasło,passwd john,19604,,runtime/knowledge/source/linux_master_library_v1.pdf,LINUX COMMAND,duplicate_existing,candidate_internal,passwd,,high
passwd --status user,passwd --status user,passwd,RHCSA Exam Tasks,Sekcja Komend,passwd --status user,19609,,runtime/knowledge/source/linux_master_library_v1.pdf,RHCSA_Command_Library.pdf,duplicate_existing,candidate_internal,passwd --status user,weak_description,high
passwd -d,passwd -d,passwd,RHCSA Exam Tasks,Usuwa hasło (puste) 411,passwd -d john,19614,,runtime/knowledge/source/linux_master_library_v1.pdf,LINUX COMMAND,duplicate_existing,candidate_internal,passwd -d,,high
passwd -d user,passwd -d user,passwd,RHCSA Exam Tasks,Sekcja Komend,passwd -d user,19624,,runtime/knowledge/source/linux_master_library_v1.pdf,RHCSA_Command_Library.pdf,duplicate_existing,candidate_internal,passwd -d user,weak_description,high
passwd -e user,passwd -e user,passwd,RHCSA Exam Tasks,Sekcja Komend,passwd -e user,19629,,runtime/knowledge/source/linux_master_library_v1.pdf,RHCSA_Command_Library.pdf,duplicate_existing,candidate_internal,passwd -e user,weak_description,high
passwd -i 10 user,passwd -i 10 user,passwd,RHCSA Exam Tasks,Sekcja Komend,passwd -i 10 user,19634,,runtime/knowledge/source/linux_master_library_v1.pdf,RHCSA_Command_Library.pdf,duplicate_existing,candidate_internal,passwd -i 10 user,weak_description,high
passwd -l,passwd -l,passwd,RHCSA Exam Tasks,Blokuje hasło,passwd -l john,19639,,runtime/knowledge/source/linux_master_library_v1.pdf,LINUX COMMAND,duplicate_existing,candidate_internal,passwd -l,,high
passwd -l alice,passwd -l alice,passwd,RHCSA Exam Tasks,lock password. CAUTION,passwd -l alice,19644,,runtime/knowledge/source/linux_master_library_v1.pdf,komendy,duplicate_existing,candidate_internal,passwd -l alice,,high
passwd -l user,passwd -l user,passwd,RHCSA Exam Tasks,Sekcja Komend,passwd -l user,19649,,runtime/knowledge/source/linux_master_library_v1.pdf,RHCSA_Command_Library.pdf,duplicate_existing,candidate_internal,passwd -l user,weak_description,high
passwd -n 7 user,passwd -n 7 user,passwd,RHCSA Exam Tasks,Sekcja Komend,passwd -n 7 user,19654,,runtime/knowledge/source/linux_master_library_v1.pdf,RHCSA_Command_Library.pdf,duplicate_existing,candidate_internal,passwd -n 7 user,weak_description,high
passwd -u,passwd -u,passwd,RHCSA Exam Tasks,Odblokowuje hasło 412,passwd -u john,19659,,runtime/knowledge/source/linux_master_library_v1.pdf,LINUX COMMAND,duplicate_existing,candidate_internal,passwd -u,,high
passwd -u user,passwd -u user,passwd,RHCSA Exam Tasks,Sekcja Komend,passwd -u user,19669,,runtime/knowledge/source/linux_master_library_v1.pdf,RHCSA_Command_Library.pdf,duplicate_existing,candidate_internal,passwd -u user,weak_description,high
passwd -w 14 user,passwd -w 14 user,passwd,RHCSA Exam Tasks,Sekcja Komend,passwd -w 14 user,19674,,runtime/knowledge/source/linux_master_library_v1.pdf,RHCSA_Command_Library.pdf,duplicate_existing,candidate_internal,passwd -w 14 user,weak_description,high
passwd -x 90 user,passwd -x 90 user,passwd,RHCSA Exam Tasks,Sekcja Komend,passwd -x 90 user,19679,,runtime/knowledge/source/linux_master_library_v1.pdf,RHCSA_Command_Library.pdf,duplicate_existing,candidate_internal,passwd -x 90 user,weak_description,high
passwd root,passwd root,passwd,RHCSA Exam Tasks,change root password. DANGEROUS linux_engineering_book.pdf,passwd root,19684,,runtime/knowledge/source/linux_master_library_v1.pdf,encyklopedia_inzynierii_linux.html | encyklopedia_inzynierii_linux.pdf | komendy | linux_engineering_book.m,duplicate_existing,candidate_internal,passwd root,,high
passwd user,passwd user,passwd,RHCSA Exam Tasks,Sekcja Komend,passwd user,19690,,runtime/knowledge/source/linux_master_library_v1.pdf,RHCSA_Command_Library.pdf,duplicate_existing,candidate_internal,passwd user,weak_description,high
passwd user1 # zmień hasło,passwd user1 # zmień hasło,passwd,RHCSA Exam Tasks,/etc/modprobe.d/bonding.conf,passwd user1 # zmień hasło,19695,,runtime/knowledge/source/linux_master_library_v1.pdf,linux_engineering_book.md | linux_engineering_book.pdf,duplicate_existing,candidate_internal,passwd user1 # zmień hasło,,high
pvcreate,pvcreate,pvcreate,RHCSA Exam Tasks,on active filesystem partition.,pvcreate /dev/sdb1 | pvcreate,19700,,runtime/knowledge/source/linux_master_library_v1.pdf,LINUX COMMAND | komendy,duplicate_existing,candidate_internal,pvcreate,,high
pvcreate /dev/sda1,pvcreate /dev/sda1,pvcreate,RHCSA Exam Tasks,initialize PV. DANGEROUS 413,pvcreate /dev/sda1,19706,,runtime/knowledge/source/linux_master_library_v1.pdf,komendy,duplicate_existing,candidate_internal,pvcreate /dev/sda1,,high
pvcreate /dev/sdb,pvcreate /dev/sdb,pvcreate,RHCSA Exam Tasks,Sekcja Komend,pvcreate /dev/sdb,19716,,runtime/knowledge/source/linux_master_library_v1.pdf,RHCSA_Command_Library.pdf,duplicate_existing,candidate_internal,pvcreate /dev/sdb,weak_description,high
pvcreate /dev/sdb /dev/sdc,pvcreate /dev/sdb /dev/sdc,pvcreate,RHCSA Exam Tasks,6.4 LVM (Logical Volume Manager),pvcreate /dev/sdb /dev/sdc,19721,,runtime/knowledge/source/linux_master_library_v1.pdf,linux_engineering_book.md | linux_engineering_book.pdf,duplicate_existing,candidate_internal,pvcreate /dev/sdb /dev/sdc,,high
pvcreate /dev/sdc,pvcreate /dev/sdc,pvcreate,RHCSA Exam Tasks,Inicjalizacja nowego fizycznego urządzenia dyskowego dla menedżera LVM,pvcreate /dev/sdc,19726,,runtime/knowledge/source/linux_master_library_v1.pdf,encyklopedia_inzynierii_linux.html | encyklopedia_inzynierii_linux.pdf,duplicate_existing,candidate_internal,pvcreate /dev/sdc,,high
restorecon,restorecon,restorecon,RHCSA Exam Tasks,Przywraca konteksty,restorecon -Rv /var/www | restorecon,19731,,runtime/knowledge/source/linux_master_library_v1.pdf,LINUX COMMAND | RHCSA_Command_Library.pdf,duplicate_existing,canonical+command_index+candidate_internal,restorecon,,high
restorecon -F,restorecon -F,restorecon,RHCSA Exam Tasks,Force reset context,restorecon -F -R /var/www,19737,,runtime/knowledge/source/linux_master_library_v1.pdf,LINUX COMMAND,duplicate_existing,candidate_internal,restorecon -F,,high
restorecon -F /path/,restorecon -F /path/,restorecon,RHCSA Exam Tasks,Sekcja Komend,restorecon -F /path/,19742,,runtime/knowledge/source/linux_master_library_v1.pdf,RHCSA_Command_Library.pdf,duplicate_existing,canonical+command_index+candidate_internal,restorecon -F /path/,weak_description,high
restorecon -R,restorecon -R,restorecon,RHCSA Exam Tasks,Rekurencyjnie,restorecon -R /home | restorecon -R,19747,,runtime/knowledge/source/linux_master_library_v1.pdf,LINUX COMMAND | RHCSA_Command_Library.pdf,duplicate_existing,canonical+command_index+candidate_internal,restorecon -R,,high
restorecon -Rv,restorecon -Rv,restorecon,RHCSA Exam Tasks,Sekcja Komend 414,restorecon -Rv,19753,,runtime/knowledge/source/linux_master_library_v1.pdf,RHCSA_Command_Library.pdf,duplicate_existing,canonical+command_index+candidate_internal,restorecon -Rv,,high
restorecon -Rv /web,restorecon -Rv /web,restorecon,RHCSA Exam Tasks,restore contexts. CAUTION,restorecon -Rv /web,19763,,runtime/knowledge/source/linux_master_library_v1.pdf,komendy,duplicate_existing,candidate_internal,restorecon -Rv /web,,high
restorecon -Rv /web # przywróć konteksty,restorecon -Rv /web # przywróć konteksty,restorecon,RHCSA Exam Tasks,9.3 SELinux,restorecon -Rv /web # przywróć konteksty,19768,,runtime/knowledge/source/linux_master_library_v1.pdf,linux_engineering_book.md | linux_engineering_book.pdf,duplicate_existing,candidate_internal,restorecon -Rv /web # przywróć konteksty,,high
restorecon -i,restorecon -i,restorecon,RHCSA Exam Tasks,Ignore errors,restorecon -i -R /var/www,19773,,runtime/knowledge/source/linux_master_library_v1.pdf,LINUX COMMAND,duplicate_existing,candidate_internal,restorecon -i,,high
restorecon -v,restorecon -v,restorecon,RHCSA Exam Tasks,Verbose,restorecon -v /etc/hosts,19778,,runtime/knowledge/source/linux_master_library_v1.pdf,LINUX COMMAND,duplicate_existing,candidate_internal,restorecon -v,,high
rpm --import,rpm --import,rpm,RHCSA Exam Tasks,Importuje klucz GPG,rpm --import /etc/pki/rpm-gpg/RPM-GPG-KEY-redhat-release,19783,,runtime/knowledge/source/linux_master_library_v1.pdf,LINUX COMMAND,duplicate_existing,canonical+command_index+candidate_internal,rpm --import,,high
rpm -Uvh,rpm -Uvh,rpm,RHCSA Exam Tasks,on running kernel without reboot plan.,rpm -Uvh,19788,,runtime/knowledge/source/linux_master_library_v1.pdf,komendy,duplicate_existing,candidate_internal,rpm -Uvh,,high
rpm -Uvh on running kernel without reboot plan.',rpm -Uvh on running kernel without reboot plan.',rpm,RHCSA Exam Tasks,Dangerous Mistakes,rpm -Uvh` on running kernel without reboot plan.,19793,,runtime/knowledge/source/linux_master_library_v1.pdf,komendy,duplicate_existing,candidate_internal,rpm -Uvh on running kernel without reboot plan.',weak_description,high
rpm -V pkg,rpm -V pkg,rpm,RHCSA Exam Tasks,verify integrity. SAFE 415,rpm -V pkg,19798,,runtime/knowledge/source/linux_master_library_v1.pdf,komendy,duplicate_existing,candidate_internal,rpm -V pkg,,high
rpm -Va,rpm -Va,rpm,RHCSA Exam Tasks,verify all installed packages. SAFE,rpm -Va,19808,,runtime/knowledge/source/linux_master_library_v1.pdf,komendy,duplicate_existing,canonical+command_index+candidate_internal,rpm -Va,,high
rpm -e,rpm -e,rpm,RHCSA Exam Tasks,Usuwa pakiet (bez zależności),rpm -e httpd,19813,,runtime/knowledge/source/linux_master_library_v1.pdf,LINUX COMMAND,duplicate_existing,candidate_internal,rpm -e,,high
rpm -ivh,rpm -ivh,rpm,RHCSA Exam Tasks,Instaluje lokalny RPM,rpm -ivh package.rpm,19818,,runtime/knowledge/source/linux_master_library_v1.pdf,LINUX COMMAND,duplicate_existing,candidate_internal,rpm -ivh,,high
rpm -ivh file.rpm,rpm -ivh file.rpm,rpm,RHCSA Exam Tasks,install local rpm. CAUTION,rpm -ivh file.rpm,19823,,runtime/knowledge/source/linux_master_library_v1.pdf,komendy,duplicate_existing,candidate_internal,rpm -ivh file.rpm,,high
rpm -ivh package.rpm # instaluj,rpm -ivh package.rpm # instaluj,rpm,RHCSA Exam Tasks,12.2 DNF/YUM (RHEL/Fedora),rpm -ivh package.rpm # instaluj,19828,,runtime/knowledge/source/linux_master_library_v1.pdf,linux_engineering_book.md | linux_engineering_book.pdf,duplicate_existing,candidate_internal,rpm -ivh package.rpm # instaluj,,high
rpm -qa,rpm -qa,rpm,RHCSA Exam Tasks,all packages. SAFE,rpm -qa \ | rpm -qa,19833,,runtime/knowledge/source/linux_master_library_v1.pdf,LINUX COMMAND | komendy,duplicate_existing,canonical+command_index+candidate_internal,rpm -qa,,high
rpm -qa #,rpm -qa #,rpm,RHCSA Exam Tasks,12.2 DNF/YUM (RHEL/Fedora),rpm -qa #,19839,,runtime/knowledge/source/linux_master_library_v1.pdf,linux_engineering_book.md | linux_engineering_book.pdf,duplicate_existing,candidate_internal,rpm -qa #,,high
rpm -qa kernel,rpm -qa kernel,rpm,RHCSA Exam Tasks,Sekcja Komend 416,rpm -qa kernel,19844,,runtime/knowledge/source/linux_master_library_v1.pdf,RHCSA_Command_Library.pdf,duplicate_existing,canonical+command_index+candidate_internal,rpm -qa kernel,,high
rpm -qf,rpm -qf,rpm,RHCSA Exam Tasks,Który pakiet zawiera plik,rpm -qf /bin/bash,19854,,runtime/knowledge/source/linux_master_library_v1.pdf,LINUX COMMAND,duplicate_existing,canonical+command_index+candidate_internal,rpm -qf,,high
rpm -qf /path/file,rpm -qf /path/file,rpm,RHCSA Exam Tasks,file owner. SAFE,rpm -qf /path/file,19859,,runtime/knowledge/source/linux_master_library_v1.pdf,komendy,duplicate_existing,candidate_internal,rpm -qf /path/file,,high
rpm -qf /path/to/file # który pakiet,rpm -qf /path/to/file # który pakiet,rpm,RHCSA Exam Tasks,12.2 DNF/YUM (RHEL/Fedora),rpm -qf /path/to/file # który pakiet,19864,,runtime/knowledge/source/linux_master_library_v1.pdf,linux_engineering_book.md | linux_engineering_book.pdf,duplicate_existing,candidate_internal,rpm -qf /path/to/file # który pakiet,,high
rpm -qi,rpm -qi,rpm,RHCSA Exam Tasks,Info o pakiecie,rpm -qi httpd,19869,,runtime/knowledge/source/linux_master_library_v1.pdf,LINUX COMMAND,duplicate_existing,candidate_internal,rpm -qi,,high
rpm -ql,rpm -ql,rpm,RHCSA Exam Tasks,Pliki w pakiecie,rpm -ql httpd,19874,,runtime/knowledge/source/linux_master_library_v1.pdf,LINUX COMMAND,duplicate_existing,candidate_internal,rpm -ql,,high
rpm -ql package # pliki pakietu,rpm -ql package # pliki pakietu,rpm,RHCSA Exam Tasks,12.2 DNF/YUM (RHEL/Fedora),rpm -ql package # pliki pakietu,19879,,runtime/knowledge/source/linux_master_library_v1.pdf,linux_engineering_book.md | linux_engineering_book.pdf,duplicate_existing,candidate_internal,rpm -ql package # pliki pakietu,,high
rpm -ql pkg,rpm -ql pkg,rpm,RHCSA Exam Tasks,package files. SAFE,rpm -ql pkg,19884,,runtime/knowledge/source/linux_master_library_v1.pdf,komendy,duplicate_existing,candidate_internal,rpm -ql pkg,,high
rsync,rsync,rsync,RHCSA Exam Tasks,Synchronizacja (różnicowa) 417,rsync -avz /src/ /dest/ | rsync -avz --delete /src/ user@server:/dest/,19889,,runtime/knowledge/source/linux_master_library_v1.pdf,LINUX COMMAND,duplicate_existing,canonical+command_index+candidate_internal,rsync,,high
rsync --backup,rsync --backup,rsync,RHCSA Exam Tasks,Backup changed files,rsync --backup /src/ /dest/,19900,,runtime/knowledge/source/linux_master_library_v1.pdf,LINUX COMMAND,duplicate_existing,candidate_internal,rsync --backup,,high
rsync --bwlimit,rsync --bwlimit,rsync,RHCSA Exam Tasks,Bandwidth limit,rsync --bwlimit=1000 /src/ /dest/,19905,,runtime/knowledge/source/linux_master_library_v1.pdf,LINUX COMMAND,duplicate_existing,candidate_internal,rsync --bwlimit,,high
rsync --delete,rsync --delete,rsync,RHCSA Exam Tasks,Usuwa pliki nieistniejące w źródle,rsync -avz --delete /src/ /dest/ | rsync --delete /src/ /dest/,19910,,runtime/knowledge/source/linux_master_library_v1.pdf,LINUX COMMAND,duplicate_existing,candidate_internal,rsync --delete,,high
rsync --dry-run,rsync --dry-run,rsync,RHCSA Exam Tasks,"flags: , , .",rsync --dry-run -avz /src/ /dest/ | rsync --dry-run,19916,,runtime/knowledge/source/linux_master_library_v1.pdf,LINUX COMMAND | komendy,duplicate_existing,candidate_internal,rsync --dry-run,,high
rsync --exclude,rsync --exclude,rsync,RHCSA Exam Tasks,Exclude pattern,rsync --exclude='*.tmp' /src/ /dest/,19922,,runtime/knowledge/source/linux_master_library_v1.pdf,LINUX COMMAND,duplicate_existing,candidate_internal,rsync --exclude,,high
rsync --inplace,rsync --inplace,rsync,RHCSA Exam Tasks,Atomic updates with or .,rsync --inplace /src/ /dest/ | rsync --inplace,19927,,runtime/knowledge/source/linux_master_library_v1.pdf,LINUX COMMAND | komendy,duplicate_existing,candidate_internal,rsync --inplace,,high
rsync --link-dest,rsync --link-dest,rsync,RHCSA Exam Tasks,Hardlink backups,rsync --link-dest=/prev /src/ /dest/,19933,,runtime/knowledge/source/linux_master_library_v1.pdf,LINUX COMMAND,duplicate_existing,candidate_internal,rsync --link-dest,,high
rsync --partial,rsync --partial,rsync,RHCSA Exam Tasks,Resume partial 418,rsync --partial /src/ /dest/,19938,,runtime/knowledge/source/linux_master_library_v1.pdf,LINUX COMMAND,duplicate_existing,candidate_internal,rsync --partial,,high
rsync --progress,rsync --progress,rsync,RHCSA Exam Tasks,Show progress,rsync --progress /src/ /dest/,19948,,runtime/knowledge/source/linux_master_library_v1.pdf,LINUX COMMAND,duplicate_existing,candidate_internal,rsync --progress,,high
rsync -a /backup/ /,rsync -a /backup/ /,rsync,RHCSA Exam Tasks,restoring without verification.,rsync -a /backup/ /,19953,,runtime/knowledge/source/linux_master_library_v1.pdf,komendy,duplicate_existing,candidate_internal,rsync -a /backup/ /,,high
rsync -a /backup/ / restoring without verification.',rsync -a /backup/ / restoring without verification.',rsync,RHCSA Exam Tasks,Dangerous Mistakes,rsync -a /backup/ /` restoring without verification.,19958,,runtime/knowledge/source/linux_master_library_v1.pdf,komendy,duplicate_existing,candidate_internal,rsync -a /backup/ / restoring without verification.',weak_description,high
rsync -av --dry-run,rsync -av --dry-run,rsync,RHCSA Exam Tasks,before real sync.,rsync -av --dry-run,19963,,runtime/knowledge/source/linux_master_library_v1.pdf,komendy,duplicate_existing,candidate_internal,rsync -av --dry-run,,high
rsync -av --dry-run before real sync.',rsync -av --dry-run before real sync.',rsync,RHCSA Exam Tasks,Production-Safe Patterns,rsync -av --dry-run` before real sync.,19968,,runtime/knowledge/source/linux_master_library_v1.pdf,komendy,duplicate_existing,candidate_internal,rsync -av --dry-run before real sync.',,high
rsync -av /backup/ /,rsync -av /backup/ /,rsync,RHCSA Exam Tasks,restore from backup. DANGEROUS (overwrites live system),rsync -av /backup/ /,19973,,runtime/knowledge/source/linux_master_library_v1.pdf,komendy,duplicate_existing,candidate_internal,rsync -av /backup/ /,,high
rsync -avz,rsync -avz,rsync,RHCSA Exam Tasks,"Archive, verbose, compress",rsync -avz /src/ /dest/,19978,,runtime/knowledge/source/linux_master_library_v1.pdf,LINUX COMMAND,duplicate_existing,canonical+command_index+candidate_internal,rsync -avz,,high
rsync -avz --delete /source/ /dest/ # mirror (usuń nadmiarowe),rsync -avz --delete /source/ /dest/ # mirror (usuń nadmiarowe),rsync,RHCSA Exam Tasks,419,rsync — synchronizacja plików | rsync -avz --delete /source/ /dest/ # mirror (usuń nadmiarowe),19983,,runtime/knowledge/source/linux_master_library_v1.pdf,linux_engineering_book.md | linux_engineering_book.pdf,duplicate_existing,candidate_internal,rsync -avz --delete /source/ /dest/ # mirror (usuń nadmiarowe),,high
rsync -avz --delete src/ dest/,rsync -avz --delete src/ dest/,rsync,RHCSA Exam Tasks,sync with deletion. DANGEROUS,rsync -avz --delete src/ dest/,19993,,runtime/knowledge/source/linux_master_library_v1.pdf,komendy,duplicate_existing,candidate_internal,rsync -avz --delete src/ dest/,,high
rsync -avz --exclude='*.log' /source/ /dest/,rsync -avz --exclude='*.log' /source/ /dest/,rsync,RHCSA Exam Tasks,,rsync — synchronizacja plików | rsync -avz --exclude='*.log' /source/ /dest/,19998,,runtime/knowledge/source/linux_master_library_v1.pdf,linux_engineering_book.md | linux_engineering_book.pdf,duplicate_existing,candidate_internal,rsync -avz --exclude='*.log' /source/ /dest/,,high
"rsync -avz -e ""ssh -p 2222"" /local/ user@host:/remote/","rsync -avz -e ""ssh -p 2222"" /local/ user@host:/remote/",rsync,RHCSA Exam Tasks,sync over SSH. CAUTION,"rsync -avz -e ""ssh -p 2222"" /local/ user@host:/remote/",20003,,runtime/knowledge/source/linux_master_library_v1.pdf,komendy,duplicate_existing,candidate_internal,"rsync -avz -e ""ssh -p 2222"" /local/ user@host:/remote/",,high
rsync -avz -e ssh /source/ user@host:/dest/ # zdalna kopia,rsync -avz -e ssh /source/ user@host:/dest/ # zdalna kopia,rsync,RHCSA Exam Tasks,,rsync — synchronizacja plików | rsync -avz -e ssh /source/ user@host:/dest/ # zdalna kopia,20008,,runtime/knowledge/source/linux_master_library_v1.pdf,linux_engineering_book.md | linux_engineering_book.pdf,duplicate_existing,candidate_internal,rsync -avz -e ssh /source/ user@host:/dest/ # zdalna kopia,,high
rsync -avz /source/ /destination/ # lokalna kopia,rsync -avz /source/ /destination/ # lokalna kopia,rsync,RHCSA Exam Tasks,,rsync — synchronizacja plików | rsync -avz /source/ /destination/ # lokalna kopia,20013,,runtime/knowledge/source/linux_master_library_v1.pdf,linux_engineering_book.md | linux_engineering_book.pdf,duplicate_existing,candidate_internal,rsync -avz /source/ /destination/ # lokalna kopia,,high
rsync -e ssh,rsync -e ssh,rsync,RHCSA Exam Tasks,Rsync przez SSH,"rsync -avz -e ""ssh -p 2222"" /src/ host:/dest/",20018,,runtime/knowledge/source/linux_master_library_v1.pdf,LINUX COMMAND,duplicate_existing,candidate_internal,rsync -e ssh,,high
semanage boolean,semanage boolean,semanage,RHCSA Exam Tasks,Lista boole’ów,semanage boolean -l,20023,,runtime/knowledge/source/linux_master_library_v1.pdf,LINUX COMMAND,duplicate_existing,candidate_internal,semanage boolean,,high
semanage boolean -C,semanage boolean -C,semanage,RHCSA Exam Tasks,Custom booleans 420,semanage boolean -C -l,20028,,runtime/knowledge/source/linux_master_library_v1.pdf,LINUX COMMAND,duplicate_existing,candidate_internal,semanage boolean -C,,high
semanage boolean -D,semanage boolean -D,semanage,RHCSA Exam Tasks,Delete custom boolean,semanage boolean -D,20038,,runtime/knowledge/source/linux_master_library_v1.pdf,LINUX COMMAND,duplicate_existing,candidate_internal,semanage boolean -D,,high
semanage boolean -l,semanage boolean -l,semanage,RHCSA Exam Tasks,List booleans,semanage boolean -l,20043,,runtime/knowledge/source/linux_master_library_v1.pdf,LINUX COMMAND | RHCSA_Command_Library.pdf,duplicate_existing,canonical+command_index+candidate_internal,semanage boolean -l,,high
semanage boolean -m,semanage boolean -m,semanage,RHCSA Exam Tasks,Modify boolean,semanage boolean -m -1 httpd_enable_homedirs,20048,,runtime/knowledge/source/linux_master_library_v1.pdf,LINUX COMMAND,duplicate_existing,candidate_internal,semanage boolean -m,,high
semanage dontaudit,semanage dontaudit,semanage,RHCSA Exam Tasks,Toggle dontaudit,semanage dontaudit off,20053,,runtime/knowledge/source/linux_master_library_v1.pdf,LINUX COMMAND,duplicate_existing,candidate_internal,semanage dontaudit,,high
semanage export,semanage export,semanage,RHCSA Exam Tasks,Export config,semanage export -f backup.conf,20058,,runtime/knowledge/source/linux_master_library_v1.pdf,LINUX COMMAND,duplicate_existing,candidate_internal,semanage export,,high
semanage fcontext,semanage fcontext,semanage,RHCSA Exam Tasks,Konteksty plików,"semanage fcontext -a -t httpd_sys_content_t ""/web(/.*)?""",20063,,runtime/knowledge/source/linux_master_library_v1.pdf,LINUX COMMAND,duplicate_existing,candidate_internal,semanage fcontext,,high
semanage fcontext -C,semanage fcontext -C,semanage,RHCSA Exam Tasks,Local customizations,semanage fcontext -C -l,20068,,runtime/knowledge/source/linux_master_library_v1.pdf,LINUX COMMAND,duplicate_existing,candidate_internal,semanage fcontext -C,,high
semanage fcontext -a,semanage fcontext -a,semanage,RHCSA Exam Tasks,Sekcja Komend 421,"semanage fcontext -a -t httpd_sys_content_t ""/web(/.*)?"" | semanage fcontext -a",20073,,runtime/knowledge/source/linux_master_library_v1.pdf,LINUX COMMAND | RHCSA_Command_Library.pdf,duplicate_existing,canonical+command_index+candidate_internal,semanage fcontext -a,,high
"semanage fcontext -a -t httpd_sys_content_t ""/web(/.*)?""","semanage fcontext -a -t httpd_sys_content_t ""/web(/.*)?""",semanage,RHCSA Exam Tasks,add context rule. CAUTION,"semanage fcontext -a -t httpd_sys_content_t ""/web(/.*)?""",20084,,runtime/knowledge/source/linux_master_library_v1.pdf,komendy | linux_engineering_book.md | linux_engineering_book.pdf,duplicate_existing,candidate_internal,"semanage fcontext -a -t httpd_sys_content_t ""/web(/.*)?""",,high
semanage fcontext -d,semanage fcontext -d,semanage,RHCSA Exam Tasks,Delete fcontext,"semanage fcontext -d ""/web(/.*)?"" | semanage fcontext -d",20089,,runtime/knowledge/source/linux_master_library_v1.pdf,LINUX COMMAND | RHCSA_Command_Library.pdf,duplicate_existing,canonical+command_index+candidate_internal,semanage fcontext -d,,high
semanage fcontext -l,semanage fcontext -l,semanage,RHCSA Exam Tasks,file context rules. SAFE,semanage fcontext -l,20095,,runtime/knowledge/source/linux_master_library_v1.pdf,LINUX COMMAND | RHCSA_Command_Library.pdf | komendy,duplicate_existing,canonical+command_index+candidate_internal,semanage fcontext -l,,high
semanage fcontext -m,semanage fcontext -m,semanage,RHCSA Exam Tasks,Modify fcontext,"semanage fcontext -m -t public_content_t ""/web(/.*)?"" | semanage fcontext -m",20100,,runtime/knowledge/source/linux_master_library_v1.pdf,LINUX COMMAND | RHCSA_Command_Library.pdf,duplicate_existing,canonical+command_index+candidate_internal,semanage fcontext -m,,high
semanage ibendport -a,semanage ibendport -a,semanage,RHCSA Exam Tasks,Add ibendport,semanage ibendport -a -t ibendport_t mlx4_0 1,20106,,runtime/knowledge/source/linux_master_library_v1.pdf,LINUX COMMAND,duplicate_existing,candidate_internal,semanage ibendport -a,,high
semanage ibpkey -a,semanage ibpkey -a,semanage,RHCSA Exam Tasks,Add ibpkey,semanage ibpkey -a -t ibpkey_t fe80:: 1,20111,,runtime/knowledge/source/linux_master_library_v1.pdf,LINUX COMMAND,duplicate_existing,candidate_internal,semanage ibpkey -a,,high
semanage import,semanage import,semanage,RHCSA Exam Tasks,Import config,semanage import -f backup.conf,20116,,runtime/knowledge/source/linux_master_library_v1.pdf,LINUX COMMAND,duplicate_existing,candidate_internal,semanage import,,high
semanage interface -a,semanage interface -a,semanage,RHCSA Exam Tasks,Add interface 422,semanage interface -a -t netif_t eth1,20121,,runtime/knowledge/source/linux_master_library_v1.pdf,LINUX COMMAND,duplicate_existing,candidate_internal,semanage interface -a,,high
semanage login,semanage login,semanage,RHCSA Exam Tasks,Mapowanie użytkowników,semanage login -l,20131,,runtime/knowledge/source/linux_master_library_v1.pdf,LINUX COMMAND,duplicate_existing,candidate_internal,semanage login,,high
semanage login -a,semanage login -a,semanage,RHCSA Exam Tasks,Add login mapping,semanage login -a -s user_u john,20136,,runtime/knowledge/source/linux_master_library_v1.pdf,LINUX COMMAND,duplicate_existing,candidate_internal,semanage login -a,,high
semanage login -d,semanage login -d,semanage,RHCSA Exam Tasks,Delete login mapping,semanage login -d john,20141,,runtime/knowledge/source/linux_master_library_v1.pdf,LINUX COMMAND,duplicate_existing,candidate_internal,semanage login -d,,high
semanage login -l,semanage login -l,semanage,RHCSA Exam Tasks,login mappings. SAFE,semanage login -l,20146,,runtime/knowledge/source/linux_master_library_v1.pdf,LINUX COMMAND | komendy,duplicate_existing,canonical+command_index+candidate_internal,semanage login -l,,high
semanage login -m,semanage login -m,semanage,RHCSA Exam Tasks,Modify login mapping,semanage login -m -s staff_u john,20151,,runtime/knowledge/source/linux_master_library_v1.pdf,LINUX COMMAND,duplicate_existing,candidate_internal,semanage login -m,,high
semanage module -a,semanage module -a,semanage,RHCSA Exam Tasks,Add module,semanage module -a mymodule,20156,,runtime/knowledge/source/linux_master_library_v1.pdf,LINUX COMMAND,duplicate_existing,candidate_internal,semanage module -a,,high
semanage module -d,semanage module -d,semanage,RHCSA Exam Tasks,Delete module,semanage module -d mymodule,20161,,runtime/knowledge/source/linux_master_library_v1.pdf,LINUX COMMAND,duplicate_existing,candidate_internal,semanage module -d,,high
semanage module -l,semanage module -l,semanage,RHCSA Exam Tasks,List modules 423,semanage module -l,20166,,runtime/knowledge/source/linux_master_library_v1.pdf,LINUX COMMAND,duplicate_existing,candidate_internal,semanage module -l,,high
semanage node -a,semanage node -a,semanage,RHCSA Exam Tasks,Add node,semanage node -a -t node_t -M 255.255.255.255 192.168.1.0,20176,,runtime/knowledge/source/linux_master_library_v1.pdf,LINUX COMMAND,duplicate_existing,candidate_internal,semanage node -a,,high
semanage permissive -a,semanage permissive -a,semanage,RHCSA Exam Tasks,Add permissive type,semanage permissive -a httpd_t,20181,,runtime/knowledge/source/linux_master_library_v1.pdf,LINUX COMMAND,duplicate_existing,candidate_internal,semanage permissive -a,,high
semanage permissive -d,semanage permissive -d,semanage,RHCSA Exam Tasks,Delete permissive type,semanage permissive -d httpd_t,20186,,runtime/knowledge/source/linux_master_library_v1.pdf,LINUX COMMAND,duplicate_existing,candidate_internal,semanage permissive -d,,high
semanage permissive -l,semanage permissive -l,semanage,RHCSA Exam Tasks,List permissive types,semanage permissive -l,20191,,runtime/knowledge/source/linux_master_library_v1.pdf,LINUX COMMAND,duplicate_existing,candidate_internal,semanage permissive -l,,high
semanage port,semanage port,semanage,RHCSA Exam Tasks,Mapowanie portów,semanage port -a -t http_port_t -p tcp 8080,20196,,runtime/knowledge/source/linux_master_library_v1.pdf,LINUX COMMAND,duplicate_existing,candidate_internal,semanage port,,high
semanage port -C,semanage port -C,semanage,RHCSA Exam Tasks,Custom ports,semanage port -C -l,20201,,runtime/knowledge/source/linux_master_library_v1.pdf,LINUX COMMAND,duplicate_existing,candidate_internal,semanage port -C,,high
semanage port -a,semanage port -a,semanage,RHCSA Exam Tasks,Add port,semanage port -a -t http_port_t -p tcp 8080,20206,,runtime/knowledge/source/linux_master_library_v1.pdf,LINUX COMMAND,duplicate_existing,candidate_internal,semanage port -a,,high
semanage port -a -t,semanage port -a -t,semanage,RHCSA Exam Tasks,grep Typy SELinux dla httpd 424,semanage port -a -t,20211,,runtime/knowledge/source/linux_master_library_v1.pdf,RHCSA_Command_Library.pdf,duplicate_existing,canonical+command_index+candidate_internal,semanage port -a -t,,high
semanage port -d,semanage port -d,semanage,RHCSA Exam Tasks,Delete port,semanage port -d -p tcp 8080,20221,,runtime/knowledge/source/linux_master_library_v1.pdf,LINUX COMMAND,duplicate_existing,candidate_internal,semanage port -d,,high
semanage port -d -t,semanage port -d -t,semanage,RHCSA Exam Tasks,Sekcja Komend,semanage port -d -t,20226,,runtime/knowledge/source/linux_master_library_v1.pdf,RHCSA_Command_Library.pdf,duplicate_existing,canonical+command_index+candidate_internal,semanage port -d -t,weak_description,high
semanage port -l,semanage port -l,semanage,RHCSA Exam Tasks,Porty dla usugi http seinfo -r Informacje o rolach SELinux,semanage port -l,20231,,runtime/knowledge/source/linux_master_library_v1.pdf,LINUX COMMAND | RHCSA_Command_Library.pdf,duplicate_existing,canonical+command_index+candidate_internal,semanage port -l,,high
semanage port -m,semanage port -m,semanage,RHCSA Exam Tasks,Modify port,semanage port -m -t http_port_t -p tcp 8080,20236,,runtime/knowledge/source/linux_master_library_v1.pdf,LINUX COMMAND,duplicate_existing,candidate_internal,semanage port -m,,high
semanage port -m -t,semanage port -m -t,semanage,RHCSA Exam Tasks,Sekcja Komend,semanage port -m -t,20241,,runtime/knowledge/source/linux_master_library_v1.pdf,RHCSA_Command_Library.pdf,duplicate_existing,canonical+command_index+candidate_internal,semanage port -m -t,weak_description,high
semanage translate,semanage translate,semanage,RHCSA Exam Tasks,Translate context,semanage translate -T httpd_t,20246,,runtime/knowledge/source/linux_master_library_v1.pdf,LINUX COMMAND,duplicate_existing,candidate_internal,semanage translate,,high
semanage user,semanage user,semanage,RHCSA Exam Tasks,Użytkownicy SELinux,semanage user -l,20251,,runtime/knowledge/source/linux_master_library_v1.pdf,LINUX COMMAND,duplicate_existing,candidate_internal,semanage user,,high
semanage user -a,semanage user -a,semanage,RHCSA Exam Tasks,Add SELinux user 425,"semanage user -a -R ""staff_r sysadm_r"" -r s0-s0:c0.c1023 staff_u",20256,,runtime/knowledge/source/linux_master_library_v1.pdf,LINUX COMMAND,duplicate_existing,candidate_internal,semanage user -a,,high
semanage user -d,semanage user -d,semanage,RHCSA Exam Tasks,Delete SELinux user,semanage user -d staff_u,20266,,runtime/knowledge/source/linux_master_library_v1.pdf,LINUX COMMAND,duplicate_existing,candidate_internal,semanage user -d,,high
semanage user -l,semanage user -l,semanage,RHCSA Exam Tasks,List SELinux users,semanage user -l,20271,,runtime/knowledge/source/linux_master_library_v1.pdf,LINUX COMMAND,duplicate_existing,canonical+command_index+candidate_internal,semanage user -l,,high
semanage user -m,semanage user -m,semanage,RHCSA Exam Tasks,Modify SELinux user,"semanage user -m -R ""staff_r"" staff_u",20276,,runtime/knowledge/source/linux_master_library_v1.pdf,LINUX COMMAND,duplicate_existing,candidate_internal,semanage user -m,,high
setfacl,setfacl,setfacl,RHCSA Exam Tasks,Ustawia ACL,setfacl -m u:john:rw file.txt,20281,,runtime/knowledge/source/linux_master_library_v1.pdf,LINUX COMMAND,duplicate_existing,candidate_internal,setfacl,,high
setfacl --set-file=-,setfacl --set-file=-,setfacl,RHCSA Exam Tasks,Sekcja Komend,setfacl --set-file=-,20286,,runtime/knowledge/source/linux_master_library_v1.pdf,RHCSA_Command_Library.pdf,duplicate_existing,candidate_internal,setfacl --set-file=-,weak_description,high
setfacl -R,setfacl -R,setfacl,RHCSA Exam Tasks,Rekurencyjne ACL,setfacl -R -m u:john:rx /shared,20291,,runtime/knowledge/source/linux_master_library_v1.pdf,LINUX COMMAND,duplicate_existing,candidate_internal,setfacl -R,,high
setfacl -R -m d:u:alice:rwx dir,setfacl -R -m d:u:alice:rwx dir,setfacl,RHCSA Exam Tasks,default ACL recursive. CAUTION,setfacl -R -m d:u:alice:rwx dir,20296,,runtime/knowledge/source/linux_master_library_v1.pdf,komendy,duplicate_existing,candidate_internal,setfacl -R -m d:u:alice:rwx dir,,high
setfacl -b,setfacl -b,setfacl,RHCSA Exam Tasks,Usuwa wszystkie ACL 426,setfacl -b file.txt,20301,,runtime/knowledge/source/linux_master_library_v1.pdf,LINUX COMMAND,duplicate_existing,candidate_internal,setfacl -b,,high
setfacl -b file,setfacl -b file,setfacl,RHCSA Exam Tasks,remove all ACLs. CAUTION,setfacl -b file,20311,,runtime/knowledge/source/linux_master_library_v1.pdf,komendy,duplicate_existing,candidate_internal,setfacl -b file,,high
setfacl -b file # usuń wszystkie,setfacl -b file # usuń wszystkie,setfacl,RHCSA Exam Tasks,ACL (Access Control Lists),setfacl -b file # usuń wszystkie,20316,,runtime/knowledge/source/linux_master_library_v1.pdf,linux_engineering_book.md | linux_engineering_book.pdf,duplicate_existing,candidate_internal,setfacl -b file # usuń wszystkie,,high
setfacl -d,setfacl -d,setfacl,RHCSA Exam Tasks,Domyślne ACL (katalogi),setfacl -d -m u:john:rx /shared,20321,,runtime/knowledge/source/linux_master_library_v1.pdf,LINUX COMMAND,duplicate_existing,candidate_internal,setfacl -d,,high
setfacl -d -m g:sec_auditors:rX /var/log/audit/,setfacl -d -m g:sec_auditors:rX /var/log/audit/,setfacl,RHCSA Exam Tasks,"Ustawienie domyślnej maski ACL (Inheritance), aby każdy nowy plik automatycznie dziedziczył dostęp",setfacl -d -m g:sec_auditors:rX /var/log/audit/,20326,,runtime/knowledge/source/linux_master_library_v1.pdf,encyklopedia_inzynierii_linux.html | encyklopedia_inzynierii_linux.pdf,duplicate_existing,candidate_internal,setfacl -d -m g:sec_auditors:rX /var/log/audit/,,high
setfacl -m,setfacl -m,setfacl,RHCSA Exam Tasks,Modyfikuje ACL,setfacl -m g:developers:rwx dir,20331,,runtime/knowledge/source/linux_master_library_v1.pdf,LINUX COMMAND,duplicate_existing,candidate_internal,setfacl -m,,high
setfacl -m g:devs:rx file #,setfacl -m g:devs:rx file #,setfacl,RHCSA Exam Tasks,ACL (Access Control Lists),setfacl -m g:devs:rx file #,20336,,runtime/knowledge/source/linux_master_library_v1.pdf,linux_engineering_book.md | linux_engineering_book.pdf,duplicate_existing,candidate_internal,setfacl -m g:devs:rx file #,,high
setfacl -m g:sec_auditors:rwX /var/log/audit/,setfacl -m g:sec_auditors:rwX /var/log/audit/,setfacl,RHCSA Exam Tasks,Nadanie uprawnień odczytu i zapisu dla konkretnej grupy audytorów do katalogu logów,setfacl -m g:sec_auditors:rwX /var/log/audit/,20341,,runtime/knowledge/source/linux_master_library_v1.pdf,encyklopedia_inzynierii_linux.html | encyklopedia_inzynierii_linux.pdf,duplicate_existing,candidate_internal,setfacl -m g:sec_auditors:rwX /var/log/audit/,,high
setfacl -m u:alice:rw file,setfacl -m u:alice:rw file,setfacl,RHCSA Exam Tasks,grant user read-write. CAUTION 427,setfacl -m u:alice:rw file,20346,,runtime/knowledge/source/linux_master_library_v1.pdf,komendy,duplicate_existing,candidate_internal,setfacl -m u:alice:rw file,,high
setfacl -m u:user1:rwx file # dodaj,setfacl -m u:user1:rwx file # dodaj,setfacl,RHCSA Exam Tasks,ACL (Access Control Lists),setfacl -m u:user1:rwx file # dodaj,20356,,runtime/knowledge/source/linux_master_library_v1.pdf,linux_engineering_book.md | linux_engineering_book.pdf,duplicate_existing,candidate_internal,setfacl -m u:user1:rwx file # dodaj,,high
setfacl -x,setfacl -x,setfacl,RHCSA Exam Tasks,Usuwa wpis ACL,setfacl -x u:john file.txt,20361,,runtime/knowledge/source/linux_master_library_v1.pdf,LINUX COMMAND,duplicate_existing,candidate_internal,setfacl -x,,high
setsebool,setsebool,setsebool,RHCSA Exam Tasks,Set boolean (temp),setsebool httpd_enable_homedirs on | setsebool httpd_enable_homedirs 1,20366,,runtime/knowledge/source/linux_master_library_v1.pdf,LINUX COMMAND,duplicate_existing,command_index+candidate_internal,setsebool,,high
setsebool -P,setsebool -P,setsebool,RHCSA Exam Tasks,Persist boolean,setsebool -P httpd_enable_homedirs on | setsebool -P httpd_enable_homedirs 1,20372,,runtime/knowledge/source/linux_master_library_v1.pdf,LINUX COMMAND,duplicate_existing,canonical+command_index+candidate_internal,setsebool -P,,high
setsebool -P httpd_can_network_connect on # boolean,setsebool -P httpd_can_network_connect on # boolean,setsebool,RHCSA Exam Tasks,9.3 SELinux,setsebool -P httpd_can_network_connect on # boolean,20378,,runtime/knowledge/source/linux_master_library_v1.pdf,linux_engineering_book.md | linux_engineering_book.pdf,duplicate_existing,candidate_internal,setsebool -P httpd_can_network_connect on # boolean,,high
setsebool -P httpd_enable_homedirs on,setsebool -P httpd_enable_homedirs on,setsebool,RHCSA Exam Tasks,persistent boolean. CAUTION,setsebool -P httpd_enable_homedirs on,20383,,runtime/knowledge/source/linux_master_library_v1.pdf,komendy,duplicate_existing,candidate_internal,setsebool -P httpd_enable_homedirs on,,high
ssh,ssh,ssh,RHCSA Exam Tasks,Zdalna powłoka,ssh user@server,20388,,runtime/knowledge/source/linux_master_library_v1.pdf,LINUX COMMAND,duplicate_existing,command_index+candidate_internal,ssh,,high
"ssh $host ""uptime"" &","ssh $host ""uptime"" &",ssh,RHCSA Exam Tasks,28.1 Bash — Zaawansowane Techniki 428,"ssh $host ""uptime"" &",20393,,runtime/knowledge/source/linux_master_library_v1.pdf,linux_engineering_book.md | linux_engineering_book.pdf,duplicate_existing,candidate_internal,"ssh $host ""uptime"" &",,high
ssh -A user@host,ssh -A user@host,ssh,RHCSA Exam Tasks,Sekcja Komend,ssh -A user@host,20403,,runtime/knowledge/source/linux_master_library_v1.pdf,RHCSA_Command_Library.pdf,duplicate_existing,canonical+command_index+candidate_internal,ssh -A user@host,weak_description,high
ssh -D,ssh -D,ssh,RHCSA Exam Tasks,Dynamiczny SOCKS proxy,ssh -D 1080 user@server,20408,,runtime/knowledge/source/linux_master_library_v1.pdf,LINUX COMMAND,duplicate_existing,canonical+command_index+candidate_internal,ssh -D,,high
ssh -D,ssh -D,ssh,RHCSA Exam Tasks,Sekcja Komend,ssh -D 1080,20413,,runtime/knowledge/source/linux_master_library_v1.pdf,RHCSA_Command_Library.pdf,duplicate_existing,canonical+command_index+candidate_internal,ssh -D,weak_description,high
ssh -D 1080 user@host,ssh -D 1080 user@host,ssh,RHCSA Exam Tasks,dynamic SOCKS proxy. CAUTION,ssh -D 1080 user@host,20418,,runtime/knowledge/source/linux_master_library_v1.pdf,komendy,duplicate_existing,candidate_internal,ssh -D 1080 user@host,,high
ssh -J bastion user@internal,ssh -J bastion user@internal,ssh,RHCSA Exam Tasks,jump host. SAFE,ssh -J bastion user@internal,20423,,runtime/knowledge/source/linux_master_library_v1.pdf,komendy,duplicate_existing,candidate_internal,ssh -J bastion user@internal,,high
ssh -J jumphost,ssh -J jumphost,ssh,RHCSA Exam Tasks,Sekcja Komend,ssh -J jumphost,20428,,runtime/knowledge/source/linux_master_library_v1.pdf,RHCSA_Command_Library.pdf,duplicate_existing,canonical+command_index+candidate_internal,ssh -J jumphost,weak_description,high
ssh -L,ssh -L,ssh,RHCSA Exam Tasks,Lokalny port forwarding,ssh -L 8080:localhost:80 user@server | ssh -L,20433,,runtime/knowledge/source/linux_master_library_v1.pdf,LINUX COMMAND | RHCSA_Command_Library.pdf,duplicate_existing,canonical+command_index+candidate_internal,ssh -L,,high
ssh -L 8080:localhost:80 user@host,ssh -L 8080:localhost:80 user@host,ssh,RHCSA Exam Tasks,local port forward. CAUTION 429,ssh -L 8080:localhost:80 user@host,20439,,runtime/knowledge/source/linux_master_library_v1.pdf,komendy,duplicate_existing,candidate_internal,ssh -L 8080:localhost:80 user@host,,high
ssh -N -f -L,ssh -N -f -L,ssh,RHCSA Exam Tasks,Sekcja Komend,ssh -N -f -L,20449,,runtime/knowledge/source/linux_master_library_v1.pdf,RHCSA_Command_Library.pdf,duplicate_existing,canonical+command_index+candidate_internal,ssh -N -f -L,weak_description,high
ssh -R,ssh -R,ssh,RHCSA Exam Tasks,Zdalny port forwarding,ssh -R 9090:localhost:3000 user@server | ssh -R,20454,,runtime/knowledge/source/linux_master_library_v1.pdf,LINUX COMMAND | RHCSA_Command_Library.pdf,duplicate_existing,canonical+command_index+candidate_internal,ssh -R,,high
ssh -R 9090:localhost:3000 user@host,ssh -R 9090:localhost:3000 user@host,ssh,RHCSA Exam Tasks,remote port forward. CAUTION,ssh -R 9090:localhost:3000 user@host,20460,,runtime/knowledge/source/linux_master_library_v1.pdf,komendy,duplicate_existing,candidate_internal,ssh -R 9090:localhost:3000 user@host,,high
ssh -X,ssh -X,ssh,RHCSA Exam Tasks,X11 forwarding,ssh -X user@server,20465,,runtime/knowledge/source/linux_master_library_v1.pdf,LINUX COMMAND,duplicate_existing,candidate_internal,ssh -X,,high
ssh -X user@host,ssh -X user@host,ssh,RHCSA Exam Tasks,Sekcja Komend,ssh -X user@host,20470,,runtime/knowledge/source/linux_master_library_v1.pdf,RHCSA_Command_Library.pdf,duplicate_existing,canonical+command_index+candidate_internal,ssh -X user@host,weak_description,high
ssh -i,ssh -i,ssh,RHCSA Exam Tasks,Klucz prywatny,ssh -i ~/.ssh/id_rsa user@server | ssh -i,20475,,runtime/knowledge/source/linux_master_library_v1.pdf,LINUX COMMAND | RHCSA_Command_Library.pdf,duplicate_existing,canonical+command_index+candidate_internal,ssh -i,,high
ssh -i ~/.ssh/id_ed25519 user@host,ssh -i ~/.ssh/id_ed25519 user@host,ssh,RHCSA Exam Tasks,specific key. SAFE,ssh -i ~/.ssh/id_ed25519 user@host,20481,,runtime/knowledge/source/linux_master_library_v1.pdf,komendy,duplicate_existing,candidate_internal,ssh -i ~/.ssh/id_ed25519 user@host,,high
ssh -o,ssh -o,ssh,RHCSA Exam Tasks,bypass host key check. DANGEROUS 430,ssh -o,20486,,runtime/knowledge/source/linux_master_library_v1.pdf,LINUX COMMAND | RHCSA_Command_Library.pdf | komendy,duplicate_existing,canonical+command_index+candidate_internal,ssh -o,,high
ssh -p,ssh -p,ssh,RHCSA Exam Tasks,Inny port,ssh -p 2222 user@server,20496,,runtime/knowledge/source/linux_master_library_v1.pdf,LINUX COMMAND,duplicate_existing,canonical+command_index+candidate_internal,ssh -p,,high
ssh -p,ssh -p,ssh,RHCSA Exam Tasks,Sekcja Komend,ssh -p 2222,20501,,runtime/knowledge/source/linux_master_library_v1.pdf,RHCSA_Command_Library.pdf,duplicate_existing,canonical+command_index+candidate_internal,ssh -p,weak_description,high
ssh -p 2222 user@host,ssh -p 2222 user@host,ssh,RHCSA Exam Tasks,alternate port. SAFE,ssh -p 2222 user@host,20506,,runtime/knowledge/source/linux_master_library_v1.pdf,komendy,duplicate_existing,candidate_internal,ssh -p 2222 user@host,,high
ssh -t user@host,ssh -t user@host,ssh,RHCSA Exam Tasks,Sekcja Komend,ssh -t user@host,20511,,runtime/knowledge/source/linux_master_library_v1.pdf,RHCSA_Command_Library.pdf,duplicate_existing,canonical+command_index+candidate_internal,ssh -t user@host,weak_description,high
ssh -v user@host,ssh -v user@host,ssh,RHCSA Exam Tasks,Sekcja Komend,ssh -v user@host,20516,,runtime/knowledge/source/linux_master_library_v1.pdf,RHCSA_Command_Library.pdf,duplicate_existing,canonical+command_index+candidate_internal,ssh -v user@host,weak_description,high
ssh -vvv user@host,ssh -vvv user@host,ssh,RHCSA Exam Tasks,Sekcja Komend,ssh -vvv user@host,20521,,runtime/knowledge/source/linux_master_library_v1.pdf,RHCSA_Command_Library.pdf,duplicate_existing,canonical+command_index+candidate_internal,ssh -vvv user@host,weak_description,high
ssh user@host 'cat >,ssh user@host 'cat >,ssh,RHCSA Exam Tasks,Sekcja Komend,ssh user@host 'cat >,20526,,runtime/knowledge/source/linux_master_library_v1.pdf,RHCSA_Command_Library.pdf,duplicate_existing,candidate_internal,ssh user@host 'cat >,weak_description,high
ssh user@hostname,ssh user@hostname,ssh,RHCSA Exam Tasks,Sekcja Komend 431,ssh user@hostname,20531,,runtime/knowledge/source/linux_master_library_v1.pdf,RHCSA_Command_Library.pdf,duplicate_existing,canonical+command_index+candidate_internal,ssh user@hostname,,high
systemctl,systemctl,systemctl,RHCSA Exam Tasks,"Uruchomienie kontenera z pełnymi uprawnieniami roota hosta i dostępem do surowego systemu komendy, linux_engineering_book.md, linux_engineering_book.pdf",systemctl,20541,,runtime/knowledge/source/linux_master_library_v1.pdf,LINUX COMMAND | RHCSA_Command_Library.pdf | encyklopedia_inzynierii_linux.html | encyklopedia_inzynierii_li,duplicate_existing,canonical+command_index+candidate_internal,systemctl,,high
systemctl --failed,systemctl --failed,systemctl,RHCSA Exam Tasks,failed units. SAFE,systemctl --failed,20547,,runtime/knowledge/source/linux_master_library_v1.pdf,komendy,duplicate_existing,candidate_internal,systemctl --failed,,high
systemctl --user enable --now web.service,systemctl --user enable --now web.service,systemctl,RHCSA Exam Tasks,Podman — drop-in replacement dla Docker (bez daemona),systemctl --user enable --now web.service,20552,,runtime/knowledge/source/linux_master_library_v1.pdf,linux_engineering_book.md | linux_engineering_book.pdf,duplicate_existing,candidate_internal,systemctl --user enable --now web.service,,high
systemctl cat,systemctl cat,systemctl,RHCSA Exam Tasks,Wyświetla definicję usługi,systemctl cat httpd | systemctl cat,20557,,runtime/knowledge/source/linux_master_library_v1.pdf,LINUX COMMAND | RHCSA_Command_Library.pdf,duplicate_existing,canonical+command_index+candidate_internal,systemctl cat,,high
systemctl cat nginx,systemctl cat nginx,systemctl,RHCSA Exam Tasks,show unit file. SAFE,systemctl cat nginx,20563,,runtime/knowledge/source/linux_master_library_v1.pdf,komendy,duplicate_existing,candidate_internal,systemctl cat nginx,,high
systemctl daemon-reload,systemctl daemon-reload,systemctl,RHCSA Exam Tasks,Przeładowanie konfiguracji menedżera systemd i uruchomienie nowej usługi bezpiecznej,systemctl daemon-reload,20568,,runtime/knowledge/source/linux_master_library_v1.pdf,LINUX COMMAND | encyklopedia_inzynierii_linux.html | encyklopedia_inzynierii_linux.pdf | komendy,duplicate_existing,candidate_internal,systemctl daemon-reload,,high
systemctl daemon-reload # przeładuj konfigurację,systemctl daemon-reload # przeładuj konfigurację,systemctl,RHCSA Exam Tasks,Zarządzanie usługami,systemctl daemon-reload # przeładuj konfigurację,20573,,runtime/knowledge/source/linux_master_library_v1.pdf,linux_engineering_book.md | linux_engineering_book.pdf,duplicate_existing,candidate_internal,systemctl daemon-reload # przeładuj konfigurację,,high
systemctl disable,systemctl disable,systemctl,RHCSA Exam Tasks,Wyłącza autostart 432,systemctl disable httpd | systemctl disable,20578,,runtime/knowledge/source/linux_master_library_v1.pdf,LINUX COMMAND | RHCSA_Command_Library.pdf,duplicate_existing,canonical+command_index+candidate_internal,systemctl disable,,high
systemctl disable nginx,systemctl disable nginx,systemctl,RHCSA Exam Tasks,disable autostart. CAUTION,systemctl disable nginx,20589,,runtime/knowledge/source/linux_master_library_v1.pdf,komendy,duplicate_existing,candidate_internal,systemctl disable nginx,,high
systemctl edit,systemctl edit,systemctl,RHCSA Exam Tasks,Edytuje override usługi,systemctl edit --full httpd | systemctl edit,20594,,runtime/knowledge/source/linux_master_library_v1.pdf,LINUX COMMAND | RHCSA_Command_Library.pdf | komendy,duplicate_existing,canonical+command_index+candidate_internal,systemctl edit,,high
systemctl edit --full nginx,systemctl edit --full nginx,systemctl,RHCSA Exam Tasks,override unit. CAUTION,systemctl edit --full nginx,20600,,runtime/knowledge/source/linux_master_library_v1.pdf,komendy,duplicate_existing,candidate_internal,systemctl edit --full nginx,,high
'systemctl edit“,'systemctl edit“,'systemctl,RHCSA Exam Tasks,Operational Notes systemctl edit`,,20605,,runtime/knowledge/source/linux_master_library_v1.pdf,komendy,malformed,candidate_internal,'systemctl edit“,invalid_base_command,none
systemctl emergency,systemctl emergency,systemctl,RHCSA Exam Tasks,emergency shell. DANGEROUS,systemctl emergency,20610,,runtime/knowledge/source/linux_master_library_v1.pdf,komendy,duplicate_existing,canonical+command_index+candidate_internal,systemctl emergency,,high
systemctl enable,systemctl enable,systemctl,RHCSA Exam Tasks,Włącza autostart,systemctl enable httpd | systemctl enable,20615,,runtime/knowledge/source/linux_master_library_v1.pdf,LINUX COMMAND | RHCSA_Command_Library.pdf,duplicate_existing,canonical+command_index+candidate_internal,systemctl enable,,high
systemctl enable --now secure_processor.service,systemctl enable --now secure_processor.service,systemctl,RHCSA Exam Tasks,Przeładowanie konfiguracji menedżera systemd i uruchomienie nowej usługi bezpiecznej,systemctl enable --now secure_processor.service,20621,,runtime/knowledge/source/linux_master_library_v1.pdf,encyklopedia_inzynierii_linux.html | encyklopedia_inzynierii_linux.pdf,duplicate_existing,candidate_internal,systemctl enable --now secure_processor.service,,high
systemctl enable --now systemd-networkd,systemctl enable --now systemd-networkd,systemctl,RHCSA Exam Tasks,17.4 Networkd i Resolved 433,systemctl enable --now systemd-networkd,20626,,runtime/knowledge/source/linux_master_library_v1.pdf,linux_engineering_book.md | linux_engineering_book.pdf,duplicate_existing,candidate_internal,systemctl enable --now systemd-networkd,,high
systemctl enable backup.timer,systemctl enable backup.timer,systemctl,RHCSA Exam Tasks,enable timer. CAUTION,systemctl enable backup.timer,20636,,runtime/knowledge/source/linux_master_library_v1.pdf,komendy,duplicate_existing,candidate_internal,systemctl enable backup.timer,,high
systemctl enable kdump,systemctl enable kdump,systemctl,RHCSA Exam Tasks,15.2 Diagnostyka Jądra,systemctl enable kdump,20641,,runtime/knowledge/source/linux_master_library_v1.pdf,linux_engineering_book.md | linux_engineering_book.pdf,duplicate_existing,candidate_internal,systemctl enable kdump,,high
systemctl enable nginx,systemctl enable nginx,systemctl,RHCSA Exam Tasks,autostart on boot. CAUTION,systemctl enable nginx,20646,,runtime/knowledge/source/linux_master_library_v1.pdf,komendy,duplicate_existing,candidate_internal,systemctl enable nginx,,high
systemctl enable wg-quick@wg0,systemctl enable wg-quick@wg0,systemctl,RHCSA Exam Tasks,23.3 WireGuard VPN,systemctl enable wg-quick@wg0,20651,,runtime/knowledge/source/linux_master_library_v1.pdf,linux_engineering_book.md | linux_engineering_book.pdf,duplicate_existing,candidate_internal,systemctl enable wg-quick@wg0,,high
systemctl enable/disable nginx # autostart,systemctl enable/disable nginx # autostart,systemctl,RHCSA Exam Tasks,Zarządzanie usługami,systemctl enable/disable nginx # autostart,20656,,runtime/knowledge/source/linux_master_library_v1.pdf,linux_engineering_book.md | linux_engineering_book.pdf,duplicate_existing,candidate_internal,systemctl enable/disable nginx # autostart,,high
systemctl get-default,systemctl get-default,systemctl,RHCSA Exam Tasks,current target. SAFE,systemctl get-default,20661,,runtime/knowledge/source/linux_master_library_v1.pdf,komendy,duplicate_existing,candidate_internal,systemctl get-default,,high
systemctl halt,systemctl halt,systemctl,RHCSA Exam Tasks,Sekcja Komend,systemctl halt,20666,,runtime/knowledge/source/linux_master_library_v1.pdf,RHCSA_Command_Library.pdf,duplicate_existing,canonical+command_index+candidate_internal,systemctl halt,weak_description,high
systemctl hibernate,systemctl hibernate,systemctl,RHCSA Exam Tasks,Sekcja Komend 434,systemctl hibernate,20671,,runtime/knowledge/source/linux_master_library_v1.pdf,RHCSA_Command_Library.pdf,duplicate_existing,canonical+command_index+candidate_internal,systemctl hibernate,,high
systemctl is-active,systemctl is-active,systemctl,RHCSA Exam Tasks,Czy usługa jest aktywna?,systemctl is-active sshd | systemctl is-active,20681,,runtime/knowledge/source/linux_master_library_v1.pdf,LINUX COMMAND | RHCSA_Command_Library.pdf | komendy,duplicate_existing,canonical+command_index+candidate_internal,systemctl is-active,,high
systemctl is-active nginx,systemctl is-active nginx,systemctl,RHCSA Exam Tasks,boolean active check. SAFE,systemctl is-active nginx,20687,,runtime/knowledge/source/linux_master_library_v1.pdf,komendy,duplicate_existing,candidate_internal,systemctl is-active nginx,,high
systemctl is-active nginx # czy działa,systemctl is-active nginx # czy działa,systemctl,RHCSA Exam Tasks,Zarządzanie usługami,systemctl is-active nginx # czy działa,20692,,runtime/knowledge/source/linux_master_library_v1.pdf,linux_engineering_book.md | linux_engineering_book.pdf,duplicate_existing,candidate_internal,systemctl is-active nginx # czy działa,,high
systemctl is-active before restart.',systemctl is-active before restart.',systemctl,RHCSA Exam Tasks,Idempotency Checks,systemctl is-active` before `restart`.,20697,,runtime/knowledge/source/linux_master_library_v1.pdf,komendy,duplicate_existing,candidate_internal,systemctl is-active before restart.',,high
systemctl is-enabled,systemctl is-enabled,systemctl,RHCSA Exam Tasks,Czy włączona do autostartu?,systemctl is-enabled httpd | systemctl is-enabled,20702,,runtime/knowledge/source/linux_master_library_v1.pdf,LINUX COMMAND | RHCSA_Command_Library.pdf,duplicate_existing,canonical+command_index+candidate_internal,systemctl is-enabled,,high
systemctl is-enabled nginx,systemctl is-enabled nginx,systemctl,RHCSA Exam Tasks,boolean enabled check. SAFE,systemctl is-enabled nginx,20708,,runtime/knowledge/source/linux_master_library_v1.pdf,komendy,duplicate_existing,candidate_internal,systemctl is-enabled nginx,,high
systemctl is-enabled nginx # czy autostart,systemctl is-enabled nginx # czy autostart,systemctl,RHCSA Exam Tasks,Zarządzanie usługami,systemctl is-enabled nginx # czy autostart,20713,,runtime/knowledge/source/linux_master_library_v1.pdf,linux_engineering_book.md | linux_engineering_book.pdf,duplicate_existing,candidate_internal,systemctl is-enabled nginx # czy autostart,,high
systemctl is-failed,systemctl is-failed,systemctl,RHCSA Exam Tasks,Czy usługa jest w stanie failed? 435,systemctl is-failed httpd | systemctl is-failed,20718,,runtime/knowledge/source/linux_master_library_v1.pdf,LINUX COMMAND | RHCSA_Command_Library.pdf,duplicate_existing,canonical+command_index+candidate_internal,systemctl is-failed,,high
systemctl isolate,systemctl isolate,systemctl,RHCSA Exam Tasks,Przechodzi do targetu,systemctl isolate multi-user.target | systemctl isolate,20729,,runtime/knowledge/source/linux_master_library_v1.pdf,LINUX COMMAND | RHCSA_Command_Library.pdf,duplicate_existing,canonical+command_index+candidate_internal,systemctl isolate,,high
systemctl list-timers,systemctl list-timers,systemctl,RHCSA Exam Tasks,active timers. SAFE,systemctl list-timers --all | systemctl list-timers,20735,,runtime/knowledge/source/linux_master_library_v1.pdf,LINUX COMMAND | komendy,duplicate_existing,candidate_internal,systemctl list-timers,,high
systemctl list-timers --all,systemctl list-timers --all,systemctl,RHCSA Exam Tasks,scheduled timers. SAFE,systemctl list-timers --all,20741,,runtime/knowledge/source/linux_master_library_v1.pdf,komendy,duplicate_existing,candidate_internal,systemctl list-timers --all,,high
systemctl list-unit-files,systemctl list-unit-files,systemctl,RHCSA Exam Tasks,Lista plików jednostek,systemctl list-unit-files,20746,,runtime/knowledge/source/linux_master_library_v1.pdf,LINUX COMMAND,duplicate_existing,candidate_internal,systemctl list-unit-files,,high
systemctl list-unit-files #,systemctl list-unit-files #,systemctl,RHCSA Exam Tasks,Zarządzanie usługami,systemctl list-unit-files #,20751,,runtime/knowledge/source/linux_master_library_v1.pdf,linux_engineering_book.md | linux_engineering_book.pdf,duplicate_existing,candidate_internal,systemctl list-unit-files #,,high
systemctl list-unit-files --state=enabled,systemctl list-unit-files --state=enabled,systemctl,RHCSA Exam Tasks,enabled units. SAFE,systemctl list-unit-files --state=enabled,20756,,runtime/knowledge/source/linux_master_library_v1.pdf,komendy,duplicate_existing,candidate_internal,systemctl list-unit-files --state=enabled,,high
systemctl list-units,systemctl list-units,systemctl,RHCSA Exam Tasks,Lista aktywnych jednostek,systemctl list-units --type=service | systemctl list-units,20761,,runtime/knowledge/source/linux_master_library_v1.pdf,LINUX COMMAND | RHCSA_Command_Library.pdf,duplicate_existing,canonical+command_index+candidate_internal,systemctl list-units,,high
systemctl list-units --failed,systemctl list-units --failed,systemctl,RHCSA Exam Tasks,failed boot units. SAFE 436,systemctl list-units --failed,20767,,runtime/knowledge/source/linux_master_library_v1.pdf,komendy,duplicate_existing,candidate_internal,systemctl list-units --failed,,high
systemctl list-units --type=service #,systemctl list-units --type=service #,systemctl,RHCSA Exam Tasks,Zarządzanie usługami,systemctl list-units --type=service #,20777,,runtime/knowledge/source/linux_master_library_v1.pdf,linux_engineering_book.md | linux_engineering_book.pdf,duplicate_existing,candidate_internal,systemctl list-units --type=service #,,high
systemctl list-units --type=service --state=running,systemctl list-units --type=service --state=running,systemctl,RHCSA Exam Tasks,active services. SAFE,systemctl list-units --type=service --state=running,20782,,runtime/knowledge/source/linux_master_library_v1.pdf,komendy,duplicate_existing,candidate_internal,systemctl list-units --type=service --state=running,,high
systemctl mask,systemctl mask,systemctl,RHCSA Exam Tasks,Maskuje usługę (uniemożliwia start),systemctl mask cups | systemctl mask,20787,,runtime/knowledge/source/linux_master_library_v1.pdf,LINUX COMMAND | RHCSA_Command_Library.pdf,duplicate_existing,canonical+command_index+candidate_internal,systemctl mask,,high
systemctl mask nginx,systemctl mask nginx,systemctl,RHCSA Exam Tasks,prevent start entirely. CAUTION,systemctl mask nginx,20793,,runtime/knowledge/source/linux_master_library_v1.pdf,komendy,duplicate_existing,candidate_internal,systemctl mask nginx,,high
systemctl poweroff,systemctl poweroff,systemctl,RHCSA Exam Tasks,Sekcja Komend,systemctl poweroff,20798,,runtime/knowledge/source/linux_master_library_v1.pdf,RHCSA_Command_Library.pdf,duplicate_existing,canonical+command_index+candidate_internal,systemctl poweroff,weak_description,high
systemctl reboot,systemctl reboot,systemctl,RHCSA Exam Tasks,Sekcja Komend,systemctl reboot,20803,,runtime/knowledge/source/linux_master_library_v1.pdf,RHCSA_Command_Library.pdf,duplicate_existing,canonical+command_index+candidate_internal,systemctl reboot,weak_description,high
systemctl rescue,systemctl rescue,systemctl,RHCSA Exam Tasks,rescue target. DANGEROUS,systemctl rescue,20808,,runtime/knowledge/source/linux_master_library_v1.pdf,komendy,duplicate_existing,canonical+command_index+candidate_internal,systemctl rescue,,high
systemctl set-default multi-user.target,systemctl set-default multi-user.target,systemctl,RHCSA Exam Tasks,CLI boot. CAUTION 437,systemctl set-default multi-user.target,20813,,runtime/knowledge/source/linux_master_library_v1.pdf,komendy,duplicate_existing,candidate_internal,systemctl set-default multi-user.target,,high
systemctl set-property myservice.service,systemctl set-property myservice.service,systemctl,RHCSA Exam Tasks,Systemd slice (automatyczne cgroups),systemctl set-property myservice.service,20823,,runtime/knowledge/source/linux_master_library_v1.pdf,linux_engineering_book.md | linux_engineering_book.pdf,duplicate_existing,candidate_internal,systemctl set-property myservice.service,,high
systemctl start/stop/restart/reload nginx,systemctl start/stop/restart/reload nginx,systemctl,RHCSA Exam Tasks,Zarządzanie usługami,systemctl start/stop/restart/reload nginx,20828,,runtime/knowledge/source/linux_master_library_v1.pdf,linux_engineering_book.md | linux_engineering_book.pdf,duplicate_existing,candidate_internal,systemctl start/stop/restart/reload nginx,,high
systemctl suspend,systemctl suspend,systemctl,RHCSA Exam Tasks,Sekcja Komend,systemctl suspend,20833,,runtime/knowledge/source/linux_master_library_v1.pdf,RHCSA_Command_Library.pdf,duplicate_existing,canonical+command_index+candidate_internal,systemctl suspend,weak_description,high
systemctl unmask,systemctl unmask,systemctl,RHCSA Exam Tasks,Sekcja Komend,systemctl unmask cups | systemctl unmask,20838,,runtime/knowledge/source/linux_master_library_v1.pdf,LINUX COMMAND | RHCSA_Command_Library.pdf,duplicate_existing,canonical+command_index+candidate_internal,systemctl unmask,weak_description,high
systemctl unmask nginx,systemctl unmask nginx,systemctl,RHCSA Exam Tasks,restore. CAUTION,systemctl unmask nginx,20844,,runtime/knowledge/source/linux_master_library_v1.pdf,komendy,duplicate_existing,candidate_internal,systemctl unmask nginx,,high
tar,tar,tar,RHCSA Exam Tasks,Sekcja Komend,tar,20849,,runtime/knowledge/source/linux_master_library_v1.pdf,RHCSA_Command_Library.pdf,duplicate_existing,canonical+command_index+candidate_internal,tar,weak_description,high
tar --delete -f,tar --delete -f,tar,RHCSA Exam Tasks,Sekcja Komend,tar --delete -f,20854,,runtime/knowledge/source/linux_master_library_v1.pdf,RHCSA_Command_Library.pdf,duplicate_existing,canonical+command_index+candidate_internal,tar --delete -f,weak_description,high
tar --exclude-vcs,tar --exclude-vcs,tar,RHCSA Exam Tasks,Sekcja Komend 438,tar --exclude-vcs,20859,,runtime/knowledge/source/linux_master_library_v1.pdf,RHCSA_Command_Library.pdf,duplicate_existing,canonical+command_index+candidate_internal,tar --exclude-vcs,,high
tar --listed-incremental=snapshot.snar -czf inc.tar.gz /data # incremental,tar --listed-incremental=snapshot.snar -czf inc.tar.gz /data # incremental,tar,RHCSA Exam Tasks,19.1 Narzędzia Backup,tar --listed-incremental=snapshot.snar -czf inc.tar.gz /data # incremental,20869,,runtime/knowledge/source/linux_master_library_v1.pdf,linux_engineering_book.md | linux_engineering_book.pdf,duplicate_existing,candidate_internal,tar --listed-incremental=snapshot.snar -czf inc.tar.gz /data # incremental,,high
tar -C,tar -C,tar,RHCSA Exam Tasks,Rozpakowuje do katalogu,tar -xvf backup.tar -C /tmp,20874,,runtime/knowledge/source/linux_master_library_v1.pdf,LINUX COMMAND,duplicate_existing,candidate_internal,tar -C,,high
tar -cjvf,tar -cjvf,tar,RHCSA Exam Tasks,Tworzy archiwum bzip2,tar -cjvf backup.tar.bz2 /etc,20879,,runtime/knowledge/source/linux_master_library_v1.pdf,LINUX COMMAND,duplicate_existing,candidate_internal,tar -cjvf,,high
tar -cvJf,tar -cvJf,tar,RHCSA Exam Tasks,Sekcja Komend,tar -cvJf,20884,,runtime/knowledge/source/linux_master_library_v1.pdf,RHCSA_Command_Library.pdf,duplicate_existing,canonical+command_index+candidate_internal,tar -cvJf,weak_description,high
tar -cvf,tar -cvf,tar,RHCSA Exam Tasks,Tworzy archiwum tar,tar -cvf backup.tar /etc,20889,,runtime/knowledge/source/linux_master_library_v1.pdf,LINUX COMMAND,duplicate_existing,candidate_internal,tar -cvf,,high
tar -cvf archive.tar,tar -cvf archive.tar,tar,RHCSA Exam Tasks,Sekcja Komend,tar -cvf archive.tar,20894,,runtime/knowledge/source/linux_master_library_v1.pdf,RHCSA_Command_Library.pdf,duplicate_existing,canonical+command_index+candidate_internal,tar -cvf archive.tar,weak_description,high
tar -cvjf,tar -cvjf,tar,RHCSA Exam Tasks,Sekcja Komend,tar -cvjf,20899,,runtime/knowledge/source/linux_master_library_v1.pdf,RHCSA_Command_Library.pdf,duplicate_existing,canonical+command_index+candidate_internal,tar -cvjf,weak_description,high
tar -cvzf,tar -cvzf,tar,RHCSA Exam Tasks,Sekcja Komend 439,tar -cvzf,20904,,runtime/knowledge/source/linux_master_library_v1.pdf,RHCSA_Command_Library.pdf,duplicate_existing,canonical+command_index+candidate_internal,tar -cvzf,,high
tar -czf - /path,tar -czf - /path,tar,RHCSA Exam Tasks,Archiwum przez SSH unzip -o archive.zip Nadpisz istniejce pliki,tar -czf - /path,20914,,runtime/knowledge/source/linux_master_library_v1.pdf,RHCSA_Command_Library.pdf,duplicate_existing,candidate_internal,tar -czf - /path,,high
tar -czf arch.tar.gz,tar -czf arch.tar.gz,tar,RHCSA Exam Tasks,Sekcja Komend,tar -czf arch.tar.gz,20919,,runtime/knowledge/source/linux_master_library_v1.pdf,RHCSA_Command_Library.pdf,duplicate_existing,canonical+command_index+candidate_internal,tar -czf arch.tar.gz,weak_description,high
tar -czvf,tar -czvf,tar,RHCSA Exam Tasks,Tworzy archiwum gzip,tar -czvf backup.tar.gz /etc,20924,,runtime/knowledge/source/linux_master_library_v1.pdf,LINUX COMMAND,duplicate_existing,candidate_internal,tar -czvf,,high
tar -rvf archive.tar,tar -rvf archive.tar,tar,RHCSA Exam Tasks,Sekcja Komend,tar -rvf archive.tar,20929,,runtime/knowledge/source/linux_master_library_v1.pdf,RHCSA_Command_Library.pdf,duplicate_existing,canonical+command_index+candidate_internal,tar -rvf archive.tar,weak_description,high
tar -tvf archive.tar,tar -tvf archive.tar,tar,RHCSA Exam Tasks,Sekcja Komend,tar -tvf archive.tar,20934,,runtime/knowledge/source/linux_master_library_v1.pdf,RHCSA_Command_Library.pdf,duplicate_existing,canonical+command_index+candidate_internal,tar -tvf archive.tar,weak_description,high
tar -tvzf,tar -tvzf,tar,RHCSA Exam Tasks,Sekcja Komend,tar -tvzf,20939,,runtime/knowledge/source/linux_master_library_v1.pdf,RHCSA_Command_Library.pdf,duplicate_existing,canonical+command_index+candidate_internal,tar -tvzf,weak_description,high
tar -uvf archive.tar,tar -uvf archive.tar,tar,RHCSA Exam Tasks,Sekcja Komend,tar -uvf archive.tar,20944,,runtime/knowledge/source/linux_master_library_v1.pdf,RHCSA_Command_Library.pdf,duplicate_existing,canonical+command_index+candidate_internal,tar -uvf archive.tar,weak_description,high
tar -xvJf,tar -xvJf,tar,RHCSA Exam Tasks,Sekcja Komend 440,tar -xvJf,20949,,runtime/knowledge/source/linux_master_library_v1.pdf,RHCSA_Command_Library.pdf,duplicate_existing,canonical+command_index+candidate_internal,tar -xvJf,,high
tar -xvf,tar -xvf,tar,RHCSA Exam Tasks,Rozpakowuje archiwum tar,tar -xvf backup.tar,20959,,runtime/knowledge/source/linux_master_library_v1.pdf,LINUX COMMAND,duplicate_existing,candidate_internal,tar -xvf,,high
tar -xvf archive.tar,tar -xvf archive.tar,tar,RHCSA Exam Tasks,Sekcja Komend,tar -xvf archive.tar,20964,,runtime/knowledge/source/linux_master_library_v1.pdf,RHCSA_Command_Library.pdf,duplicate_existing,canonical+command_index+candidate_internal,tar -xvf archive.tar,weak_description,high
tar -xvjf,tar -xvjf,tar,RHCSA Exam Tasks,Sekcja Komend,tar -xvjf,20969,,runtime/knowledge/source/linux_master_library_v1.pdf,RHCSA_Command_Library.pdf,duplicate_existing,canonical+command_index+candidate_internal,tar -xvjf,weak_description,high
tar -xvzf,tar -xvzf,tar,RHCSA Exam Tasks,Sekcja Komend,tar -xvzf,20974,,runtime/knowledge/source/linux_master_library_v1.pdf,RHCSA_Command_Library.pdf,duplicate_existing,canonical+command_index+candidate_internal,tar -xvzf,weak_description,high
tar -xzvf,tar -xzvf,tar,RHCSA Exam Tasks,Rozpakowuje gzip tar,tar -xzvf backup.tar.gz,20979,,runtime/knowledge/source/linux_master_library_v1.pdf,LINUX COMMAND,duplicate_existing,candidate_internal,tar -xzvf,,high
tar czf /backup/$(hostname)-$(date +%Y%m%d-%H%M%S).tar.gz /important/data,tar czf /backup/$(hostname)-$(date +%Y%m%d-%H%M%S).tar.gz /important/data,tar,RHCSA Exam Tasks,Dodatek A: Przydatne Jednowierszowce,tar czf /backup/$(hostname)-$(date +%Y%m%d-%H%M%S).tar.gz /important/data,20984,,runtime/knowledge/source/linux_master_library_v1.pdf,linux_engineering_book.md | linux_engineering_book.pdf,duplicate_existing,candidate_internal,tar czf /backup/$(hostname)-$(date +%Y%m%d-%H%M%S).tar.gz /important/data,,high
tar czf backup-$(date +%Y%m%d).tar.gz /data # z datą,tar czf backup-$(date +%Y%m%d).tar.gz /data # z datą,tar,RHCSA Exam Tasks,19.1 Narzędzia Backup,tar czf backup-$(date +%Y%m%d).tar.gz /data # z datą,20989,,runtime/knowledge/source/linux_master_library_v1.pdf,linux_engineering_book.md | linux_engineering_book.pdf,duplicate_existing,candidate_internal,tar czf backup-$(date +%Y%m%d).tar.gz /data # z datą,,high
tar czf backup.tar.gz /data # tworzenie,tar czf backup.tar.gz /data # tworzenie,tar,RHCSA Exam Tasks,19.1 Narzędzia Backup 441,tar czf backup.tar.gz /data # tworzenie,20994,,runtime/knowledge/source/linux_master_library_v1.pdf,linux_engineering_book.md | linux_engineering_book.pdf,duplicate_existing,candidate_internal,tar czf backup.tar.gz /data # tworzenie,,high
tar xf linux-6.8.tar.xz,tar xf linux-6.8.tar.xz,tar,RHCSA Exam Tasks,16.1 Pobieranie i Konfiguracja,tar xf linux-6.8.tar.xz,21004,,runtime/knowledge/source/linux_master_library_v1.pdf,linux_engineering_book.md | linux_engineering_book.pdf,duplicate_existing,candidate_internal,tar xf linux-6.8.tar.xz,,high
tar xzf backup.tar.gz -C /restore # rozpakowywanie,tar xzf backup.tar.gz -C /restore # rozpakowywanie,tar,RHCSA Exam Tasks,19.1 Narzędzia Backup,tar xzf backup.tar.gz -C /restore # rozpakowywanie,21009,,runtime/knowledge/source/linux_master_library_v1.pdf,linux_engineering_book.md | linux_engineering_book.pdf,duplicate_existing,candidate_internal,tar xzf backup.tar.gz -C /restore # rozpakowywanie,,high
tar xzvf backup.tar.gz -C /restore,tar xzvf backup.tar.gz -C /restore,tar,RHCSA Exam Tasks,extract backup. CAUTION,tar xzvf backup.tar.gz -C /restore,21014,,runtime/knowledge/source/linux_master_library_v1.pdf,komendy,duplicate_existing,candidate_internal,tar xzvf backup.tar.gz -C /restore,,high
useradd,useradd,useradd,RHCSA Exam Tasks,Tworzy użytkownika,useradd -m -s /bin/bash john,21019,,runtime/knowledge/source/linux_master_library_v1.pdf,LINUX COMMAND,duplicate_existing,command_index+candidate_internal,useradd,,high
useradd -G,useradd -G,useradd,RHCSA Exam Tasks,Dodatkowe grupy,useradd -G wheel john,21024,,runtime/knowledge/source/linux_master_library_v1.pdf,LINUX COMMAND,duplicate_existing,candidate_internal,useradd -G,,high
"useradd -G g1,g2","useradd -G g1,g2",useradd,RHCSA Exam Tasks,Sekcja Komend,"useradd -G g1,g2",21029,,runtime/knowledge/source/linux_master_library_v1.pdf,RHCSA_Command_Library.pdf,duplicate_existing,canonical+command_index+candidate_internal,"useradd -G g1,g2",weak_description,high
useradd -M user,useradd -M user,useradd,RHCSA Exam Tasks,Sekcja Komend,useradd -M user,21034,,runtime/knowledge/source/linux_master_library_v1.pdf,RHCSA_Command_Library.pdf,duplicate_existing,canonical+command_index+candidate_internal,useradd -M user,weak_description,high
useradd -N user,useradd -N user,useradd,RHCSA Exam Tasks,Sekcja Komend 442,useradd -N user,21039,,runtime/knowledge/source/linux_master_library_v1.pdf,RHCSA_Command_Library.pdf,duplicate_existing,canonical+command_index+candidate_internal,useradd -N user,,high
useradd -c 'Imi,useradd -c 'Imi,useradd,RHCSA Exam Tasks,Sekcja Komend,useradd -c 'Imi,21049,,runtime/knowledge/source/linux_master_library_v1.pdf,RHCSA_Command_Library.pdf,duplicate_existing,candidate_internal,useradd -c 'Imi,weak_description,high
useradd -d,useradd -d,useradd,RHCSA Exam Tasks,Sekcja Komend,useradd -d,21054,,runtime/knowledge/source/linux_master_library_v1.pdf,RHCSA_Command_Library.pdf,duplicate_existing,canonical+command_index+candidate_internal,useradd -d,weak_description,high
useradd -e,useradd -e,useradd,RHCSA Exam Tasks,Sekcja Komend,useradd -e,21059,,runtime/knowledge/source/linux_master_library_v1.pdf,RHCSA_Command_Library.pdf,duplicate_existing,canonical+command_index+candidate_internal,useradd -e,weak_description,high
useradd -f 30 user,useradd -f 30 user,useradd,RHCSA Exam Tasks,Sekcja Komend,useradd -f 30 user,21064,,runtime/knowledge/source/linux_master_library_v1.pdf,RHCSA_Command_Library.pdf,duplicate_existing,canonical+command_index+candidate_internal,useradd -f 30 user,weak_description,high
useradd -g group,useradd -g group,useradd,RHCSA Exam Tasks,Sekcja Komend,useradd -g group,21069,,runtime/knowledge/source/linux_master_library_v1.pdf,RHCSA_Command_Library.pdf,duplicate_existing,canonical+command_index+candidate_internal,useradd -g group,weak_description,high
useradd -m -s,useradd -m -s,useradd,RHCSA Exam Tasks,Sekcja Komend,useradd -m -s,21074,,runtime/knowledge/source/linux_master_library_v1.pdf,RHCSA_Command_Library.pdf,duplicate_existing,canonical+command_index+candidate_internal,useradd -m -s,weak_description,high
"useradd -m -s /bin/bash -G sudo,docker user1 # dodaj użytkownika","useradd -m -s /bin/bash -G sudo,docker user1 # dodaj użytkownika",useradd,RHCSA Exam Tasks,/etc/modprobe.d/bonding.conf,"useradd -m -s /bin/bash -G sudo,docker user1 # dodaj użytkownika",21079,,runtime/knowledge/source/linux_master_library_v1.pdf,linux_engineering_book.md | linux_engineering_book.pdf,duplicate_existing,candidate_internal,"useradd -m -s /bin/bash -G sudo,docker user1 # dodaj użytkownika",,high
useradd -m -s /bin/bash -U alice,useradd -m -s /bin/bash -U alice,useradd,RHCSA Exam Tasks,create user with home and group. SAFE 443,useradd -m -s /bin/bash -U alice,21084,,runtime/knowledge/source/linux_master_library_v1.pdf,komendy,duplicate_existing,candidate_internal,useradd -m -s /bin/bash -U alice,,high
useradd -m username,useradd -m username,useradd,RHCSA Exam Tasks,Sekcja Komend,useradd -m username,21094,,runtime/knowledge/source/linux_master_library_v1.pdf,RHCSA_Command_Library.pdf,duplicate_existing,canonical+command_index+candidate_internal,useradd -m username,weak_description,high
useradd -r -s /usr/sbin/nologin svc_name,useradd -r -s /usr/sbin/nologin svc_name,useradd,RHCSA Exam Tasks,Separate service accounts: .,useradd -r -s /usr/sbin/nologin svc_name,21099,,runtime/knowledge/source/linux_master_library_v1.pdf,komendy,duplicate_existing,candidate_internal,useradd -r -s /usr/sbin/nologin svc_name,,high
useradd -r sysuser,useradd -r sysuser,useradd,RHCSA Exam Tasks,Sekcja Komend,useradd -r sysuser,21104,,runtime/knowledge/source/linux_master_library_v1.pdf,RHCSA_Command_Library.pdf,duplicate_existing,canonical+command_index+candidate_internal,useradd -r sysuser,weak_description,high
useradd -s,useradd -s,useradd,RHCSA Exam Tasks,Określa powłokę,useradd -s /sbin/nologin service,21109,,runtime/knowledge/source/linux_master_library_v1.pdf,LINUX COMMAND,duplicate_existing,candidate_internal,useradd -s,,high
useradd -u 1500 user,useradd -u 1500 user,useradd,RHCSA Exam Tasks,Sekcja Komend,useradd -u 1500 user,21114,,runtime/knowledge/source/linux_master_library_v1.pdf,RHCSA_Command_Library.pdf,duplicate_existing,canonical+command_index+candidate_internal,useradd -u 1500 user,weak_description,high
useradd username,useradd username,useradd,RHCSA Exam Tasks,Sekcja Komend,useradd username,21119,,runtime/knowledge/source/linux_master_library_v1.pdf,RHCSA_Command_Library.pdf,duplicate_existing,canonical+command_index+candidate_internal,useradd username,weak_description,high
usermod,usermod,usermod,RHCSA Exam Tasks,Modyfikuje użytkownika,usermod -aG wheel john,21124,,runtime/knowledge/source/linux_master_library_v1.pdf,LINUX COMMAND,duplicate_existing,command_index+candidate_internal,usermod,,high
"usermod -G g1,g2","usermod -G g1,g2",usermod,RHCSA Exam Tasks,Sekcja Komend 444,"usermod -G g1,g2",21129,,runtime/knowledge/source/linux_master_library_v1.pdf,RHCSA_Command_Library.pdf,duplicate_existing,canonical+command_index+candidate_internal,"usermod -G g1,g2",,high
usermod -L,usermod -L,usermod,RHCSA Exam Tasks,Blokuje konto (zablokuj hasło),usermod -L john,21139,,runtime/knowledge/source/linux_master_library_v1.pdf,LINUX COMMAND,duplicate_existing,candidate_internal,usermod -L,,high
usermod -L user,usermod -L user,usermod,RHCSA Exam Tasks,Sekcja Komend,usermod -L user,21144,,runtime/knowledge/source/linux_master_library_v1.pdf,RHCSA_Command_Library.pdf,duplicate_existing,canonical+command_index+candidate_internal,usermod -L user,weak_description,high
usermod -U,usermod -U,usermod,RHCSA Exam Tasks,Odblokowuje konto,usermod -U john,21149,,runtime/knowledge/source/linux_master_library_v1.pdf,LINUX COMMAND,duplicate_existing,candidate_internal,usermod -U,,high
usermod -U user,usermod -U user,usermod,RHCSA Exam Tasks,Sekcja Komend,usermod -U user,21154,,runtime/knowledge/source/linux_master_library_v1.pdf,RHCSA_Command_Library.pdf,duplicate_existing,canonical+command_index+candidate_internal,usermod -U user,weak_description,high
usermod -aG,usermod -aG,usermod,RHCSA Exam Tasks,Dodaje do grupy (append),usermod -aG docker john,21159,,runtime/knowledge/source/linux_master_library_v1.pdf,LINUX COMMAND,duplicate_existing,candidate_internal,usermod -aG,,high
usermod -aG group,usermod -aG group,usermod,RHCSA Exam Tasks,Sekcja Komend,usermod -aG group,21164,,runtime/knowledge/source/linux_master_library_v1.pdf,RHCSA_Command_Library.pdf,duplicate_existing,canonical+command_index+candidate_internal,usermod -aG group,weak_description,high
usermod -aG sudo alice,usermod -aG sudo alice,usermod,RHCSA Exam Tasks,add to group. CAUTION,usermod -aG sudo alice,21169,,runtime/knowledge/source/linux_master_library_v1.pdf,komendy,duplicate_existing,candidate_internal,usermod -aG sudo alice,,high
usermod -aG wheel user1 # dodaj do grupy,usermod -aG wheel user1 # dodaj do grupy,usermod,RHCSA Exam Tasks,/etc/modprobe.d/bonding.conf 445,usermod -aG wheel user1 # dodaj do grupy,21174,,runtime/knowledge/source/linux_master_library_v1.pdf,linux_engineering_book.md | linux_engineering_book.pdf,duplicate_existing,candidate_internal,usermod -aG wheel user1 # dodaj do grupy,,high
usermod -c 'Nowy,usermod -c 'Nowy,usermod,RHCSA Exam Tasks,Sekcja Komend,usermod -c 'Nowy,21184,,runtime/knowledge/source/linux_master_library_v1.pdf,RHCSA_Command_Library.pdf,duplicate_existing,canonical+command_index+candidate_internal,usermod -c 'Nowy,weak_description,high
usermod -d /new/home,usermod -d /new/home,usermod,RHCSA Exam Tasks,Sekcja Komend,usermod -d /new/home,21189,,runtime/knowledge/source/linux_master_library_v1.pdf,RHCSA_Command_Library.pdf,duplicate_existing,canonical+command_index+candidate_internal,usermod -d /new/home,weak_description,high
usermod -e,usermod -e,usermod,RHCSA Exam Tasks,Sekcja Komend,usermod -e,21194,,runtime/knowledge/source/linux_master_library_v1.pdf,RHCSA_Command_Library.pdf,duplicate_existing,canonical+command_index+candidate_internal,usermod -e,weak_description,high
usermod -e '' user,usermod -e '' user,usermod,RHCSA Exam Tasks,Sekcja Komend,usermod -e '' user,21199,,runtime/knowledge/source/linux_master_library_v1.pdf,RHCSA_Command_Library.pdf,duplicate_existing,canonical+command_index+candidate_internal,usermod -e '' user,weak_description,high
usermod -g group,usermod -g group,usermod,RHCSA Exam Tasks,Sekcja Komend,usermod -g group,21204,,runtime/knowledge/source/linux_master_library_v1.pdf,RHCSA_Command_Library.pdf,duplicate_existing,canonical+command_index+candidate_internal,usermod -g group,weak_description,high
usermod -l newname,usermod -l newname,usermod,RHCSA Exam Tasks,Sekcja Komend,usermod -l newname,21209,,runtime/knowledge/source/linux_master_library_v1.pdf,RHCSA_Command_Library.pdf,duplicate_existing,canonical+command_index+candidate_internal,usermod -l newname,weak_description,high
usermod -s /bin/zsh,usermod -s /bin/zsh,usermod,RHCSA Exam Tasks,Sekcja Komend,usermod -s /bin/zsh,21214,,runtime/knowledge/source/linux_master_library_v1.pdf,RHCSA_Command_Library.pdf,duplicate_existing,canonical+command_index+candidate_internal,usermod -s /bin/zsh,weak_description,high
usermod -u 1600 user,usermod -u 1600 user,usermod,RHCSA Exam Tasks,Sekcja Komend 446,usermod -u 1600 user,21219,,runtime/knowledge/source/linux_master_library_v1.pdf,RHCSA_Command_Library.pdf,duplicate_existing,canonical+command_index+candidate_internal,usermod -u 1600 user,,high
vgcreate,vgcreate,vgcreate,RHCSA Exam Tasks,Tworzy Volume Group,vgcreate vg_data /dev/sdb1 /dev/sdc1,21229,,runtime/knowledge/source/linux_master_library_v1.pdf,LINUX COMMAND,duplicate_existing,candidate_internal,vgcreate,,high
vgcreate -s 16M,vgcreate -s 16M,vgcreate,RHCSA Exam Tasks,Sekcja Komend,vgcreate -s 16M,21234,,runtime/knowledge/source/linux_master_library_v1.pdf,RHCSA_Command_Library.pdf,duplicate_existing,candidate_internal,vgcreate -s 16M,weak_description,high
vgcreate vg0 /dev/sda1 /dev/sdb1,vgcreate vg0 /dev/sda1 /dev/sdb1,vgcreate,RHCSA Exam Tasks,create VG. CAUTION,vgcreate vg0 /dev/sda1 /dev/sdb1,21239,,runtime/knowledge/source/linux_master_library_v1.pdf,komendy,duplicate_existing,candidate_internal,vgcreate vg0 /dev/sda1 /dev/sdb1,,high
vgcreate vg_data /dev/sdb /dev/sdc,vgcreate vg_data /dev/sdb /dev/sdc,vgcreate,RHCSA Exam Tasks,6.4 LVM (Logical Volume Manager),vgcreate vg_data /dev/sdb /dev/sdc,21244,,runtime/knowledge/source/linux_master_library_v1.pdf,linux_engineering_book.md | linux_engineering_book.pdf,duplicate_existing,candidate_internal,vgcreate vg_data /dev/sdb /dev/sdc,,high
vgcreate vgname,vgcreate vgname,vgcreate,RHCSA Exam Tasks,Sekcja Komend 1.17     Sources: RHCSA_Command_Library.pdf These entries were appended without shrinking or rewriting the original master library.,vgcreate vgname,21249,,runtime/knowledge/source/linux_master_library_v1.pdf,,duplicate_existing,candidate_internal,vgcreate vgname,,high
ctr,ctr,ctr,Gemini Expansion Additions,• Command name: ctr • Short description: CLI for containerd. • Category: Automation,ctr,21257,447,runtime/knowledge/source/linux_master_library_v1.pdf,GEMINI_EXPANSION,candidate,,,,high
k9s,k9s,k9s,Gemini Expansion Additions,• Command name: k9s • Short description: Terminal UI to interact with Kubernetes. • Category: Automation,k9s,21269,447,runtime/knowledge/source/linux_master_library_v1.pdf,GEMINI_EXPANSION,candidate,,,,high
nerdctl,nerdctl,nerdctl,Gemini Expansion Additions,• Command name: nerdctl • Short description: Docker-compatible CLI for containerd. • Category: Automation,nerdctl,21285,448,runtime/knowledge/source/linux_master_library_v1.pdf,GEMINI_EXPANSION,candidate,,,,high
nsenter,nsenter,nsenter,Gemini Expansion Additions,• Command name: nsenter • Short description: Run program with namespaces of other processes. • Category: Automation,nsenter,21298,448,runtime/knowledge/source/linux_master_library_v1.pdf,GEMINI_EXPANSION,candidate,,,,high
ply,ply,ply,Gemini Expansion Additions,• Command name: ply • Short description: Light-weight dynamic tracer for Linux. • Category: Automation,ply,21311,448,runtime/knowledge/source/linux_master_library_v1.pdf,GEMINI_EXPANSION,candidate,,,,high
systemtap,systemtap,systemtap,Gemini Expansion Additions,• Command name: systemtap • Short description: Scripting language and tool for dynamic kernel instrumentation. • Category: Logs,systemtap,21323,448,runtime/knowledge/source/linux_master_library_v1.pdf,GEMINI_EXPANSION,candidate,,,,high
trace-cmd,trace-cmd,trace-cmd,Gemini Expansion Additions,• Command name: trace-cmd • Short description: Command-line frontend for Ftrace. • Category: Logs,trace-cmd,21342,449,runtime/knowledge/source/linux_master_library_v1.pdf,GEMINI_EXPANSION,candidate,,,,high
cilium,cilium,cilium,Gemini Expansion Additions,• Command name: cilium • Short description: CLI to inspect Cilium eBPF network state. • Category: Networking,cilium,21354,449,runtime/knowledge/source/linux_master_library_v1.pdf,GEMINI_EXPANSION,candidate,,,,high
rdma,rdma,rdma,Gemini Expansion Additions,• Command name: rdma • Short description: RDMA tool for InfiniBand and RoCE. • Category: Networking,rdma,21366,449,runtime/knowledge/source/linux_master_library_v1.pdf,GEMINI_EXPANSION,candidate,,,,high
numactl,numactl,numactl,Gemini Expansion Additions,• Command name: numactl • Short description: Controls NUMA policy for processes. • Category: Processes,numactl,21379,449,runtime/knowledge/source/linux_master_library_v1.pdf,GEMINI_EXPANSION,candidate,,,,high
perf,perf,perf,Gemini Expansion Additions,• Command name: perf • Short description: Linux profiling with performance counters. • Category: Processes,perf,21398,450,runtime/knowledge/source/linux_master_library_v1.pdf,GEMINI_EXPANSION,candidate,,,,high
binwalk,binwalk,binwalk,Gemini Expansion Additions,• Command name: binwalk • Short description: Firmware analysis tool. • Category: Security,binwalk,21411,450,runtime/knowledge/source/linux_master_library_v1.pdf,GEMINI_EXPANSION,candidate,,,,high
bpftool,bpftool,bpftool,Gemini Expansion Additions,• Command name: bpftool • Short description: Inspection and manipulation of eBPF programs and maps. • Category: Security,bpftool,21423,450,runtime/knowledge/source/linux_master_library_v1.pdf,GEMINI_EXPANSION,candidate,,,,high
bpftrace,bpftrace,bpftrace,Gemini Expansion Additions,• Command name: bpftrace • Short description: High-level tracing language for Linux eBPF. • Category: Security,bpftrace,21435,450,runtime/knowledge/source/linux_master_library_v1.pdf,GEMINI_EXPANSION,candidate,,,,high
foremost,foremost,foremost,Gemini Expansion Additions,• Command name: foremost • Short description: Console program to recover files based on headers/footers. • Category: Security,foremost,21454,451,runtime/knowledge/source/linux_master_library_v1.pdf,GEMINI_EXPANSION,candidate,,,,high
volatility,volatility,volatility,Gemini Expansion Additions,• Command name: volatility • Short description: Advanced memory forensics framework. • Category: Security,volatility,21466,451,runtime/knowledge/source/linux_master_library_v1.pdf,GEMINI_EXPANSION,candidate,,,,high
btrfs-balance,btrfs-balance,btrfs-balance,Gemini Expansion Additions,• Command name: btrfs-balance • Short description: Balances block groups across devices. • Category: Storage,btrfs-balance,21479,451,runtime/knowledge/source/linux_master_library_v1.pdf,GEMINI_EXPANSION,candidate,,,,high
btrfs-scrub,btrfs-scrub,btrfs-scrub,Gemini Expansion Additions,• Command name: btrfs-scrub • Short description: Reads all data and metadata on a Btrfs filesystem to verify checksums. • Category: Storage,btrfs-scrub,21491,451,runtime/knowledge/source/linux_master_library_v1.pdf,GEMINI_EXPANSION,candidate,,,,high
ddrescue,ddrescue,ddrescue,Gemini Expansion Additions,• Command name: ddrescue • Short description: Data recovery tool for failing block devices. • Category: Storage,ddrescue,21507,452,runtime/knowledge/source/linux_master_library_v1.pdf,GEMINI_EXPANSION,candidate,,,,high
dmidecode,dmidecode,dmidecode,Gemini Expansion Additions,• Command name: dmidecode • Short description: Dumps computer’s DMI (SMBIOS) table. • Category: Storage,dmidecode,21520,452,runtime/knowledge/source/linux_master_library_v1.pdf,GEMINI_EXPANSION,candidate,,,,high
ipmitool,ipmitool,ipmitool,Gemini Expansion Additions,• Command name: ipmitool • Short description: Utility for IPMI control. • Category: Storage,ipmitool,21533,452,runtime/knowledge/source/linux_master_library_v1.pdf,GEMINI_EXPANSION,candidate,,,,high
nvme-cli,nvme-cli,nvme-cli,Gemini Expansion Additions,• Command name: nvme-cli • Short description: NVM-Express user space tooling. • Category: Storage,nvme-cli,21545,452,runtime/knowledge/source/linux_master_library_v1.pdf,GEMINI_EXPANSION,candidate,,,,high
zdb,zdb,zdb,Gemini Expansion Additions,• Command name: zdb • Short description: ZFS debugger. • Category: Storage,zdb,21562,453,runtime/knowledge/source/linux_master_library_v1.pdf,GEMINI_EXPANSION,candidate,,,,high
zfs,zfs,zfs,Gemini Expansion Additions,• Command name: zfs • Short description: Configures ZFS datasets. • Category: Storage,zfs,21575,453,runtime/knowledge/source/linux_master_library_v1.pdf,GEMINI_EXPANSION,candidate,,,,high
zpool,zpool,zpool,Gemini Expansion Additions,• Command name: zpool • Short description: Configures ZFS storage pools. • Category: Storage,zpool,21587,453,runtime/knowledge/source/linux_master_library_v1.pdf,GEMINI_EXPANSION,candidate,,,,high
